/*
SQLyog Ultimate v12.08 (64 bit)
MySQL - 5.7.26 : Database - rabbit-v2
*********************************************************************
*/

/*!40101 SET NAMES utf8 */;

/*!40101 SET SQL_MODE=''*/;

/*!40014 SET @OLD_UNIQUE_CHECKS=@@UNIQUE_CHECKS, UNIQUE_CHECKS=0 */;
/*!40014 SET @OLD_FOREIGN_KEY_CHECKS=@@FOREIGN_KEY_CHECKS, FOREIGN_KEY_CHECKS=0 */;
/*!40101 SET @OLD_SQL_MODE=@@SQL_MODE, SQL_MODE='NO_AUTO_VALUE_ON_ZERO' */;
/*!40111 SET @OLD_SQL_NOTES=@@SQL_NOTES, SQL_NOTES=0 */;
/*Table structure for table `device` */

DROP TABLE IF EXISTS `device`;

CREATE TABLE `device` (
  `id` varchar(100) NOT NULL COMMENT '设备id',
  `name` varchar(100) DEFAULT NULL COMMENT '设备名',
  `agent_ip` varchar(50) DEFAULT NULL COMMENT '设备所在的agent的ip',
  `agent_port` int(11) DEFAULT NULL COMMENT '设备所在的agent的端口',
  `system_version` varchar(50) DEFAULT NULL COMMENT '设备系统版本',
  `cpu_info` varchar(50) DEFAULT NULL COMMENT 'cpu信息',
  `mem_size` varchar(50) DEFAULT NULL COMMENT '内存大小：GB',
  `screen_width` int(11) DEFAULT NULL COMMENT '屏幕宽（像素）',
  `screen_height` int(11) DEFAULT NULL COMMENT '屏幕高（像素）',
  `img_path` varchar(255) DEFAULT NULL COMMENT '服务端保存的文件路径',
  `platform` int(4) DEFAULT NULL COMMENT '平台：1.android  2.ios',
  `status` int(4) DEFAULT NULL COMMENT '设备状态：0.离线 1.使用中 2.空闲',
  `last_online_time` datetime DEFAULT NULL COMMENT '最近一次在线时间',
  `last_offline_time` datetime DEFAULT NULL COMMENT '最近一次离线时间',
  `username` varchar(100) DEFAULT NULL COMMENT '使用人',
  `create_time` datetime DEFAULT NULL COMMENT '创建时间',
  PRIMARY KEY (`id`)
) ENGINE=InnoDB DEFAULT CHARSET=utf8mb4 COMMENT='设备表';

/*Data for the table `device` */

insert  into `device`(`id`,`name`,`agent_ip`,`agent_port`,`system_version`,`cpu_info`,`mem_size`,`screen_width`,`screen_height`,`img_path`,`platform`,`status`,`last_online_time`,`last_offline_time`,`username`,`create_time`) values ('192.168.112.104:5555','[Android] Google Pixel 2','127.0.0.1',8879,'8.0',NULL,'4.0 GB',1080,1920,'App/img/35e2e9fa4eda47dcbc5d76fbba83f78b.png',1,0,'2020-03-25 11:17:53','2020-03-25 11:50:50','admin','2020-03-25 11:17:42');

/*Table structure for table `sys_code_store` */

DROP TABLE IF EXISTS `sys_code_store`;

CREATE TABLE `sys_code_store` (
  `id` bigint(10) NOT NULL AUTO_INCREMENT,
  `code` varchar(50) NOT NULL DEFAULT '',
  `create_time` timestamp NULL DEFAULT CURRENT_TIMESTAMP,
  `update_time` timestamp NULL DEFAULT CURRENT_TIMESTAMP ON UPDATE CURRENT_TIMESTAMP,
  PRIMARY KEY (`id`)
) ENGINE=InnoDB AUTO_INCREMENT=3 DEFAULT CHARSET=utf8;

/*Data for the table `sys_code_store` */

insert  into `sys_code_store`(`id`,`code`,`create_time`,`update_time`) values (2,'UI-PLAN-TEST-2019072500005','2019-06-28 17:47:22','2019-07-25 16:52:00');

/*Table structure for table `sys_dict` */

DROP TABLE IF EXISTS `sys_dict`;

CREATE TABLE `sys_dict` (
  `id` bigint(11) NOT NULL AUTO_INCREMENT,
  `key` varchar(64) NOT NULL COMMENT '字典组code',
  `name` varchar(64) NOT NULL COMMENT '字典组name',
  `is_enable` int(1) DEFAULT '1',
  `create_by` varchar(64) DEFAULT NULL,
  `create_time` timestamp NULL DEFAULT CURRENT_TIMESTAMP,
  `update_by` varchar(64) DEFAULT NULL,
  `update_time` timestamp NULL DEFAULT CURRENT_TIMESTAMP ON UPDATE CURRENT_TIMESTAMP,
  PRIMARY KEY (`id`)
) ENGINE=InnoDB AUTO_INCREMENT=24 DEFAULT CHARSET=utf8;

/*Data for the table `sys_dict` */

insert  into `sys_dict`(`id`,`key`,`name`,`is_enable`,`create_by`,`create_time`,`update_by`,`update_time`) values (2,'browserType','浏览器类型',NULL,'admin','2019-03-15 09:25:29','admin','2019-06-17 11:20:57'),(5,'uiAction','常用操作',NULL,'admin','2019-03-07 16:03:15','admin','2019-06-17 11:26:20'),(7,'uiAction1','验证操作',NULL,'admin','2019-06-17 11:18:06','admin','2019-06-17 11:18:06'),(8,'uiAction2','智能等待操作',NULL,'admin','2019-06-17 11:18:50','admin','2019-06-17 11:19:55'),(9,'uiAction3','浏览器操作',NULL,'admin','2019-06-17 11:25:31','admin','2019-06-17 11:25:31'),(10,'uiAction4','缓存变量操作',NULL,'admin','2019-06-17 11:25:56','admin','2019-06-17 11:25:56'),(11,'uiAction5','滚动条操作',NULL,'admin','2019-06-17 11:27:40','admin','2019-06-17 11:28:10'),(12,'uiAction6','文件操作',1,'admin','2019-06-17 11:28:29','admin','2019-06-17 13:40:06'),(13,'uiAction7','对Alert处理',1,'admin','2019-06-17 11:28:45','admin','2019-06-17 13:40:06'),(14,'uiAction8','特殊输入操作',1,'admin','2019-06-17 11:28:59','admin','2019-06-17 13:40:07'),(15,'uiAction9','特殊点击操作',1,'admin','2019-06-17 11:29:16','admin','2019-06-17 13:40:07'),(17,'uiAction11','数据库操作',1,'admin','2019-06-17 11:30:17','admin','2019-06-17 13:40:09'),(18,'uiAction12','业务用例操作',1,'admin','2019-12-01 09:30:51','admin','2019-12-01 09:32:41'),(19,'uiAction13','自定义',1,'admin','2019-06-17 11:30:28','admin','2019-12-01 09:32:48'),(20,'apiAction','常用操作',1,'admin','2020-02-16 10:44:26','admin','2020-02-16 10:44:26'),(21,'apiAction1','数据库操作',1,'admin','2020-02-16 10:49:59','admin','2020-02-16 10:49:59'),(22,'apiAction2','文件操作',1,'admin','2020-02-16 10:50:12','admin','2020-02-16 10:50:12'),(23,'apiAction3','自定义',1,'admin','2020-02-16 10:50:39','admin','2020-02-16 10:52:02');

/*Table structure for table `sys_dict_value` */

DROP TABLE IF EXISTS `sys_dict_value`;

CREATE TABLE `sys_dict_value` (
  `id` bigint(11) NOT NULL AUTO_INCREMENT,
  `dict_id` bigint(11) NOT NULL,
  `key` varchar(64) DEFAULT NULL COMMENT '字典code',
  `name` varchar(64) DEFAULT NULL COMMENT '字典name',
  `remark` text COMMENT '备注',
  `remark2` text COMMENT '备注2',
  `is_enable` int(2) DEFAULT NULL COMMENT '状态 1启用 0失效',
  `create_by` varchar(64) DEFAULT NULL,
  `create_time` timestamp NULL DEFAULT CURRENT_TIMESTAMP,
  `update_by` varchar(64) DEFAULT NULL,
  `update_time` timestamp NULL DEFAULT CURRENT_TIMESTAMP ON UPDATE CURRENT_TIMESTAMP,
  PRIMARY KEY (`id`)
) ENGINE=InnoDB AUTO_INCREMENT=68 DEFAULT CHARSET=utf8;

/*Data for the table `sys_dict_value` */

insert  into `sys_dict_value`(`id`,`dict_id`,`key`,`name`,`remark`,`remark2`,`is_enable`,`create_by`,`create_time`,`update_by`,`update_time`) values (4,5,'openURL','打开浏览器','描述：打开网页\n元素：必填\n操作数据：需要打开的网址',NULL,NULL,'admin','2019-03-07 18:58:22','admin','2019-06-11 14:03:17'),(5,5,'click','点击元素','描述：点击元素\n元素：必填\n操作数据：无',NULL,NULL,'admin','2019-03-07 18:58:41','admin','2019-06-16 17:13:33'),(6,5,'input','输入值','描述：向input框输入值\n元素：无\n操作数据：需要向元素输入的值',NULL,NULL,'admin','2019-03-07 18:59:16','admin','2019-05-28 21:12:48'),(7,2,'IE','IE',NULL,NULL,NULL,'admin','2019-03-15 09:26:11','admin','2019-06-17 11:40:52'),(8,2,'IE9','IE9',NULL,NULL,NULL,'admin','2019-03-15 09:26:29','admin','2019-06-17 11:40:52'),(9,2,'Firefox_v61','Firefox_v61','貌似最新版的都可以用',NULL,NULL,'admin','2019-03-15 09:26:39','admin','2019-06-17 11:40:53'),(13,2,'Chrome_v62-64','Chrome_v62-64',NULL,NULL,NULL,'admin','2019-03-15 09:27:35','admin','2019-06-17 11:40:56'),(14,2,'Chrome_v65-67','Chrome_v65-67',NULL,NULL,NULL,'admin','2019-03-15 09:27:44','admin','2019-06-17 11:40:57'),(15,2,'Chrome_v68-70','Chrome_v68-70',NULL,NULL,NULL,'admin','2019-03-15 09:27:57','admin','2019-06-17 11:40:59'),(22,5,'sleep','固定等待','描述：固定等待时间\n元素：无\n操作数据：等待的毫秒值',NULL,NULL,'admin','2019-06-18 23:19:52','admin','2019-06-18 23:19:52'),(23,18,'excBusiness','调用业务','描述：调用业务\n元素：选择业务\n操作数据：业务用例的业务参数，如果有多个用“;;”号隔开',NULL,NULL,'admin','2019-12-01 21:35:29','admin','2019-12-01 21:35:29'),(24,8,'waitForElementDisappear','等待元素是否在设定的时间内消失','描述：等待元素是否在设定的时间内消失\n元素：必填\n操作数据：等待的时间（秒）,如果不填，默认60S',NULL,NULL,'admin','2019-12-02 10:01:22','admin','2019-12-02 10:01:22'),(25,8,'waitForElementAppear','等待元素是否在设定的时间内出现','描述：等待元素是否在设定的时间内可见\n元素：必填\n操作数据：等待的时间（秒）,如果不填，默认60S',NULL,NULL,'admin','2019-12-02 10:12:02','admin','2019-12-02 10:12:02'),(26,10,'buffer','缓存元素文本','描述：把元素的文本值存入用例变量\n元素：必填\n操作数据：变量名，用来保存元素的文本值',NULL,NULL,'admin','2019-12-02 13:53:17','admin','2019-12-02 13:53:17'),(27,5,'switchToFrame','切换到iFrame','描述：切换到iFrame\n元素：必填,需要切换的iframe\n操作数据：无',NULL,NULL,'admin','2019-12-02 17:19:54','admin','2019-12-02 17:19:54'),(28,5,'selectOption','普通下拉操作','描述：select标签操作\n元素：必填，select元素标签\n操作数据：下拉的文本，或者下拉的index',NULL,NULL,'admin','2019-12-02 17:25:17','admin','2019-12-02 17:25:17'),(29,5,'switchOutOfFrame','跳出iFrame','描述：跳出iFrame\n元素：无\n操作数据：无',NULL,NULL,'admin','2019-12-02 17:28:14','admin','2019-12-02 17:28:14'),(30,5,'keyboardOption','模拟键盘操作','描述：模拟键盘操作\n元素：无\n操作数据：可选值\n---Enter表示：手动按下回车键\n---Delete表示：手动按下删除键\n---Backspace表示：手动按下空格键\n---Tab表示：手动按下Tab键\n---其他（Shift；Ctrl；Alt；Esc；F2 。。。）\n---Copy表示：手动按下Ctrl + C\n---Paste表示：手动按下Ctrl + V\n---SelectAll表示：手动按下Ctrl + A',NULL,NULL,'admin','2019-12-02 17:46:24','admin','2019-12-02 17:46:24'),(31,13,'acceptAlert','确认alert','描述：确认alert\n元素：无\n操作数据：无',NULL,NULL,'admin','2019-12-02 18:10:47','admin','2019-12-02 18:10:47'),(32,13,'cancelAlert','取消alert','描述：取消alert\n元素：无\n操作数据：无',NULL,NULL,'admin','2019-12-02 18:11:10','admin','2019-12-02 18:11:10'),(33,5,'excJs','执行JS代码','描述：执行JS代码\n元素：无\n操作数据：需要执行的JS代码',NULL,NULL,'admin','2019-12-02 18:25:21','admin','2019-12-02 18:25:21'),(34,7,'verifyTextEqual','验证元素文本是否相同','描述：验证元素文本是否与期望相同\n元素：必填\n操作数据：与元素文本对比的数据',NULL,NULL,'admin','2019-12-02 20:16:25','admin','2019-12-02 20:16:25'),(35,7,'verifyTextNotEqual','验证元素文本是否不同','描述：验证元素文本是否与期望不相同\n元素：必填\n操作数据：与元素文本对比的数据',NULL,NULL,'admin','2019-12-02 20:18:59','admin','2019-12-02 20:18:59'),(36,7,'verifyIsEnabled','验证元素是否可用','描述：验证元素是否可用\n元素：必填\n操作数据：期望元素是否可见；可选值（true;false）',NULL,NULL,'admin','2019-12-02 20:25:37','admin','2019-12-02 20:25:37'),(37,7,'verifyCompareEqual','验证两个值是否相同','描述：验证两个值是否相同\n元素：无\n操作数据：格式（值1;;值2）',NULL,NULL,'admin','2019-12-02 20:32:56','admin','2019-12-02 20:32:56'),(38,7,'verifyElementAttribute','验证元素属性','描述：验证元素属性是否和预期相同\n元素：必填\n操作数据：想要验证的元素的 属性 和 属性值\n---格式： 属性;;属性值\n---例子：id;;su',NULL,NULL,'admin','2019-12-02 20:43:00','admin','2019-12-02 20:43:00'),(39,9,'openNewTabToURL','打开新的窗口','描述：打开新的浏览器窗口，并跳转到url\n元素：无\n操作数据：需要跳转的url',NULL,NULL,'admin','2019-12-02 20:57:12','admin','2019-12-02 20:57:12'),(40,9,'switchToWindowByURL','根据url切换窗口','描述：切换到指定url的浏览器窗口\n元素：无\n操作数据：切换目的窗口的url',NULL,NULL,'admin','2019-12-02 20:59:37','admin','2019-12-02 20:59:37'),(41,9,'switchToWindowByTitle','根据Title切换窗口','描述：切换到指定Title的浏览器窗口\n元素：无\n操作数据：切换目的窗口的Title',NULL,NULL,'admin','2019-12-02 21:02:17','admin','2019-12-02 21:02:17'),(42,9,'switchToWindowByNO','切换第N个窗口','描述：切换第N个窗口\n元素：无\n操作数据：你所需要切换到第N个窗口\n---例子：1 （切换到第1个窗口）',NULL,NULL,'admin','2019-12-02 21:19:54','admin','2019-12-02 21:19:54'),(43,9,'refreshWindow','刷新浏览器','描述：刷新浏览器\n元素：无\n操作数据：无',NULL,NULL,'admin','2019-12-02 21:24:54','admin','2019-12-02 21:24:54'),(44,9,'closeCurrentWindow','关闭当前窗口','描述：关闭当前窗口\n元素：无\n操作数据：无',NULL,NULL,'admin','2019-12-02 21:28:00','admin','2019-12-02 21:28:00'),(45,5,'selectOptionByValue','通过value选择下拉','描述：select标签操作\n元素：必填，select元素标签\n操作数据：下拉元素的value属性值（非文本值），或者下拉的index',NULL,NULL,'admin','2019-12-02 21:54:06','admin','2020-03-04 20:01:43'),(46,18,'excBusinessByExample','是否调用业务','描述：根据条件调用业务\n元素：选择业务\n操作数据：条件;;业务用例的业务参数，如果有多个用“;;”号隔开\n--例子：${orderFlag}==1;;admin;;admin\n--解释： 变量 orderFlag的值为1时 执行这个 业务流\n\n--例子：${orderFlag}!=1;;admin;;admin\n--解释： 变量 orderFlag的值不等于1时，执行这个 业务流',NULL,NULL,'admin','2019-12-03 09:08:37','admin','2019-12-03 09:08:37'),(47,17,'runSQL','执行Sql','描述：执行sql\n元素：执行sql的数据库\n操作数据：需要执行的sql',NULL,NULL,'admin','2019-12-03 15:26:28','admin','2019-12-03 15:26:28'),(48,17,'runQuerySQL','执行查询Sql','描述：执行查询Sql，如果查询的有数据，会把查询出\n的数据的第一行 放入用例变量\n元素：执行sql的数据库\n操作数据：需要执行的sql',NULL,NULL,'admin','2019-12-03 15:58:12','admin','2019-12-03 15:58:12'),(49,17,'runUpdateSQL','执行UpdateSQL','描述：UpdateSQL\n元素：执行sql的数据库\n操作数据：需要执行的sql',NULL,NULL,'admin','2019-12-03 15:58:39','admin','2019-12-03 15:58:39'),(50,10,'bufferString','缓存字符串','描述：把字符串存入用例变量\n元素：必填\n操作数据：变量名；；需要存入的字符串\n例子：url;;http://www.baidu.com',NULL,NULL,'admin','2019-12-06 09:48:32','admin','2019-12-06 09:48:32'),(51,19,'openBaidu','打开百度页面','描述：执行我就报错\n元素：无\n操作数据：无','import org.openqa.selenium.WebDriver;\n\nimport java.util.Map;\n\npublic class TestStingToCode {\n    /**\n     * @param driver   浏览器驱动\n     * @param byString 定位方式  byid和byvalue用英文字符“;;”隔开\n     * @param data     操作的数据\n     * @param vars     内置用例变量\n     * @return 返回 Result.fail(String msg),Result.success(String msg),断言此关键字是否通过\n     */\n    public static Object run(WebDriver driver, String byString, String data, Map vars) throws Exception {\n        try {\n            driver.get(\"https://www.baidu.com/\");\n            //编写执行内容，并进行断言\n            return Result.success(\"打开了百度页面！\");\n        } catch (Exception e) {\n            //失败的时候断言\n            return Result.fail(\"打开百度页面失败！\");\n        }\n    }\n}\n',NULL,NULL,NULL,'admin',NULL),(52,13,'getAlertTextEques','比较alert的值','描述：比较alert的值，并关闭alert\n元素：无\n操作数据：alert的预期值',NULL,NULL,'admin','2019-12-13 17:50:47','admin','2019-12-13 17:50:47'),(53,12,'sendUploadFile','上传文件','描述：上传文件，当input标签的type是等于file的时候可使用\n元素：必填，定位到input标签\n操作数据：当前用例的文件名称',NULL,NULL,'admin','2019-12-25 11:39:35','admin','2019-12-25 11:39:35'),(54,12,'selectUploadFile','选择文件上传','	\n描述：上传文件，当input标签的type是不等于file的时候可\n使用\n元素：必填，定位到input标签\n操作数据：当前用例的文件名称',NULL,NULL,'admin','2019-12-25 11:40:05','admin','2019-12-25 11:40:05'),(55,10,'bufferInputValue','缓存Input文本','描述：把input元素的文本值存入用例变量\n元素：必填\n操作数据：变量名，用来保存元素的文本值',NULL,NULL,'admin','2020-01-06 12:43:22','admin','2020-01-06 12:43:22'),(56,14,'inputJsValue','给input框赋值','描述：使用js给input框赋值\n元素：需要赋值的input框，定位方式必需是cssselector\n操作数据：需要赋值的数据',NULL,NULL,'admin','2020-01-15 20:21:46','admin','2020-01-15 20:21:46'),(60,20,'bufferDate','缓存当前日期','详细描述：缓存当前日期\n数据库：无\n参数：变量名;;时间格式\n例子：\n----newDate;;yyyy-MM-dd HH:mm:ss\n----将当前日期按格式yyyy-MM-dd HH:mm:ss存入变量newDate',NULL,NULL,'admin','2020-02-16 11:28:07','admin','2020-02-16 11:28:07'),(61,5,'mouseAction','鼠标操作','描述：鼠标操作\n可选值：\n--功能：双击某个元素 \n   元素：需要操作的元素\n   操作数据：DoubleClick\n--功能：右击某个元素 \n   元素：需要操作的元素\n   操作数据：RightClick\n--功能：移动到某个元素 \n   元素：需要操作的元素\n   操作数据：MoveToElement\n--功能：左击某个元素 \n   元素：需要操作的元素\n   操作数据：LeftClick\n--功能：拖动元素到指定坐标 \n   元素：需要操作的元素\n   操作数据：DragElement;;56;;78\n',NULL,NULL,'admin','2020-02-17 14:09:09','admin','2020-02-17 14:09:09'),(63,10,'getSpecialString','获取随机数','描述：将随机数存入变量\n可选值：\n--功能：根据正则生成随机数存入变量\n   元素：无\n   操作数据：reg;;正则表达式;;变量名\n--功能：生成md5存入变量\n   元素：无\n   操作数据：md5;;需要加密的字符串;;变量名',NULL,NULL,'admin','2020-03-04 12:29:31','admin','2020-03-04 12:29:31'),(64,2,'Chrome_v71-73','Chrome_v71-73','',NULL,NULL,'admin','2020-03-05 10:29:42','admin','2020-03-06 09:07:35'),(65,2,'Chrome_customer','Chrome_customer','Chrome自动义驱动，如果驱动未及时更新，可以手动将下\n载好的驱动替换到client端的\nlibs/webDiver/chromedriver_customer目录下',NULL,NULL,'admin','2020-03-06 09:07:13','admin','2020-03-06 09:37:50'),(66,10,'bufferElementSize','缓存子元素个数','描述：把元素的子元素个数存入用例变量\n元素：必填\n操作数据：变量名，用来保存元素的子元素个数',NULL,NULL,'admin','2020-03-20 09:15:29','admin','2020-03-20 09:39:05'),(67,14,'elSelectOptionByText','EL下拉操作','描述：操作element-ui的下拉组件\n元素：下拉元素的框，定位到el-select\n操作数据：选择的下拉文本，如果是多选用\";;\"号隔开',NULL,NULL,'admin','2020-03-25 14:30:23','admin','2020-03-25 15:26:28');

/*Table structure for table `sys_job` */

DROP TABLE IF EXISTS `sys_job`;

CREATE TABLE `sys_job` (
  `job_id` int(11) NOT NULL AUTO_INCREMENT COMMENT '任务ID',
  `job_name` varchar(64) NOT NULL DEFAULT '' COMMENT '任务名称',
  `job_group` varchar(64) NOT NULL DEFAULT '' COMMENT '任务组名',
  `project_id` bigint(11) DEFAULT '0',
  `method_name` varchar(500) DEFAULT '' COMMENT '任务方法',
  `method_params` text COMMENT '方法参数',
  `cron_expression` varchar(255) DEFAULT '' COMMENT 'cron执行表达式',
  `misfire_policy` varchar(20) DEFAULT '3' COMMENT '计划执行错误策略（1立即执行 2执行一次 3放弃执行）',
  `status` char(1) DEFAULT '0' COMMENT '状态（0正常 1暂停）',
  `create_by` varchar(64) DEFAULT '' COMMENT '创建者',
  `create_time` datetime DEFAULT NULL COMMENT '创建时间',
  `job_type` int(11) DEFAULT '0' COMMENT '任务类型（任务类型0系统 1 UI自动化 2 APP自动化 3接口自动化 4 UI自动化新）',
  `update_by` varchar(64) DEFAULT '' COMMENT '更新者',
  `update_time` datetime DEFAULT NULL COMMENT '更新时间',
  `remark` varchar(500) DEFAULT '' COMMENT '备注信息',
  PRIMARY KEY (`job_id`)
) ENGINE=InnoDB AUTO_INCREMENT=134 DEFAULT CHARSET=utf8 COMMENT='定时任务调度表';

/*Data for the table `sys_job` */

insert  into `sys_job`(`job_id`,`job_name`,`job_group`,`project_id`,`method_name`,`method_params`,`cron_expression`,`misfire_policy`,`status`,`create_by`,`create_time`,`job_type`,`update_by`,`update_time`,`remark`) values (1,'ryTask','系统默认（无参）-测试客户端',0,'ryNoParams','','0 15 10 ? * MON','0','1','admin','2018-03-16 11:33:00',0,'admin','2019-12-26 13:45:39',''),(2,'ryTask','系统默认（有参）',0,'ryParams','ry','0 15 10 ? * MON','0','1','admin','2018-03-16 11:33:00',0,'admin','2019-12-26 13:45:51',''),(100,'ryTask','测试一下',0,'ryParams','TEST','0 15 10 ? * MON','0','1','admin','2019-02-22 11:16:46',0,'admin','2019-02-28 09:04:26','测试备注1'),(127,'autoTestNewTask','第一个新任务',1,'uiTest','{\"browserType\":\"Chrome_v68-70\",\"clientId\":14,\"isSendEmail\":1,\"receivers\":\"\"}','0 15 10 ? * MON','0','1','admin','2019-11-23 19:18:47',4,'admin','2020-03-06 09:29:34','备注'),(128,'autoTestNewTask','调试任务',1,'uiTest','{\"browserType\":\"Chrome_v66-67\",\"clientId\":14,\"isSendEmail\":0,\"receivers\":\"\"}','0 15 10 ? * MON','0','1','admin','2019-12-03 15:43:25',4,'admin','2019-12-13 14:07:31',''),(133,'autoTestNewTask','新建一个任务',1,'apiTest','{\"browserType\":\"IE\",\"clientId\":14,\"envId\":-1,\"isSendEmail\":0,\"receivers\":\"\"}','* * * ? * FRI *','0','1','admin','2020-03-01 13:23:07',3,'admin','2020-03-17 11:24:42','134123434');

/*Table structure for table `sys_job_log` */

DROP TABLE IF EXISTS `sys_job_log`;

CREATE TABLE `sys_job_log` (
  `job_log_id` int(11) NOT NULL AUTO_INCREMENT COMMENT '任务日志ID',
  `job_id` int(11) DEFAULT NULL COMMENT '任务ID',
  `job_name` varchar(64) NOT NULL COMMENT '任务名称',
  `job_group` varchar(64) NOT NULL COMMENT '任务组名',
  `method_name` varchar(500) DEFAULT NULL COMMENT '任务方法',
  `method_params` text COMMENT '方法参数',
  `job_message` varchar(500) DEFAULT NULL COMMENT '日志信息',
  `status` char(1) DEFAULT '0' COMMENT '执行状态（0正常 1失败）',
  `exception_info` varchar(2000) DEFAULT '' COMMENT '异常信息',
  `create_time` datetime DEFAULT NULL COMMENT '创建时间',
  PRIMARY KEY (`job_log_id`)
) ENGINE=InnoDB AUTO_INCREMENT=23 DEFAULT CHARSET=utf8 COMMENT='定时任务调度日志表';

/*Data for the table `sys_job_log` */

insert  into `sys_job_log`(`job_log_id`,`job_id`,`job_name`,`job_group`,`method_name`,`method_params`,`job_message`,`status`,`exception_info`,`create_time`) values (1,129,'autoTestNewTask','接口任务','apiTest','{\"browserType\":\"IE\",\"clientId\":14,\"envId\":-1,\"isSendEmail\":0,\"receivers\":\"\"}','autoTestNewTask 总共耗时：1秒','0','','2020-02-28 16:37:18'),(2,129,'autoTestNewTask','接口任务','apiTest','{\"browserType\":\"IE\",\"clientId\":14,\"envId\":-1,\"isSendEmail\":0,\"receivers\":\"\"}','autoTestNewTask 总共耗时：3秒','0','','2020-02-28 16:41:34'),(3,129,'autoTestNewTask','接口任务','apiTest','{\"browserType\":\"IE\",\"clientId\":14,\"envId\":-1,\"isSendEmail\":0,\"receivers\":\"\"}','autoTestNewTask 总共耗时：10秒','0','','2020-02-28 16:43:42'),(4,129,'autoTestNewTask','接口任务','apiTest','{\"browserType\":\"IE\",\"clientId\":14,\"envId\":-1,\"isSendEmail\":0,\"receivers\":\"\"}','autoTestNewTask 总共耗时：1秒','0','','2020-02-28 17:20:08'),(5,129,'autoTestNewTask','接口任务','apiTest','{\"browserType\":\"IE\",\"clientId\":14,\"envId\":-1,\"isSendEmail\":0,\"receivers\":\"\"}','autoTestNewTask 总共耗时：1秒','0','','2020-02-28 17:32:28'),(6,129,'autoTestNewTask','接口任务','apiTest','{\"browserType\":\"IE\",\"clientId\":14,\"envId\":-1,\"isSendEmail\":0,\"receivers\":\"\"}','autoTestNewTask 总共耗时：2秒','0','','2020-02-28 17:35:58'),(7,129,'autoTestNewTask','接口任务','apiTest','{\"browserType\":\"IE\",\"clientId\":14,\"envId\":-1,\"isSendEmail\":0,\"receivers\":\"\"}','autoTestNewTask 总共耗时：1589毫秒','1','java.lang.reflect.InvocationTargetException','2020-02-28 20:09:59'),(8,129,'autoTestNewTask','接口任务','apiTest','{\"browserType\":\"IE\",\"clientId\":14,\"envId\":-1,\"isSendEmail\":0,\"receivers\":\"\"}','autoTestNewTask 总共耗时：1992毫秒','1','java.lang.reflect.InvocationTargetException','2020-02-28 20:15:21'),(9,129,'autoTestNewTask','接口任务','apiTest','{\"browserType\":\"IE\",\"clientId\":14,\"envId\":-1,\"isSendEmail\":0,\"receivers\":\"\"}','autoTestNewTask 总共耗时：0秒','0','','2020-02-28 20:16:59'),(10,129,'autoTestNewTask','接口任务','apiTest','{\"browserType\":\"IE\",\"clientId\":14,\"envId\":-1,\"isSendEmail\":0,\"receivers\":\"\"}','autoTestNewTask 总共耗时：0秒','0','','2020-02-28 20:20:02'),(11,129,'autoTestNewTask','接口任务','apiTest','{\"browserType\":\"IE\",\"clientId\":14,\"envId\":-1,\"isSendEmail\":0,\"receivers\":\"\"}','autoTestNewTask 总共耗时：1秒','0','','2020-02-28 20:29:56'),(12,129,'autoTestNewTask','接口任务','apiTest','{\"browserType\":\"IE\",\"clientId\":14,\"envId\":-1,\"isSendEmail\":0,\"receivers\":\"\"}','autoTestNewTask 总共耗时：0秒','0','','2020-02-28 20:32:29'),(13,129,'autoTestNewTask','接口任务','apiTest','{\"browserType\":\"IE\",\"clientId\":14,\"envId\":-1,\"isSendEmail\":0,\"receivers\":\"\"}','autoTestNewTask 总共耗时：3秒','0','','2020-02-29 18:49:38'),(14,129,'autoTestNewTask','接口任务','apiTest','{\"browserType\":\"IE\",\"clientId\":14,\"envId\":-1,\"isSendEmail\":0,\"receivers\":\"\"}','autoTestNewTask 总共耗时：1秒','0','','2020-02-29 19:08:34'),(15,129,'autoTestNewTask','接口任务','apiTest','{\"browserType\":\"IE\",\"clientId\":14,\"envId\":-1,\"isSendEmail\":0,\"receivers\":\"\"}','autoTestNewTask 总共耗时：1秒','0','','2020-02-29 19:10:41'),(16,129,'autoTestNewTask','接口任务','apiTest','{\"browserType\":\"IE\",\"clientId\":14,\"envId\":-1,\"isSendEmail\":0,\"receivers\":\"\"}','autoTestNewTask 总共耗时：0秒','0','','2020-02-29 19:11:20'),(17,129,'autoTestNewTask','接口任务','apiTest','{\"browserType\":\"IE\",\"clientId\":14,\"envId\":-1,\"isSendEmail\":0,\"receivers\":\"\"}','autoTestNewTask 总共耗时：1秒','0','','2020-03-01 12:03:22'),(18,133,'autoTestNewTask','新建一个任务','apiTest','{\"browserType\":\"IE\",\"clientId\":14,\"envId\":-1,\"isSendEmail\":0,\"receivers\":\"\"}','autoTestNewTask 总共耗时：1秒','0','','2020-03-01 13:23:16'),(19,133,'autoTestNewTask','新建一个任务','apiTest','{\"browserType\":\"IE\",\"clientId\":14,\"envId\":-1,\"isSendEmail\":0,\"receivers\":\"\"}','autoTestNewTask 总共耗时：0秒','0','','2020-03-02 14:44:42'),(20,133,'autoTestNewTask','新建一个任务','apiTest','{\"browserType\":\"IE\",\"clientId\":14,\"envId\":-1,\"isSendEmail\":0,\"receivers\":\"\"}','autoTestNewTask 总共耗时：4秒','0','','2020-03-03 17:48:48'),(21,127,'autoTestNewTask','第一个新任务','uiTest','{\"browserType\":\"Chrome_v68-70\",\"clientId\":14,\"isSendEmail\":1,\"receivers\":\"\"}','autoTestNewTask 总共耗时：33秒','0','','2020-03-06 09:30:11'),(22,133,'autoTestNewTask','新建一个任务','apiTest','{\"browserType\":\"IE\",\"clientId\":14,\"envId\":-1,\"isSendEmail\":0,\"receivers\":\"\"}','autoTestNewTask 总共耗时：2秒','0','','2020-03-11 11:31:13');

/*Table structure for table `sys_logs` */

DROP TABLE IF EXISTS `sys_logs`;

CREATE TABLE `sys_logs` (
  `id` int(11) NOT NULL AUTO_INCREMENT,
  `userId` int(11) NOT NULL,
  `module` varchar(50) DEFAULT NULL COMMENT '模块名',
  `flag` tinyint(4) NOT NULL DEFAULT '1' COMMENT '成功失败',
  `remark` text COMMENT '备注',
  `createTime` datetime NOT NULL,
  PRIMARY KEY (`id`),
  KEY `userId` (`userId`),
  KEY `createTime` (`createTime`)
) ENGINE=InnoDB AUTO_INCREMENT=84 DEFAULT CHARSET=utf8mb4;

/*Data for the table `sys_logs` */

insert  into `sys_logs`(`id`,`userId`,`module`,`flag`,`remark`,`createTime`) values (1,1,'退出',1,NULL,'2020-02-20 20:05:27'),(2,1,'登陆',1,NULL,'2020-02-20 20:05:29'),(3,1,'退出',1,NULL,'2020-02-21 13:39:35'),(4,1,'登陆',1,NULL,'2020-02-21 13:39:36'),(5,1,'退出',1,NULL,'2020-02-21 14:50:18'),(6,1,'登陆',1,NULL,'2020-02-21 14:50:20'),(7,1,'登陆',1,NULL,'2020-02-22 17:19:42'),(8,1,'登陆',1,NULL,'2020-02-23 18:05:36'),(9,1,'退出',1,NULL,'2020-02-24 14:00:10'),(10,1,'登陆',1,NULL,'2020-02-24 14:00:11'),(11,1,'登陆',1,NULL,'2020-02-25 14:13:15'),(12,1,'退出',1,NULL,'2020-02-25 20:24:47'),(13,1,'登陆',1,NULL,'2020-02-25 20:24:48'),(14,1,'退出',1,NULL,'2020-02-26 13:59:22'),(15,1,'登陆',1,NULL,'2020-02-26 13:59:24'),(16,1,'退出',1,NULL,'2020-02-27 16:24:23'),(17,1,'登陆',1,NULL,'2020-02-27 16:35:34'),(18,1,'退出',1,NULL,'2020-02-27 16:37:40'),(19,1,'登陆',1,NULL,'2020-02-27 16:42:32'),(20,1,'退出',1,NULL,'2020-02-27 16:42:42'),(21,1,'登陆',1,NULL,'2020-02-27 16:42:46'),(22,1,'退出',1,NULL,'2020-02-27 16:47:08'),(23,1,'登陆',1,NULL,'2020-02-27 16:47:16'),(24,1,'退出',1,NULL,'2020-02-27 17:04:30'),(25,1,'登陆',1,NULL,'2020-02-27 17:05:04'),(26,1,'退出',1,NULL,'2020-02-27 18:16:12'),(27,1,'登陆',1,NULL,'2020-02-27 18:16:17'),(28,1,'退出',1,NULL,'2020-02-27 19:11:17'),(29,1,'登陆',1,NULL,'2020-02-27 19:11:40'),(30,1,'登陆',1,NULL,'2020-02-28 20:09:51'),(31,1,'退出',1,NULL,'2020-02-28 20:56:19'),(32,1,'登陆',1,NULL,'2020-02-28 20:56:21'),(33,1,'退出',1,NULL,'2020-02-28 20:59:45'),(34,1,'登陆',1,NULL,'2020-02-28 20:59:51'),(35,1,'退出',1,NULL,'2020-02-28 21:06:34'),(36,1,'登陆',1,NULL,'2020-02-28 21:07:23'),(37,1,'登陆',1,NULL,'2020-02-29 11:44:30'),(38,1,'退出',1,NULL,'2020-02-29 11:44:33'),(39,1,'登陆',1,NULL,'2020-02-29 11:44:37'),(40,1,'登陆',1,NULL,'2020-03-01 11:57:18'),(41,1,'登陆',1,NULL,'2020-03-02 12:18:38'),(42,1,'登陆',1,NULL,'2020-03-02 21:33:14'),(43,1,'登陆',1,NULL,'2020-03-03 11:02:11'),(44,1,'退出',1,NULL,'2020-03-03 12:19:18'),(45,1,'登陆',1,NULL,'2020-03-03 12:22:20'),(46,1,'退出',1,NULL,'2020-03-03 12:25:38'),(47,1,'登陆',1,NULL,'2020-03-03 12:25:45'),(48,1,'退出',1,NULL,'2020-03-03 12:25:48'),(49,1,'登陆',1,NULL,'2020-03-03 12:25:51'),(50,1,'退出',1,NULL,'2020-03-03 12:41:37'),(51,1,'登陆',1,NULL,'2020-03-03 12:41:48'),(52,1,'登陆',1,NULL,'2020-03-04 12:02:45'),(53,1,'登陆',1,NULL,'2020-03-05 13:49:19'),(54,1,'退出',1,NULL,'2020-03-06 09:10:35'),(55,1,'登陆',1,NULL,'2020-03-06 09:10:37'),(56,1,'登陆',1,NULL,'2020-03-06 15:34:13'),(57,1,'登陆',1,NULL,'2020-03-08 09:29:09'),(58,1,'登陆',1,NULL,'2020-03-12 09:15:17'),(59,1,'登陆',1,NULL,'2020-03-12 11:18:52'),(60,1,'登陆',1,NULL,'2020-03-13 11:31:44'),(61,1,'登陆',1,NULL,'2020-03-14 17:28:31'),(62,1,'登陆',1,NULL,'2020-03-14 21:58:19'),(63,1,'登陆',1,NULL,'2020-03-16 08:46:56'),(64,1,'退出',1,NULL,'2020-03-16 15:02:03'),(65,1,'登陆',1,NULL,'2020-03-16 15:02:10'),(66,1,'登陆',1,NULL,'2020-03-18 15:50:43'),(67,1,'退出',1,NULL,'2020-03-19 14:48:44'),(68,1,'登陆',1,NULL,'2020-03-19 14:48:46'),(69,1,'退出',1,NULL,'2020-03-19 17:02:46'),(70,1,'登陆',1,NULL,'2020-03-19 17:02:47'),(71,1,'退出',1,NULL,'2020-03-19 17:18:32'),(72,1,'登陆',1,NULL,'2020-03-19 17:18:33'),(73,1,'退出',1,NULL,'2020-03-19 21:23:23'),(74,1,'登陆',1,NULL,'2020-03-19 21:23:28'),(75,1,'退出',1,NULL,'2020-03-19 21:51:48'),(76,1,'登陆',1,NULL,'2020-03-19 21:51:50'),(77,1,'退出',1,NULL,'2020-03-19 21:51:56'),(78,1,'登陆',1,NULL,'2020-03-19 21:51:57'),(79,1,'登陆',1,NULL,'2020-03-20 21:52:20'),(80,1,'登陆',1,NULL,'2020-03-22 09:23:57'),(81,1,'登陆',1,NULL,'2020-03-23 17:52:40'),(82,1,'退出',1,NULL,'2020-03-24 21:17:42'),(83,1,'登陆',1,NULL,'2020-03-24 21:17:51');

/*Table structure for table `sys_permission` */

DROP TABLE IF EXISTS `sys_permission`;

CREATE TABLE `sys_permission` (
  `id` int(11) NOT NULL AUTO_INCREMENT,
  `parentId` int(11) NOT NULL COMMENT '父ID',
  `name` varchar(50) NOT NULL COMMENT '名称',
  `icon` varchar(30) DEFAULT NULL COMMENT '图标',
  `path` varchar(1000) DEFAULT NULL COMMENT '路由',
  `redirect` varchar(1000) DEFAULT NULL COMMENT '重定向路径',
  `active_menu` varchar(1000) DEFAULT NULL COMMENT '菜单栏高亮路径，默认为本路径',
  `type` tinyint(1) NOT NULL COMMENT '类型1 菜单 2：按钮 3：子页面',
  `permission` varchar(50) DEFAULT NULL COMMENT '权限标识',
  `sort` int(11) NOT NULL COMMENT '排序',
  `component` varchar(1000) DEFAULT NULL,
  PRIMARY KEY (`id`),
  KEY `index_parentId` (`parentId`)
) ENGINE=InnoDB AUTO_INCREMENT=125 DEFAULT CHARSET=utf8mb4;

/*Data for the table `sys_permission` */

insert  into `sys_permission`(`id`,`parentId`,`name`,`icon`,`path`,`redirect`,`active_menu`,`type`,`permission`,`sort`,`component`) values (5,0,'系统设置','config','/sysConfig',NULL,NULL,4,'sys',20,'Layout'),(6,5,'用户管理','','user',NULL,NULL,1,'add',0,'sysConfig/User'),(7,5,'角色管理','','role',NULL,NULL,1,'',1,'sysConfig/Role/role'),(8,5,'菜单管理','','page',NULL,NULL,1,'',2,'sysConfig/Page'),(13,42,'系统日志','','log',NULL,NULL,1,'',1,'sysConfig/SysLog'),(17,5,'定时任务','','task',NULL,NULL,1,'',4,'sysConfig/sysTask'),(18,5,'项目管理','','project',NULL,NULL,1,'',3,'sysConfig/Project'),(22,5,'数据字典','','dict',NULL,NULL,1,'',6,'sysConfig/sysDict'),(24,3,'UI步骤管理','','/testCases/steps/:id',NULL,NULL,3,'',0,'functions/uiTest/TestStep'),(25,0,'公共配置','peoples','/publicConfig',NULL,NULL,4,'',4,'Layout'),(27,-60,'UI自动化','ui','/uiTest',NULL,NULL,4,'',0,'Layout'),(32,27,'用例管理','','testCase','/uiTest/testCase/list',NULL,1,'',1,'uiTest/UITestCase/index'),(33,32,'用例步骤','','step',NULL,'/uiTest/testCase',5,'',1,'uiTest/UITestCase/TestStep'),(34,32,'用例列表','','list',NULL,'/uiTest/testCase',3,'',0,'uiTest/UITestCase/list'),(35,27,'业务流管理','','business','/uiTest/business/list','',1,'',2,'uiTest/UIBusiness/index'),(36,35,'业务流列表','','list','','/uiTest/business',3,'',0,'uiTest/UIBusiness/list'),(37,35,'业务流用例','','uiBusinessCase','','/uiTest/business',5,'',1,'uiTest/UIBusiness/UIBusinessCase'),(39,25,'执行机管理','','client','','',1,'',0,'publicConfig/client/client'),(40,42,'SQL监控','','/iframe/druid?http://rabbittest.xyz/public/monitor/druid','','',1,'',2,'iframe/index'),(41,42,'系统接口','','/iframe/swagger2?http://rabbittest.xyz/public/swagger-ui.html','','',1,'',3,'iframe/index'),(42,0,'系统监控','system-monitoring','/sysMonitor',NULL,NULL,4,'',21,'Layout'),(43,25,'公共参数','','globalParams','','',1,'',3,'publicConfig/globalParams/globalParams'),(49,27,'页面元素','','pageElement','/uiTest/pageElement/page','',1,'',0,'uiTest/ProjectPage/index'),(54,49,'页面列表','','page','','/uiTest/pageElement',3,'',0,'uiTest/ProjectPage/projectPage'),(55,49,'元素列表','','element','','/uiTest/pageElement',5,'',0,'uiTest/ProjectPage/PageElement/pageElement'),(56,27,'执行计划','','testPlan','/uiTest/testPlan/list','',1,'',3,'uiTest/TestPlan/index'),(57,56,'计划列表','','list','','/uiTest/testPlan',3,'',1,'uiTest/TestPlan/testPlan'),(58,56,'新增计划','','new','','/uiTest/testPlan',5,'',2,'uiTest/TestPlan/testPlan-add-or-update'),(59,56,'修改计划','','edit','','/uiTest/testPlan',5,'',3,'uiTest/TestPlan/testPlan-add-or-update'),(60,27,'测试结果','','result','/uiTest/result/plan','',1,'',4,'uiTest/PlanLog/index'),(61,60,'测试计划结果列表','','plan','','/uiTest/result',3,'',1,'uiTest/PlanLog/planList'),(62,60,'测试计划结果详情','','detail','','/uiTest/result',3,'',2,'uiTest/PlanLog/planDetail'),(63,60,'业务流结果详情','','businessDetail','','/uiTest/result',3,'',3,'uiTest/PlanLog/businessDetail'),(64,60,'用例结果详情','','caseDetail','','/uiTest/result',3,'',4,'uiTest/PlanLog/caseDetail'),(65,0,'接口自动化','interface','/apiTest',NULL,NULL,4,'',1,'Layout'),(66,0,'APP自动化','iPhone','/app',NULL,NULL,4,'',3,'Layout'),(68,66,'用例管理','','cases',NULL,NULL,1,'',0,'appTest/index'),(69,25,'测试数据库','','testDatabase','','',1,'',4,'publicConfig/testDatabase/testDatabase'),(70,0,'jmeter托管','example','/jmeter',NULL,NULL,4,'',2,'Layout'),(71,70,'脚本管理','','script','/jmeter/script/list','',1,'',0,'jmeter/script/index'),(72,71,'脚本列表','','list','','/jmeter/script',3,'',0,'jmeter/script/script'),(73,71,'新增脚本','','new','','/jmeter/script',5,'',0,'jmeter/script/script-add-or-update'),(74,71,'编辑脚本','','edit','','/jmeter/script',5,'',0,'jmeter/script/script-add-or-update'),(75,70,'任务管理','','testPlan','/jmeter/testPlan/list','',1,'',2,'jmeter/TestPlan/index'),(76,75,'任务列表','','list','','/jmeter/testPlan',3,'',1,'jmeter/TestPlan/testPlan'),(77,75,'新增任务','','new','','/jmeter/testPlan',5,'',2,'jmeter/TestPlan/testPlan-add-or-update'),(78,75,'修改任务','','edit','','/jmeter/testPlan',5,'',3,'jmeter/TestPlan/testPlan-add-or-update'),(79,25,'设备管理','','device','','',1,'',1,'publicConfig/device/device'),(81,0,'UI自动化','ui60','/uiTestNew',NULL,NULL,4,'',0,'Layout'),(82,81,'用例管理','','testCase','/uiTestNew/testCase/list',NULL,1,'',2,'uiTestNew/UITestCase/index'),(83,81,'业务管理','','business','/uiTestNew/business/list','',1,'',1,'uiTestNew/UIBusiness/index'),(84,81,'页面元素','','pageElement','/uiTestNew/pageElement/list','',1,'',0,'uiTestNew/ProjectPage/index'),(85,81,'执行计划','','testPlan','/uiTestNew/testPlan/list','',1,'',4,'uiTestNew/TestPlan/index'),(86,81,'测试结果','','result','/uiTestNew/result/plan','',1,'',5,'uiTestNew/PlanLog/index'),(87,82,'新增用例步骤','','new',NULL,'/uiTestNew/testCase',5,'',1,'uiTestNew/UITestCase/TestStep'),(88,82,'用例列表','','list',NULL,'/uiTestNew/testCase',3,'',0,'uiTestNew/UITestCase/list'),(89,83,'新增业务流','','new','','/uiTestNew/business',3,'',1,'uiTestNew/UIBusiness/TestStep'),(90,83,'编辑业务流','','edit','','/uiTestNew/business',5,'',2,'uiTestNew/UIBusiness/TestStep'),(91,84,'页面列表','','list','','/uiTestNew/pageElement',3,'',0,'uiTestNew/ProjectPage/projectPage'),(92,84,'元素列表','','element','','/uiTestNew/pageElement',5,'',0,'uiTestNew/ProjectPage/PageElement/pageElement'),(93,85,'计划列表','','list','','/uiTestNew/testPlan',3,'',1,'uiTestNew/TestPlan/testPlan'),(94,85,'新增计划','','new','','/uiTestNew/testPlan',5,'',2,'uiTestNew/TestPlan/testPlan-add-or-update'),(95,85,'修改计划','','edit','','/uiTestNew/testPlan',5,'',3,'uiTestNew/TestPlan/testPlan-add-or-update'),(96,86,'测试结果列表','','plan','','/uiTestNew/result',3,'',1,'uiTestNew/PlanLog/planList'),(97,86,'测试结果详情','','detail','','/uiTestNew/result',5,'',2,'uiTestNew/PlanLog/planDetails'),(100,82,'编辑用例步骤','','edit',NULL,'/uiTestNew/testCase',5,'',3,'uiTestNew/UITestCase/TestStep'),(101,83,'业务列表','','list',NULL,'/uiTestNew/business',3,'',0,'uiTestNew/UIBusiness/list'),(102,81,'用例集管理','','testSuite','',NULL,1,'',3,'uiTestNew/TestSuite/index'),(103,25,'自定义Ui关键字','','customerAction','/publicConfig/customerAction/list','',1,'',5,'publicConfig/customerAction/index'),(104,103,'关键字列表','','list','','/publicConfig/customerAction',3,'',1,'publicConfig/customerAction/customerAction'),(105,103,'编辑关键字','','edit','','/publicConfig/customerAction',5,'',1,'publicConfig/customerAction/customerAction-add-or-update'),(106,103,'新增关键字','','new','','/publicConfig/customerAction',5,'',1,'publicConfig/customerAction/customerAction-add-or-update'),(107,65,'接口管理','','api','',NULL,1,'',2,'apiTest/api/index'),(108,-65,'环境配置','','apiEnv','',NULL,1,'',1,'apiTest/apiEnv/index'),(109,25,'标签配置','','flag','','',1,'',6,'publicConfig/flag/flag'),(110,25,'环境配置','','env','','',1,'',7,'publicConfig/env/env'),(111,65,'用例管理','','testCase','/apiTest/testCase/list',NULL,1,'',3,'apiTest/TestCase/index'),(112,111,'用例列表','','list',NULL,'/apiTest/testCase',3,'',0,'apiTest/TestCase/list'),(113,111,'新增用例','','new',NULL,'/apiTest/testCase',5,'',1,'apiTest/TestCase/caseTabs'),(114,111,'编辑用例','','edit',NULL,'/apiTest/testCase',5,'',2,'apiTest/TestCase/caseTabs'),(116,65,'用例集管理','','testSuite','',NULL,1,'',3,'apiTest/TestSuite/index'),(117,65,'执行计划','','testPlan','/apiTest/testPlan/list','',1,'',4,'apiTest/TestPlan/index'),(118,117,'计划列表','','list','','/apiTest/testPlan',3,'',1,'apiTest/TestPlan/testPlan'),(119,117,'新增计划','','new','','/apiTest/testPlan',5,'',2,'apiTest/TestPlan/testPlan-add-or-update'),(120,117,'编辑计划','','edit','','/apiTest/testPlan',5,'',3,'apiTest/TestPlan/testPlan-add-or-update'),(121,65,'测试报告','','report','/apiTest/report/list','',1,'',5,'apiTest/report/index'),(122,121,'测试报告列表','','list','','/apiTest/report',3,'',1,'apiTest/report/planList'),(123,121,'测试报告详情','','detail','','/apiTest/report',5,'',2,'apiTest/report/planDetails'),(124,65,'接口管理(新)','','newApi','',NULL,1,'',2,'apiTest/newApi/apiTabs');

/*Table structure for table `sys_project` */

DROP TABLE IF EXISTS `sys_project`;

CREATE TABLE `sys_project` (
  `id` bigint(11) NOT NULL AUTO_INCREMENT,
  `project_name` varchar(255) NOT NULL,
  `description` varchar(255) DEFAULT NULL,
  `platform` int(4) DEFAULT '1' COMMENT '1.andorid 2.iOS',
  `create_time` timestamp NULL DEFAULT CURRENT_TIMESTAMP,
  `update_time` timestamp NULL DEFAULT CURRENT_TIMESTAMP ON UPDATE CURRENT_TIMESTAMP,
  `create_by` varchar(64) DEFAULT NULL,
  `update_by` varchar(64) DEFAULT NULL,
  PRIMARY KEY (`id`)
) ENGINE=InnoDB AUTO_INCREMENT=3 DEFAULT CHARSET=utf8;

/*Data for the table `sys_project` */

insert  into `sys_project`(`id`,`project_name`,`description`,`platform`,`create_time`,`update_time`,`create_by`,`update_by`) values (1,'项目1','测试项目1',1,'2019-02-27 15:43:00','2020-03-24 09:31:13',NULL,'admin'),(2,'项目2','测试项目2',1,'2019-02-27 15:43:15','2020-03-24 09:31:12',NULL,NULL);

/*Table structure for table `sys_role` */

DROP TABLE IF EXISTS `sys_role`;

CREATE TABLE `sys_role` (
  `id` int(11) NOT NULL AUTO_INCREMENT,
  `name` varchar(50) NOT NULL,
  `description` varchar(100) DEFAULT NULL,
  `createTime` datetime NOT NULL,
  `updateTime` datetime NOT NULL,
  PRIMARY KEY (`id`),
  UNIQUE KEY `name` (`name`)
) ENGINE=InnoDB AUTO_INCREMENT=5 DEFAULT CHARSET=utf8mb4;

/*Data for the table `sys_role` */

insert  into `sys_role`(`id`,`name`,`description`,`createTime`,`updateTime`) values (1,'admin','管理员','2017-05-01 13:25:39','2019-05-05 13:45:00'),(4,'test1','测试用户1','2019-01-30 22:27:41','2020-01-12 12:05:32');

/*Table structure for table `sys_role_permission` */

DROP TABLE IF EXISTS `sys_role_permission`;

CREATE TABLE `sys_role_permission` (
  `roleId` int(11) NOT NULL,
  `permissionId` int(11) NOT NULL,
  PRIMARY KEY (`roleId`,`permissionId`)
) ENGINE=InnoDB DEFAULT CHARSET=utf8mb4;

/*Data for the table `sys_role_permission` */

insert  into `sys_role_permission`(`roleId`,`permissionId`) values (4,65),(4,70),(4,71),(4,72),(4,73),(4,74),(4,75),(4,76),(4,77),(4,78),(4,81),(4,82),(4,83),(4,84),(4,85),(4,86),(4,87),(4,88),(4,89),(4,90),(4,91),(4,92),(4,93),(4,94),(4,95),(4,96),(4,97),(4,100),(4,101),(4,102),(4,107),(4,108);

/*Table structure for table `sys_role_user` */

DROP TABLE IF EXISTS `sys_role_user`;

CREATE TABLE `sys_role_user` (
  `userId` int(11) NOT NULL,
  `roleId` int(11) NOT NULL,
  PRIMARY KEY (`userId`,`roleId`)
) ENGINE=InnoDB DEFAULT CHARSET=utf8mb4;

/*Data for the table `sys_role_user` */

insert  into `sys_role_user`(`userId`,`roleId`) values (1,1);

/*Table structure for table `sys_user` */

DROP TABLE IF EXISTS `sys_user`;

CREATE TABLE `sys_user` (
  `id` bigint(11) NOT NULL AUTO_INCREMENT,
  `username` varchar(50) NOT NULL,
  `password` varchar(60) NOT NULL,
  `nickname` varchar(255) DEFAULT NULL,
  `project_id` bigint(11) DEFAULT '-1',
  `headImgUrl` varchar(255) DEFAULT NULL,
  `phone` varchar(11) DEFAULT NULL,
  `telephone` varchar(30) DEFAULT NULL,
  `email` varchar(50) DEFAULT NULL,
  `birthday` date DEFAULT NULL,
  `sex` tinyint(1) DEFAULT NULL,
  `status` tinyint(1) NOT NULL DEFAULT '1',
  `createTime` datetime NOT NULL,
  `updateTime` datetime NOT NULL,
  PRIMARY KEY (`id`),
  UNIQUE KEY `username` (`username`)
) ENGINE=InnoDB AUTO_INCREMENT=2 DEFAULT CHARSET=utf8mb4;

/*Data for the table `sys_user` */

insert  into `sys_user`(`id`,`username`,`password`,`nickname`,`project_id`,`headImgUrl`,`phone`,`telephone`,`email`,`birthday`,`sex`,`status`,`createTime`,`updateTime`) values (1,'admin','$2a$10$h/EuvQwXor9o4/BIXFZKP.VDVJuZCSLDvQBzdeh.mlgDVjMT7jJ6m','超级管理员',1,NULL,'','','1314@163.com','1998-07-01',0,1,'2017-04-10 15:21:38','2019-06-04 14:54:06');

/*Table structure for table `sys_user_project` */

DROP TABLE IF EXISTS `sys_user_project`;

CREATE TABLE `sys_user_project` (
  `userId` int(11) NOT NULL,
  `projectId` int(11) NOT NULL,
  PRIMARY KEY (`userId`,`projectId`)
) ENGINE=InnoDB DEFAULT CHARSET=utf8;

/*Data for the table `sys_user_project` */

insert  into `sys_user_project`(`userId`,`projectId`) values (2,1),(3,1),(3,2),(4,1),(5,1),(6,1),(7,2),(8,1),(9,2),(10,1),(11,1),(12,2),(13,2),(14,2),(15,2),(16,2),(17,2),(18,2),(19,2),(20,2),(21,2),(22,1),(22,2),(23,2),(24,2),(25,2);

/*Table structure for table `t_api` */

DROP TABLE IF EXISTS `t_api`;

CREATE TABLE `t_api` (
  `id` bigint(11) NOT NULL AUTO_INCREMENT COMMENT 'id',
  `name` varchar(100) NOT NULL DEFAULT '' COMMENT '接口名称',
  `labels` text COMMENT '标签',
  `project_id` bigint(11) NOT NULL DEFAULT '0' COMMENT '项目id',
  `api_suite_id` bigint(11) DEFAULT NULL COMMENT '接口分类id',
  `method` varchar(11) DEFAULT NULL COMMENT '请求类型',
  `env_id` bigint(11) DEFAULT NULL COMMENT '环境id',
  `domain` varchar(128) DEFAULT '' COMMENT '请求的协议+域名',
  `path` text COMMENT '请求路径',
  `type` int(2) DEFAULT '0' COMMENT '类型 0公共接口  业务流接口',
  `remark` text COMMENT '备注',
  `status` int(2) NOT NULL DEFAULT '0' COMMENT '状态 0未完成 1已完成',
  `before_excs` text COMMENT '前置处理器',
  `req_header` text COMMENT '请求头',
  `req_query` text COMMENT '请求query',
  `req_body_data` text COMMENT '请求body from-data格式',
  `req_body_json` text COMMENT '请求body json格式',
  `req_body_type` varchar(11) DEFAULT 'raw' COMMENT '请求body的类型',
  `req_extract` text COMMENT '请求提取参数',
  `req_assert` text COMMENT '请求断言',
  `debug_rsp` text COMMENT '调试响应对象',
  `create_by` varchar(50) DEFAULT 'system' COMMENT 'createBy',
  `create_time` timestamp NOT NULL DEFAULT CURRENT_TIMESTAMP COMMENT 'createTime',
  `update_by` varchar(50) DEFAULT 'system' COMMENT 'updateBy',
  `update_time` timestamp NULL DEFAULT CURRENT_TIMESTAMP ON UPDATE CURRENT_TIMESTAMP COMMENT 'updateTime',
  PRIMARY KEY (`id`),
  KEY `project_id` (`project_id`),
  KEY `api_suite_id` (`api_suite_id`)
) ENGINE=InnoDB AUTO_INCREMENT=69 DEFAULT CHARSET=utf8mb4 COMMENT='ui自动化测试计划日志';

/*Data for the table `t_api` */

insert  into `t_api`(`id`,`name`,`labels`,`project_id`,`api_suite_id`,`method`,`env_id`,`domain`,`path`,`type`,`remark`,`status`,`before_excs`,`req_header`,`req_query`,`req_body_data`,`req_body_json`,`req_body_type`,`req_extract`,`req_assert`,`debug_rsp`,`create_by`,`create_time`,`update_by`,`update_time`) values (64,'登陆接口',NULL,1,1,'POST',1,'@{domain}/public','/login',0,NULL,0,'[]','[{\"key\":\"Authorization1\",\"value\":\"11111\"},{\"key\":\"Accept-Ranges\",\"value\":\"1\"}]','[]','[{\"key\":\"username\",\"remark\":\"\",\"type\":\"text\",\"value\":\"admin\"},{\"key\":\"password\",\"remark\":\"\",\"type\":\"text\",\"value\":\"admin1\"}]','[]','form','[]','[]',NULL,'admin','2020-03-17 17:32:43','admin','2020-03-21 11:21:23'),(65,'查询接口2',NULL,1,1,'GET',1,'@{domain}/public','/projects/listPage?pageNum=1&pageSize=10&pageCount=2&serchData={\"projectName\":\"\",\"description\":\"\"}',0,NULL,0,'[]','[{\"key\":\"token\",\"value\":\"eyJhbGciOiJIUzI1NiJ9.eyJMT0dJTl9VU0VSX0tFWSI6IjkyZjliZjdjLTI0MjItNDM3NS1hZTk2LTJjOWJkNDI2ZjRlOSJ9.A6ckJIXsIr-7qn7brpLYkSLgOq5tbLAt1pOYTXprIrM\"}]','[{\"key\":\"pageNum\",\"value\":\"1\"},{\"key\":\"pageSize\",\"value\":\"10\"},{\"key\":\"pageCount\",\"value\":\"2\"},{\"key\":\"serchData\",\"value\":\"{\\\"projectName\\\":\\\"\\\",\\\"description\\\":\\\"\\\"}\"}]',NULL,NULL,'raw','[]','[]',NULL,'admin','2020-03-17 17:33:12','admin','2020-03-20 22:40:12'),(67,'新建一个post接口',NULL,1,1,'POST',-1,'@{domain}','aaa',0,NULL,0,'[]','[]','[]',NULL,'[\r\n  {\r\n    \"aaa\": 111,\r\n    \"bbb\": 111\r\n  },\r\n  {\r\n    \"ccc\": 222,\r\n    \"dddd\": 222\r\n  }\r\n]','raw','[]','[]',NULL,'admin','2020-03-18 22:25:06','admin','2020-03-18 22:25:30'),(68,'导出test',NULL,1,1,'POST',-1,'http://gw3.ykccn.net','/orderServer/order/exportSingleOrderList',0,NULL,1,'[]','[{\"key\":\"Content-Type\",\"value\":\"application/json\"}]','[]',NULL,'{\n    \"header\": {\n        \"version\": \"\",\n        \"token\": \"\",\n        \"isSecurity\": \"\",\n        \"security\": \"\",\n        \"businessID\": \"\",\n        \"isSync\": \"\",\n        \"syncSignal\": \"\",\n        \"expendTime\": \"\",\n        \"resultCode\": \"\",\n        \"resultDesc\": \"\"\n    },\n    \"body\": {\n        \"parkingOrderCode\": \"\",\n        \"payType\":\"\",\n        \"refundState\":\"\",\n        \"plateNumber\":\"\",\n        \"cloudAccount\":\"\",\n        \"inTimeStart\":\"\",\n        \"inTimeEnd\":\"\",\n        \"outTimeStart\":\"\",\n        \"outTimeEnd\":\"\",\n        \"payTimeStart\":\"\",\n        \"payTimeEnd\":\"\"\n       \n    }\n}','raw','[]','[]',NULL,'admin','2020-03-19 09:32:03','admin','2020-03-22 11:19:54');

/*Table structure for table `t_api_case_result` */

DROP TABLE IF EXISTS `t_api_case_result`;

CREATE TABLE `t_api_case_result` (
  `id` bigint(18) NOT NULL AUTO_INCREMENT,
  `plan_log_id` bigint(18) DEFAULT NULL,
  `suite_result_id` bigint(18) DEFAULT NULL COMMENT '用例集id',
  `suite_id` bigint(18) DEFAULT NULL,
  `suite_name` varchar(64) DEFAULT NULL,
  `case_id` bigint(18) DEFAULT NULL COMMENT '用例id',
  `case_name` varchar(64) DEFAULT NULL COMMENT '用例名称',
  `status` int(2) DEFAULT NULL COMMENT '执行状态 0成功 1失败 2跳过',
  `total` int(8) DEFAULT '0',
  `success` int(8) DEFAULT '0',
  `failed` int(8) DEFAULT '0',
  `skipped` int(8) DEFAULT '0',
  `end_time` datetime(3) DEFAULT NULL COMMENT '结束时间',
  `remark` varchar(50) DEFAULT NULL COMMENT '备注',
  `create_time` timestamp(3) NOT NULL DEFAULT CURRENT_TIMESTAMP(3) COMMENT 'createTime',
  PRIMARY KEY (`id`),
  KEY `plan_log_id` (`plan_log_id`)
) ENGINE=InnoDB AUTO_INCREMENT=5 DEFAULT CHARSET=utf8;

/*Data for the table `t_api_case_result` */

insert  into `t_api_case_result`(`id`,`plan_log_id`,`suite_result_id`,`suite_id`,`suite_name`,`case_id`,`case_name`,`status`,`total`,`success`,`failed`,`skipped`,`end_time`,`remark`,`create_time`) values (1,1,1,9,'一个用例集',30,'第一个用例1',1,2,0,2,0,'2020-03-03 17:48:44.844',NULL,'2020-03-03 17:48:43.090'),(2,1,2,9,'一个用例集',30,'第一个用例1',1,2,0,2,0,'2020-03-03 17:48:47.321',NULL,'2020-03-03 17:48:44.888'),(3,2,3,9,'一个用例集',30,'第一个用例1',1,6,2,4,0,'2020-03-11 11:31:11.864',NULL,'2020-03-11 11:31:10.903'),(4,2,4,9,'一个用例集',30,'第一个用例1',1,6,2,4,0,'2020-03-11 11:31:13.047',NULL,'2020-03-11 11:31:12.233');

/*Table structure for table `t_api_detail` */

DROP TABLE IF EXISTS `t_api_detail`;

CREATE TABLE `t_api_detail` (
  `id` bigint(11) NOT NULL AUTO_INCREMENT COMMENT 'id',
  `name` varchar(100) NOT NULL DEFAULT '' COMMENT '接口名称',
  `labels` text COMMENT '标签',
  `project_id` bigint(11) NOT NULL DEFAULT '0' COMMENT '项目id',
  `api_suite_id` bigint(11) DEFAULT NULL COMMENT '接口分类id',
  `method` varchar(11) DEFAULT NULL COMMENT '请求类型',
  `host` varchar(20) DEFAULT NULL COMMENT '请求ip或者域名',
  `path` text COMMENT '请求路径',
  `type` int(2) NOT NULL DEFAULT '0' COMMENT '类型 0公共接口  业务流接口',
  `status` int(2) NOT NULL DEFAULT '0' COMMENT '状态 0未完成 1已完成',
  `create_by` varchar(50) DEFAULT 'system' COMMENT 'createBy',
  `create_time` timestamp NOT NULL DEFAULT CURRENT_TIMESTAMP COMMENT 'createTime',
  `update_by` varchar(50) DEFAULT 'system' COMMENT 'updateBy',
  `update_time` timestamp NULL DEFAULT CURRENT_TIMESTAMP ON UPDATE CURRENT_TIMESTAMP COMMENT 'updateTime',
  PRIMARY KEY (`id`)
) ENGINE=InnoDB AUTO_INCREMENT=34 DEFAULT CHARSET=utf8mb4 COMMENT='ui自动化测试计划日志';

/*Data for the table `t_api_detail` */

insert  into `t_api_detail`(`id`,`name`,`labels`,`project_id`,`api_suite_id`,`method`,`host`,`path`,`type`,`status`,`create_by`,`create_time`,`update_by`,`update_time`) values (1,'登陆接口',NULL,1,1,'GET','192.168.1.1','/test',0,0,'system','2019-12-17 11:06:21','system','2019-12-17 11:06:21'),(6,'什么接口',NULL,1,18,'GET',NULL,'111',0,0,'admin','2019-12-17 23:56:38','admin','2019-12-18 08:34:51'),(20,'阿萨德饭',NULL,1,25,'GET',NULL,NULL,0,0,'admin','2019-12-19 00:13:29','admin','2019-12-19 00:13:29'),(33,'你大爷',NULL,1,25,'GET',NULL,NULL,0,0,'admin','2019-12-20 09:17:33','admin','2019-12-20 09:17:33');

/*Table structure for table `t_api_env` */

DROP TABLE IF EXISTS `t_api_env`;

CREATE TABLE `t_api_env` (
  `id` bigint(11) NOT NULL AUTO_INCREMENT COMMENT 'id',
  `name` varchar(100) NOT NULL DEFAULT '' COMMENT '环境名称',
  `project_id` bigint(11) NOT NULL DEFAULT '0' COMMENT '项目id',
  `prepend` varchar(15) NOT NULL DEFAULT 'http://',
  `domain` varchar(50) DEFAULT NULL,
  `cookie` text,
  `header` text,
  `global` text COMMENT '公共变量',
  `type` int(2) NOT NULL DEFAULT '0' COMMENT '类型 0接口自动化',
  `status` int(2) NOT NULL DEFAULT '0' COMMENT '缺省',
  `create_by` varchar(50) DEFAULT 'system' COMMENT 'createBy',
  `create_time` timestamp NOT NULL DEFAULT CURRENT_TIMESTAMP COMMENT 'createTime',
  `update_by` varchar(50) DEFAULT 'system' COMMENT 'updateBy',
  `update_time` timestamp NULL DEFAULT CURRENT_TIMESTAMP ON UPDATE CURRENT_TIMESTAMP COMMENT 'updateTime',
  PRIMARY KEY (`id`)
) ENGINE=InnoDB AUTO_INCREMENT=21 DEFAULT CHARSET=utf8mb4 COMMENT='ui自动化测试计划日志';

/*Data for the table `t_api_env` */

insert  into `t_api_env`(`id`,`name`,`project_id`,`prepend`,`domain`,`cookie`,`header`,`global`,`type`,`status`,`create_by`,`create_time`,`update_by`,`update_time`) values (1,'sit环境',1,'http://','www.baidu.com',NULL,'GET','[{\"key\":\"username\",\"remark\":\"账号\",\"value\":\"admin\"},{\"key\":\"password\",\"remark\":\"密码\",\"value\":\"admin1\"}]',0,0,'system','2019-12-17 11:06:21','admin','2019-12-17 11:06:21'),(6,'uat环境',1,'http://','www11',NULL,'GET','[]',0,0,'admin','2019-12-17 23:56:38','admin','2019-12-18 08:34:51'),(20,'生产环境',1,'http://','www.rabbittest.xyz/public',NULL,'GET','[]',0,0,'admin','2019-12-19 00:13:29','admin','2019-12-19 00:13:29');

/*Table structure for table `t_api_result` */

DROP TABLE IF EXISTS `t_api_result`;

CREATE TABLE `t_api_result` (
  `id` bigint(18) NOT NULL AUTO_INCREMENT,
  `plan_log_id` bigint(18) DEFAULT NULL,
  `case_result_id` bigint(18) DEFAULT NULL COMMENT '用例结果id',
  `step_id` bigint(18) DEFAULT NULL COMMENT '步骤id',
  `step_name` varchar(64) DEFAULT NULL COMMENT '步骤名称',
  `result_type` int(2) DEFAULT NULL COMMENT '-1：异常失败，0：断言失败，1：成功,2:跳过',
  `req_method` varchar(11) DEFAULT NULL COMMENT '请求方式',
  `req_url` text COMMENT '请求url',
  `req_headers` text COMMENT '请求头',
  `req_query` text COMMENT '请求query',
  `req_body_type` varchar(24) DEFAULT 'raw' COMMENT '请求body的类型',
  `req_body_data` text COMMENT '请求body from-data格式',
  `req_body_json` text COMMENT '请求body json格式',
  `rsp_status_code` int(5) DEFAULT NULL COMMENT '响应码',
  `rsp_body_type` varchar(11) DEFAULT NULL COMMENT '响应body类型',
  `rsp_body` mediumtext COMMENT '响应体',
  `rsp_body_size` int(18) DEFAULT NULL COMMENT '响应体长度',
  `rsp_headers` text COMMENT '响应的header',
  `rsp_extracts` text COMMENT '响应的提取参数',
  `rsp_asserts` text COMMENT '响应断言',
  `rsp_time` bigint(18) DEFAULT '0' COMMENT '响应时间（毫秒）',
  `exception` text,
  `create_time` timestamp(3) NOT NULL DEFAULT CURRENT_TIMESTAMP(3),
  PRIMARY KEY (`id`),
  KEY `plan_log_id` (`plan_log_id`)
) ENGINE=InnoDB AUTO_INCREMENT=17 DEFAULT CHARSET=utf8;

/*Data for the table `t_api_result` */

insert  into `t_api_result`(`id`,`plan_log_id`,`case_result_id`,`step_id`,`step_name`,`result_type`,`req_method`,`req_url`,`req_headers`,`req_query`,`req_body_type`,`req_body_data`,`req_body_json`,`rsp_status_code`,`rsp_body_type`,`rsp_body`,`rsp_body_size`,`rsp_headers`,`rsp_extracts`,`rsp_asserts`,`rsp_time`,`exception`,`create_time`) values (1,1,1,104,'第一个',0,'GET','http://www.baidu.com/public/projectPage/listPage','[{\"key\":\"token\",\"value\":\"eyJhbGciOiJIUzI1NiJ9.eyJMT0dJTl9VU0VSX0tFWSI6Ijg4MjRlYTk3LTc5MzktNGYyYS1iM2M1LTU2MTYzOWUyZjY3MSJ9.3aonnRcqaQUorlaBQLH8dg3zrYiAlTDQlMMgJpiuf3g\"}]','[{\"key\":\"pageNum\",\"value\":\"1\"},{\"key\":\"pageSize\",\"value\":\"10\"},{\"key\":\"pageCount\",\"value\":\"14\"},{\"key\":\"serchData\",\"value\":\"%7B%22pageName%22:%22%22,%22projectId%22:2%7D\"}]','raw',NULL,NULL,200,'html','<html>\n  <head>\n    <meta http-equiv=\"X-UA-Compatible\" content=\"IE=edge,chrome=1\"/>\n    <meta http-equiv=\"content-type\" content=\"text/html;charset=utf-8\"/>\n    <meta name=\"referrer\" content=\"always\"/>\n    <script src=\"https://ss1.bdstatic.com/5eN1bjq8AAUYm2zgoY3K/r/www/nocache/imgdata/seErrorRec.js\"/>\n    <title>页面不存在_百度搜索</title>\n    <style data-for=\"result\">\n        body {color: #333; background: #fff; padding: 0; margin: 0; position: relative; min-width: 700px; font-family: arial; font-size: 12px }\n        p, form, ol, ul, li, dl, dt, dd, h3 {margin: 0; padding: 0; list-style: none }\n        input {padding-top: 0; padding-bottom: 0; -moz-box-sizing: border-box; -webkit-box-sizing: border-box; box-sizing: border-box } img {border: none; }\n        .logo {width: 117px; height: 38px; cursor: pointer }\n         #wrapper {_zoom: 1 }\n        #head {padding-left: 35px; margin-bottom: 20px; width: 900px }\n        .fm {clear: both; position: relative; z-index: 297 }\n        .btn, #more {font-size: 14px } \n        .s_btn {width: 95px; height: 32px; padding-top: 2px\\9; font-size: 14px; padding: 0; background-color: #ddd; background-position: 0 -48px; border: 0; cursor: pointer }\n        .s_btn_h {background-position: -240px -48px }\n        .s_btn_wr {width: 97px; height: 34px; display: inline-block; background-position: -120px -48px; *position: relative; z-index: 0; vertical-align: top }\n        #foot {}\n        #foot span {color: #666 }\n        .s_ipt_wr {height: 32px }\n        .s_form:after, .s_tab:after {content: \".\"; display: block; height: 0; clear: both; visibility: hidden }\n        .s_form {zoom: 1; height: 55px; padding: 0 0 0 10px }\n        #result_logo {float: left; margin: 7px 0 0 }\n        #result_logo img {width: 101px }\n        #head {padding: 0; margin: 0; width: 100%; position: absolute; z-index: 301; min-width: 1000px; background: #fff; border-bottom: 1px solid #ebebeb; position: fixed; _position: absolute; -webkit-transform: translateZ(0) }\n        #head .head_wrapper {_width: 1000px }\n        #head.s_down {box-shadow: 0 0 5px #888 }\n        .fm {clear: none; float: left; margin: 11px 0 0 10px }\n        #s_tab {background: #f8f8f8; line-height: 36px; height: 38px; padding: 55px 0 0 121px; float: none; zoom: 1 }\n        #s_tab a, #s_tab b {width: 54px; display: inline-block; text-decoration: none; text-align: center; color: #666; font-size: 14px }\n        #s_tab b {border-bottom: 2px solid #38f; font-weight: bold; color: #323232 }\n        #s_tab a:hover {color: #323232 }\n        #content_left {width: 540px; padding-left: 121px; padding-top: 5px }\n        .to_tieba, .to_zhidao_bottom {margin: 10px 0 0 121px }\n        #help {background: #f5f6f5; zoom: 1; padding: 0 0 0 50px; float: right }\n        #help a {color: #777; padding: 0 15px; text-decoration: none }\n        #help a:hover {color: #333 }\n        #foot {position: fixed; bottom:0; width: 100%; background: #f5f6f5; border-top: 1px solid #ebebeb; text-align: left; height: 42px; line-height: 42px; margin-top: 40px; *margin-top: 0; _position:absolute; _bottom:auto; _top:expression(eval(document.documentElement.scrollTop+document.documentElement.clientHeight-this.offsetHeight-(parseInt(this.currentStyle.marginTop,10)||0)-(parseInt(this.currentStyle.marginBottom,10)||0))); }\n\n        .content_none {padding: 45px 0 25px 121px } .s_ipt_wr.bg,\n        .s_btn_wr.bg, #su.bg {background-image: none }\n        .s_ipt_wr.bg {background: 0 }\n        .s_btn_wr {width: auto; height: auto; border-bottom: 1px solid transparent; *border-bottom: 0 }\n        .s_btn {width: 100px; height: 34px; color: white; letter-spacing: 1px; background: #3385ff; border-bottom: 1px solid #2d78f4; outline: medium; *border-bottom: 0; -webkit-appearance: none; -webkit-border-radius: 0 }\n        .s_btn:hover {background: #317ef3; border-bottom: 1px solid #2868c8; *border-bottom: 0; box-shadow: 1px 1px 1px #ccc }\n        .s_btn:active {background: #3075dc; box-shadow: inset 1px 1px 3px #2964bb; -webkit-box-shadow: inset 1px 1px 3px #2964bb; -moz-box-shadow: inset 1px 1px 3px #2964bb; -o-box-shadow: inset 1px 1px 3px #2964bb }\n        #lg {display: none }\n        #head .headBlock {margin: -5px 0 6px 121px }\n        #content_left .leftBlock {margin-bottom: 14px; padding-bottom: 5px; border-bottom: 1px solid #f3f3f3 }\n        .s_ipt_wr {border: 1px solid #b6b6b6; border-color: #7b7b7b #b6b6b6 #b6b6b6 #7b7b7b; background: #fff; display: inline-block; vertical-align: top; width: 539px; margin-right: 0; border-right-width: 0; border-color: #b8b8b8 transparent #ccc #b8b8b8; overflow: hidden }\n        .s_ipt_wr.ip_short {width: 439px; }\n        .s_ipt_wr:hover, .s_ipt_wr.ipthover {border-color: #999 transparent #b3b3b3 #999 }\n        .s_ipt_wr.iptfocus {border-color: #4791ff transparent #4791ff #4791ff }\n        .s_ipt_tip {color: #aaa; position: absolute; z-index: -10; font: 16px/22px arial; height: 32px; line-height: 32px; padding-left: 7px; overflow: hidden; width: 526px }\n        .s_ipt {width: 526px; height: 22px; font: 16px/18px arial; line-height: 22px\\9; margin: 6px 0 0 7px; padding: 0; background: transparent; border: 0; outline: 0; -webkit-appearance: none }\n        #kw {position: relative;display: inline-block;}\n        input::-ms-clear {display: none }\n        /*Error page css*/\n        .norsSuggest {display: inline-block; color: #333; font-family: arial; font-size: 13px; position: relative; } \n        .norsTitle {font-size: 22px; font-family: Microsoft Yahei; font-weight: normal; color: #333; margin: 35px 0 25px 0; }\n        .norsTitle2 {font-family: arial; font-size: 13px; color: #666; }\n        .norsSuggest ol {margin-left: 47px; }\n        .norsSuggest li {margin: 13px 0; }\n        #content_right {\n    border-left: 1px solid #e1e1e1;\n    width: 384px;\n    margin-top: 25px;\n    float: right;\n    padding-left: 17px;\n}\n#wrapper_wrapper {\n    width: 1212px;\n}\n.cr-content {\n    width: 351px;\n    font-size: 13px;\n    line-height: 1.54em;\n    color: #333;\n    margin-top: 6px;\n    margin-bottom: 28px;\n    word-wrap: break-word;\n    word-break: normal;\n}\n@media screen and (max-width: 1217px) {\n    #wrapper_wrapper {\n        width: 1002px;\n    }\n    #wrapper_wrapper #content_right {\n        width: 271px;\n    }\n    #wrapper_wrapper .cr-content {\n        width: 259px;\n    }\n}\n.opr-toplist-title {\n    position: relative;\n    font-size: 14px;\n    line-height: 1.29em;\n    font-weight: 700;\n    margin-bottom: 10px;\n}\n.opr-toplist-table {\n    width: 100%;\n    border-collapse: collapse;\n    border-spacing: 0;\n    font-size: 13px;\n}\n.opr-toplist-table th,td {\n    line-height: 1.54;\n    border-bottom: 1px solid #f3f3f3;\n    text-align: left;\n}\n.opr-toplist-table thead th {\n    padding-top: 4px;\n    padding-bottom: 4px;\n    font-weight: 400;\n    color: #666;\n    white-space: nowrap;\n    background-color: #fafafa;  \n}\n.opr-toplist-table .opr-toplist-right {\n    text-align: right;\n    white-space: nowrap;\n}\n.opr-toplist-table td {\n    width: 100%;\n    font-size: 13px;\n    padding-top: 6.5px;\n    padding-bottom: 6.5px;\n    vertical-align: top;\n}\n.opr-toplist-table a:hover {\n    text-decoration: underline;\n}\n.opr-index-item {\n    display: inline-block;\n    padding:1px 0;\n    color: #fff;\n    width: 14px;\n    line-height: 100%;\n    font-size: 12px;\n    text-align: center;\n    background-color: #8eb9f5;\n    margin-right: 5px;\n}\n.opr-index-hot1 {\n    background-color: #f54545;\n}\n\n.opr-index-hot2 {\n    background-color: #ff8547;\n}\n.opr-index-hot3 {\n    background-color: #ffac38;\n}\n.opr-item-text {\n    text-decoration: none;  \n}\n.opr-toplist-info {\n    color: #666;\n    text-align: right;\n    margin-top: 5px;\n}\n.opr-toplist-info&gt;a {\n    color: #666;\n}\n    </style>\n  </head>\n  <body link=\"#0000cc\">\n    <div class=\"wrapper_l\" id=\"wrapper\">\n      <div id=\"head\">\n        <div class=\"head_wrapper\">\n          <div class=\"s_form\">\n            <div class=\"s_form_wrapper\">\n              <a shape=\"rect\" id=\"result_logo\" href=\"//www.baidu.com/\">\n                <img src=\"//www.baidu.com/img/baidu_jgylogo3.gif\" alt=\"到百度首页\" title=\"到百度首页\"/>\n              </a>\n              <form enctype=\"application/x-www-form-urlencoded\" method=\"get\" class=\"fm\" id=\"form\" name=\"f\" action=\"//www.baidu.com/s\">\n                <input type=\"hidden\" name=\"ie\" value=\"utf-8\"/>\n                <input type=\"hidden\" name=\"f\" value=\"8\"/>\n                <input type=\"hidden\" name=\"rsv_bp\" value=\"1\"/>\n                <input type=\"hidden\" name=\"ch\" value=\"\"/>\n                <input type=\"hidden\" name=\"tn\" value=\"baiduerr\"/>\n                <input type=\"hidden\" name=\"bar\" value=\"\"/>\n                <span class=\"bg s_ipt_wr iptfocus\">\n                  <input maxlength=\"255\" type=\"text\" class=\"s_ipt\" id=\"kw\" name=\"wd\" value=\"\" autocomplete=\"off\" autofocus=\"autofocus\"/>\n                </span>\n                <span class=\"bg s_btn_wr\">\n                  <input type=\"submit\" class=\"bg s_btn\" id=\"su\" value=\"百度一下\"/>\n                </span>\n              </form>\n            </div>\n          </div>\n        </div>\n      </div>\n      <div class=\"s_tab\" id=\"s_tab\">\n        <b>网页</b>\n        <a shape=\"rect\" href=\"http://tieba.baidu.com/f?kw=&amp;fr=wwwt\" wdfield=\"kw\">贴吧</a>\n        <a shape=\"rect\" href=\"http://zhidao.baidu.com/q?ct=17&amp;pn=0&amp;tn=ikaslist&amp;rn=10&amp;word=&amp;fr=wwwt\" wdfield=\"word\">知道</a>\n        <a shape=\"rect\" href=\"http://music.baidu.com/search?fr=ps&amp;ie=utf-8&amp;key=\" wdfield=\"key\">音乐</a>\n        <a shape=\"rect\" href=\"http://image.baidu.com/i?tn=baiduimage&amp;ps=1&amp;ct=201326592&amp;lm=-1&amp;cl=2&amp;nc=1&amp;ie=utf-8&amp;word=\" wdfield=\"word\">图片</a>\n        <a shape=\"rect\" href=\"http://v.baidu.com/v?ct=301989888&amp;rn=20&amp;pn=0&amp;db=0&amp;s=25&amp;ie=utf-8&amp;word=\" wdfield=\"word\">视频</a>\n        <a shape=\"rect\" href=\"http://map.baidu.com/m?word=&amp;fr=ps01000\" wdfield=\"word\">地图</a>\n        <a shape=\"rect\" href=\"http://wenku.baidu.com/search?word=&amp;lm=0&amp;od=0&amp;ie=utf-8\" wdfield=\"word\">文库</a>\n        <a shape=\"rect\" href=\"//www.baidu.com/more/\">更多»</a>\n      </div>\n      <div id=\"wrapper_wrapper\">\n        <div id=\"content_left\">\n          <div class=\"nors\">\n            <div class=\"norsSuggest\">\n              <h3 class=\"norsTitle\">很抱歉，您要访问的页面不存在！</h3>\n              <p class=\"norsTitle2\">温馨提示：</p>\n              <ol>\n                <li>请检查您访问的网址是否正确</li>\n                <li>\n如果您不能确认访问的网址，请浏览                  <a shape=\"rect\" href=\"//www.baidu.com/more/index.html\">百度更多</a>\n页面查看更多网址。                </li>\n                <li>回到顶部重新发起搜索</li>\n                <li>\n如有任何意见或建议，请及时                  <a shape=\"rect\" href=\"http://qingting.baidu.com/index\">反馈给我们</a>\n。                </li>\n              </ol>\n            </div>\n          </div>\n        </div>\n      </div>\n      <div id=\"foot\">\n        <span id=\"help\" style=\"float:left;padding-left:121px\">\n          <a shape=\"rect\" href=\"http://help.baidu.com/question\" target=\"_blank\">帮助</a>\n          <a shape=\"rect\" href=\"http://www.baidu.com/search/jubao.html\" target=\"_blank\">举报</a>\n          <a shape=\"rect\" href=\"http://jianyi.baidu.com\" target=\"_blank\">给百度提建议</a>\n        </span>\n      </div>\n    </div>\n  </body>\n  <script>\n(function () {\n        var LOGURL = \'https://sp1.baidu.com/5b1ZeDe5KgQFm2e88IuM_a/cm.gif\';\n        var params = \'type=wwwerror&amp;terminal=www\';\n        var img = new Image();\n        img.src = LOGURL + \'?\' + params;\n    })();\n    (function () {\n        if(window.recommend &amp;&amp; window.recommend.query &amp;&amp; window.recommend.query.length &gt; 0) {\n            var recommendWrapper = document.createElement(\'div\');\n            var recommendHtml = \'&lt;div class=\"cr-content\"&gt;&lt;div class=\"opr-toplist-title\"&gt;\' + window.recommend.title + \'&lt;/div&gt;&lt;table class=\"opr-toplist-table\"&gt;&lt;thead&gt;&lt;tr&gt;&lt;th&gt;排名&lt;/th&gt;&lt;/tr&gt;&lt;/thead&gt;\';\n            var queryArray = window.recommend.query;\n            var itemUrl = \'\';\n            for(var i = 1; i &lt; (queryArray.length+1); i++) {\n                itemUrl = \'//www.baidu.com/s?word=\' + encodeURIComponent(queryArray[i-1].word) + \'&amp;sa=\' + queryArray[i-1].sa + \'&amp;tn=\' + queryArray[i-1].tn;\n                if (queryArray[i-1].rsv_dl) {\n                    itemUrl += \"&amp;rsv_dl=\" + queryArray[i-1].rsv_dl;\n                }\n                \n                if (i &lt; 4) {\n                    recommendHtml += \'&lt;tr&gt;&lt;td&gt;&lt;span class=\"opr-index-hot\' + i + \' opr-index-item\"&gt;\' + i + \'&lt;/span&gt;&lt;a target=\"_blank\" href=\"\' + itemUrl +\'\" class=\"opr-item-text\"&gt;\' + queryArray[i-1].word + \'&lt;/a&gt;&lt;/td&gt;&lt;/tr&gt;\';\n                } else {\n                    recommendHtml += \'&lt;tr&gt;&lt;td&gt;&lt;span class=\"opr-index-item\"&gt;\' + i + \'&lt;/span&gt;&lt;a target=\"_blank\" href=\"\' + itemUrl +\'\" class=\"opr-item-text\"&gt;\' + queryArray[i-1].word + \'&lt;/a&gt;&lt;/td&gt;&lt;/tr&gt;\';\n                }\n            }\n            recommendHtml += \'&lt;/tbody&gt;&lt;/table&gt;&lt;div class=\"opr-toplist-info\"&gt;&lt;span&gt;来源：&lt;/span&gt;&lt;a target=\"_blank\" href=\"http://www.baidu.com/link?url=sLR63PtaB7kc3YkTtzDy1k3mbTm1DXDMu-nLcijZx8DmWgOff4lBxqmY-LGDyHqw\"&gt;百度风云榜&lt;/a&gt;&lt;span&gt;&amp;nbsp;-&amp;nbsp;&lt;/span&gt;&lt;a target=\"_blank\" href=\"http://www.baidu.com/link?url=01vNBVXR2eaJxETl9PI3hcrvKCcwaJIKk5FkpO7l5YI_Q_pC24ogIBoZxI0LAu5oYpAdhRH42nzxAqfui0YnHK\"&gt;实时热点&lt;/a&gt;&lt;/div&gt;&lt;/div&gt;\';\n            recommendWrapper.setAttribute(\'id\', \'content_right\');\n            document.getElementById(\'wrapper_wrapper\').insertBefore(recommendWrapper, document.getElementById(\'content_left\'));\n            var recommend = document.getElementById(\'content_right\');\n            recommend.innerHTML = recommendHtml;\n        }\n})();\n(function(){\n    var bds = {\n        util: {}\n    };\n    var c = document.getElementById(\'kw\').parentNode;\n\n    bds.util.getWinWidth = function(){\n        return window.document.documentElement.clientWidth;\n    };\n\n    bds.util.setFormWidth = function(){\n        var width = bds.util.getWinWidth();\n        if(width &lt; 1217)    {bds.util.setClass(c, \'ip_short\', \'add\')}\n        else                {bds.util.setClass(c, \'ip_short\', \'remove\')};\n    };\n\n    bds.util.setClass = function(obj, class_name, set) {\n        var ori_class = obj.className,\n            has_class_p = -1,\n            ori_class_arr = [],\n            new_class = \'\';\n\n        if(ori_class.length) ori_class_arr = ori_class.split(\' \');\n\n        for( i in ori_class_arr) {\n            if(ori_class_arr[i] == class_name) has_class_p = i;\n        }\n\n        if( set == \'remove\' &amp;&amp; has_class_p &gt;= 0) {\n            ori_class_arr.splice(has_class_p, 1);\n            new_class = ori_class_arr.join(\' \');\n            obj.className = new_class;\n        } else if( set == \'add\' &amp;&amp; has_class_p &lt; 0) {\n            ori_class_arr.push(class_name);\n            new_class = ori_class_arr.join(\' \');\n            obj.className = new_class;\n        }\n    }\n    bds.util.setFormWidth();\n\n    if (typeof document.addEventListener != \"undefined\") {\n        window.addEventListener(\'resize\', bds.util.setFormWidth, false);\n        document.getElementById(\'kw\').addEventListener(\'focus\', function(){bds.util.setClass(c,\'iptfocus\', \'add\');}, false);\n        document.getElementById(\'kw\').addEventListener(\'blur\', function(){bds.util.setClass(c,\'iptfocus\', \'remove\');}, false);\n    } else {\n        window.attachEvent(\'onresize\', bds.util.setFormWidth, false);\n        document.getElementById(\'kw\').attachEvent(\'onfocus\', function(){bds.util.setClass(c,\'iptfocus\', \'add\');}, false);\n        document.getElementById(\'kw\').attachEvent(\'onblur\', function(){bds.util.setClass(c,\'iptfocus\', \'remove\');}, false);\n    } \n\n})();\n\n\n</script>\n</html>',15852,'[{\"key\":\"Accept-Ranges\",\"value\":\"bytes\"},{\"key\":\"Cache-Control\",\"value\":\"max-age=86400\"},{\"key\":\"Connection\",\"value\":\"Keep-Alive\"},{\"key\":\"Content-Encoding\",\"value\":\"gzip\"},{\"key\":\"Content-Length\",\"value\":\"4863\"},{\"key\":\"Content-Type\",\"value\":\"text/html\"},{\"key\":\"Date\",\"value\":\"Tue, 03 Mar 2020 09:48:44 GMT\"},{\"key\":\"Etag\",\"value\":\"\\\"3dec-57b3a9a43af80\\\"\"},{\"key\":\"Expires\",\"value\":\"Wed, 04 Mar 2020 09:48:44 GMT\"},{\"key\":\"Last-Modified\",\"value\":\"Thu, 22 Nov 2018 06:01:50 GMT\"},{\"key\":\"P3p\",\"value\":\"CP=\\\" OTI DSP COR IVA OUR IND COM \\\"\"},{\"key\":\"Server\",\"value\":\"Apache\"},{\"key\":\"Set-Cookie\",\"value\":\"BAIDUID=193492F85AEF80968137180A4ECBAED3:FG=1; expires=Wed, 03-Mar-21 09:48:44 GMT; max-age=31536000; path=/; domain=.baidu.com; version=1\"},{\"key\":\"Vary\",\"value\":\"Accept-Encoding,User-Agent\"}]','[{\"dataSource\":\"bodyJson\",\"extractExpress\":\"error.code\",\"realType\":\"null\",\"realValue\":\"\",\"varName\":\"errorCode\"}]','[{\"dataSource\":\"bodyJson\",\"expectRelation\":\"等于\",\"expectValue\":\"说的是\",\"extractExpress\":\"result.list[0].pageName\",\"extractType\":\"string\",\"realType\":\"null\",\"realValue\":\"\",\"result\":false},{\"dataSource\":\"code\",\"expectRelation\":\"等于\",\"expectValue\":\"200\",\"extractExpress\":\"\",\"extractType\":\"number\",\"realType\":\"number\",\"realValue\":\"200\",\"result\":true},{\"dataSource\":\"bodyJson\",\"expectRelation\":\"等于\",\"expectValue\":\"401\",\"extractExpress\":\"error.code\",\"extractType\":\"number\",\"realType\":\"null\",\"realValue\":\"\",\"result\":false},{\"dataSource\":\"bodyReg\",\"expectRelation\":\"等于\",\"expectValue\":\"未登录或登陆失效，请先登录\",\"extractExpress\":\"\\\"message\\\": \\\"(.*?)\\\"\",\"extractType\":\"string\",\"realType\":\"null\",\"realValue\":\"\",\"result\":false},{\"dataSource\":\"header\",\"expectRelation\":\"等于\",\"expectValue\":\"231243\",\"extractExpress\":\"Date\",\"extractType\":\"string\",\"realType\":\"string\",\"realValue\":\"Tue, 03 Mar 2020 09:48:44 GMT\",\"result\":false}]',878,NULL,'2020-03-03 17:48:43.093'),(2,1,1,113,'元素列表，新建一个',0,'GET','http://www.baidu.com/public/projectPage/listPage','[{\"key\":\"token\",\"value\":\"eyJhbGciOiJIUzI1NiJ9.eyJMT0dJTl9VU0VSX0tFWSI6Ijg4MjRlYTk3LTc5MzktNGYyYS1iM2M1LTU2MTYzOWUyZjY3MSJ9.3aonnRcqaQUorlaBQLH8dg3zrYiAlTDQlMMgJpiuf3g\"},{\"key\":\"errorCode\",\"value\":\"\"}]','[{\"key\":\"pageNum\",\"value\":\"1\"},{\"key\":\"pageSize\",\"value\":\"10\"},{\"key\":\"pageCount\",\"value\":\"14\"},{\"key\":\"serchData\",\"value\":\"%7B%22pageName%22:%22%22,%22projectId%22:2%7D\"}]','raw',NULL,NULL,200,'html','<html>\n  <head>\n    <meta http-equiv=\"X-UA-Compatible\" content=\"IE=edge,chrome=1\"/>\n    <meta http-equiv=\"content-type\" content=\"text/html;charset=utf-8\"/>\n    <meta name=\"referrer\" content=\"always\"/>\n    <script src=\"https://ss1.bdstatic.com/5eN1bjq8AAUYm2zgoY3K/r/www/nocache/imgdata/seErrorRec.js\"/>\n    <title>页面不存在_百度搜索</title>\n    <style data-for=\"result\">\n        body {color: #333; background: #fff; padding: 0; margin: 0; position: relative; min-width: 700px; font-family: arial; font-size: 12px }\n        p, form, ol, ul, li, dl, dt, dd, h3 {margin: 0; padding: 0; list-style: none }\n        input {padding-top: 0; padding-bottom: 0; -moz-box-sizing: border-box; -webkit-box-sizing: border-box; box-sizing: border-box } img {border: none; }\n        .logo {width: 117px; height: 38px; cursor: pointer }\n         #wrapper {_zoom: 1 }\n        #head {padding-left: 35px; margin-bottom: 20px; width: 900px }\n        .fm {clear: both; position: relative; z-index: 297 }\n        .btn, #more {font-size: 14px } \n        .s_btn {width: 95px; height: 32px; padding-top: 2px\\9; font-size: 14px; padding: 0; background-color: #ddd; background-position: 0 -48px; border: 0; cursor: pointer }\n        .s_btn_h {background-position: -240px -48px }\n        .s_btn_wr {width: 97px; height: 34px; display: inline-block; background-position: -120px -48px; *position: relative; z-index: 0; vertical-align: top }\n        #foot {}\n        #foot span {color: #666 }\n        .s_ipt_wr {height: 32px }\n        .s_form:after, .s_tab:after {content: \".\"; display: block; height: 0; clear: both; visibility: hidden }\n        .s_form {zoom: 1; height: 55px; padding: 0 0 0 10px }\n        #result_logo {float: left; margin: 7px 0 0 }\n        #result_logo img {width: 101px }\n        #head {padding: 0; margin: 0; width: 100%; position: absolute; z-index: 301; min-width: 1000px; background: #fff; border-bottom: 1px solid #ebebeb; position: fixed; _position: absolute; -webkit-transform: translateZ(0) }\n        #head .head_wrapper {_width: 1000px }\n        #head.s_down {box-shadow: 0 0 5px #888 }\n        .fm {clear: none; float: left; margin: 11px 0 0 10px }\n        #s_tab {background: #f8f8f8; line-height: 36px; height: 38px; padding: 55px 0 0 121px; float: none; zoom: 1 }\n        #s_tab a, #s_tab b {width: 54px; display: inline-block; text-decoration: none; text-align: center; color: #666; font-size: 14px }\n        #s_tab b {border-bottom: 2px solid #38f; font-weight: bold; color: #323232 }\n        #s_tab a:hover {color: #323232 }\n        #content_left {width: 540px; padding-left: 121px; padding-top: 5px }\n        .to_tieba, .to_zhidao_bottom {margin: 10px 0 0 121px }\n        #help {background: #f5f6f5; zoom: 1; padding: 0 0 0 50px; float: right }\n        #help a {color: #777; padding: 0 15px; text-decoration: none }\n        #help a:hover {color: #333 }\n        #foot {position: fixed; bottom:0; width: 100%; background: #f5f6f5; border-top: 1px solid #ebebeb; text-align: left; height: 42px; line-height: 42px; margin-top: 40px; *margin-top: 0; _position:absolute; _bottom:auto; _top:expression(eval(document.documentElement.scrollTop+document.documentElement.clientHeight-this.offsetHeight-(parseInt(this.currentStyle.marginTop,10)||0)-(parseInt(this.currentStyle.marginBottom,10)||0))); }\n\n        .content_none {padding: 45px 0 25px 121px } .s_ipt_wr.bg,\n        .s_btn_wr.bg, #su.bg {background-image: none }\n        .s_ipt_wr.bg {background: 0 }\n        .s_btn_wr {width: auto; height: auto; border-bottom: 1px solid transparent; *border-bottom: 0 }\n        .s_btn {width: 100px; height: 34px; color: white; letter-spacing: 1px; background: #3385ff; border-bottom: 1px solid #2d78f4; outline: medium; *border-bottom: 0; -webkit-appearance: none; -webkit-border-radius: 0 }\n        .s_btn:hover {background: #317ef3; border-bottom: 1px solid #2868c8; *border-bottom: 0; box-shadow: 1px 1px 1px #ccc }\n        .s_btn:active {background: #3075dc; box-shadow: inset 1px 1px 3px #2964bb; -webkit-box-shadow: inset 1px 1px 3px #2964bb; -moz-box-shadow: inset 1px 1px 3px #2964bb; -o-box-shadow: inset 1px 1px 3px #2964bb }\n        #lg {display: none }\n        #head .headBlock {margin: -5px 0 6px 121px }\n        #content_left .leftBlock {margin-bottom: 14px; padding-bottom: 5px; border-bottom: 1px solid #f3f3f3 }\n        .s_ipt_wr {border: 1px solid #b6b6b6; border-color: #7b7b7b #b6b6b6 #b6b6b6 #7b7b7b; background: #fff; display: inline-block; vertical-align: top; width: 539px; margin-right: 0; border-right-width: 0; border-color: #b8b8b8 transparent #ccc #b8b8b8; overflow: hidden }\n        .s_ipt_wr.ip_short {width: 439px; }\n        .s_ipt_wr:hover, .s_ipt_wr.ipthover {border-color: #999 transparent #b3b3b3 #999 }\n        .s_ipt_wr.iptfocus {border-color: #4791ff transparent #4791ff #4791ff }\n        .s_ipt_tip {color: #aaa; position: absolute; z-index: -10; font: 16px/22px arial; height: 32px; line-height: 32px; padding-left: 7px; overflow: hidden; width: 526px }\n        .s_ipt {width: 526px; height: 22px; font: 16px/18px arial; line-height: 22px\\9; margin: 6px 0 0 7px; padding: 0; background: transparent; border: 0; outline: 0; -webkit-appearance: none }\n        #kw {position: relative;display: inline-block;}\n        input::-ms-clear {display: none }\n        /*Error page css*/\n        .norsSuggest {display: inline-block; color: #333; font-family: arial; font-size: 13px; position: relative; } \n        .norsTitle {font-size: 22px; font-family: Microsoft Yahei; font-weight: normal; color: #333; margin: 35px 0 25px 0; }\n        .norsTitle2 {font-family: arial; font-size: 13px; color: #666; }\n        .norsSuggest ol {margin-left: 47px; }\n        .norsSuggest li {margin: 13px 0; }\n        #content_right {\n    border-left: 1px solid #e1e1e1;\n    width: 384px;\n    margin-top: 25px;\n    float: right;\n    padding-left: 17px;\n}\n#wrapper_wrapper {\n    width: 1212px;\n}\n.cr-content {\n    width: 351px;\n    font-size: 13px;\n    line-height: 1.54em;\n    color: #333;\n    margin-top: 6px;\n    margin-bottom: 28px;\n    word-wrap: break-word;\n    word-break: normal;\n}\n@media screen and (max-width: 1217px) {\n    #wrapper_wrapper {\n        width: 1002px;\n    }\n    #wrapper_wrapper #content_right {\n        width: 271px;\n    }\n    #wrapper_wrapper .cr-content {\n        width: 259px;\n    }\n}\n.opr-toplist-title {\n    position: relative;\n    font-size: 14px;\n    line-height: 1.29em;\n    font-weight: 700;\n    margin-bottom: 10px;\n}\n.opr-toplist-table {\n    width: 100%;\n    border-collapse: collapse;\n    border-spacing: 0;\n    font-size: 13px;\n}\n.opr-toplist-table th,td {\n    line-height: 1.54;\n    border-bottom: 1px solid #f3f3f3;\n    text-align: left;\n}\n.opr-toplist-table thead th {\n    padding-top: 4px;\n    padding-bottom: 4px;\n    font-weight: 400;\n    color: #666;\n    white-space: nowrap;\n    background-color: #fafafa;  \n}\n.opr-toplist-table .opr-toplist-right {\n    text-align: right;\n    white-space: nowrap;\n}\n.opr-toplist-table td {\n    width: 100%;\n    font-size: 13px;\n    padding-top: 6.5px;\n    padding-bottom: 6.5px;\n    vertical-align: top;\n}\n.opr-toplist-table a:hover {\n    text-decoration: underline;\n}\n.opr-index-item {\n    display: inline-block;\n    padding:1px 0;\n    color: #fff;\n    width: 14px;\n    line-height: 100%;\n    font-size: 12px;\n    text-align: center;\n    background-color: #8eb9f5;\n    margin-right: 5px;\n}\n.opr-index-hot1 {\n    background-color: #f54545;\n}\n\n.opr-index-hot2 {\n    background-color: #ff8547;\n}\n.opr-index-hot3 {\n    background-color: #ffac38;\n}\n.opr-item-text {\n    text-decoration: none;  \n}\n.opr-toplist-info {\n    color: #666;\n    text-align: right;\n    margin-top: 5px;\n}\n.opr-toplist-info&gt;a {\n    color: #666;\n}\n    </style>\n  </head>\n  <body link=\"#0000cc\">\n    <div class=\"wrapper_l\" id=\"wrapper\">\n      <div id=\"head\">\n        <div class=\"head_wrapper\">\n          <div class=\"s_form\">\n            <div class=\"s_form_wrapper\">\n              <a shape=\"rect\" id=\"result_logo\" href=\"//www.baidu.com/\">\n                <img src=\"//www.baidu.com/img/baidu_jgylogo3.gif\" alt=\"到百度首页\" title=\"到百度首页\"/>\n              </a>\n              <form enctype=\"application/x-www-form-urlencoded\" method=\"get\" class=\"fm\" id=\"form\" name=\"f\" action=\"//www.baidu.com/s\">\n                <input type=\"hidden\" name=\"ie\" value=\"utf-8\"/>\n                <input type=\"hidden\" name=\"f\" value=\"8\"/>\n                <input type=\"hidden\" name=\"rsv_bp\" value=\"1\"/>\n                <input type=\"hidden\" name=\"ch\" value=\"\"/>\n                <input type=\"hidden\" name=\"tn\" value=\"baiduerr\"/>\n                <input type=\"hidden\" name=\"bar\" value=\"\"/>\n                <span class=\"bg s_ipt_wr iptfocus\">\n                  <input maxlength=\"255\" type=\"text\" class=\"s_ipt\" id=\"kw\" name=\"wd\" value=\"\" autocomplete=\"off\" autofocus=\"autofocus\"/>\n                </span>\n                <span class=\"bg s_btn_wr\">\n                  <input type=\"submit\" class=\"bg s_btn\" id=\"su\" value=\"百度一下\"/>\n                </span>\n              </form>\n            </div>\n          </div>\n        </div>\n      </div>\n      <div class=\"s_tab\" id=\"s_tab\">\n        <b>网页</b>\n        <a shape=\"rect\" href=\"http://tieba.baidu.com/f?kw=&amp;fr=wwwt\" wdfield=\"kw\">贴吧</a>\n        <a shape=\"rect\" href=\"http://zhidao.baidu.com/q?ct=17&amp;pn=0&amp;tn=ikaslist&amp;rn=10&amp;word=&amp;fr=wwwt\" wdfield=\"word\">知道</a>\n        <a shape=\"rect\" href=\"http://music.baidu.com/search?fr=ps&amp;ie=utf-8&amp;key=\" wdfield=\"key\">音乐</a>\n        <a shape=\"rect\" href=\"http://image.baidu.com/i?tn=baiduimage&amp;ps=1&amp;ct=201326592&amp;lm=-1&amp;cl=2&amp;nc=1&amp;ie=utf-8&amp;word=\" wdfield=\"word\">图片</a>\n        <a shape=\"rect\" href=\"http://v.baidu.com/v?ct=301989888&amp;rn=20&amp;pn=0&amp;db=0&amp;s=25&amp;ie=utf-8&amp;word=\" wdfield=\"word\">视频</a>\n        <a shape=\"rect\" href=\"http://map.baidu.com/m?word=&amp;fr=ps01000\" wdfield=\"word\">地图</a>\n        <a shape=\"rect\" href=\"http://wenku.baidu.com/search?word=&amp;lm=0&amp;od=0&amp;ie=utf-8\" wdfield=\"word\">文库</a>\n        <a shape=\"rect\" href=\"//www.baidu.com/more/\">更多»</a>\n      </div>\n      <div id=\"wrapper_wrapper\">\n        <div id=\"content_left\">\n          <div class=\"nors\">\n            <div class=\"norsSuggest\">\n              <h3 class=\"norsTitle\">很抱歉，您要访问的页面不存在！</h3>\n              <p class=\"norsTitle2\">温馨提示：</p>\n              <ol>\n                <li>请检查您访问的网址是否正确</li>\n                <li>\n如果您不能确认访问的网址，请浏览                  <a shape=\"rect\" href=\"//www.baidu.com/more/index.html\">百度更多</a>\n页面查看更多网址。                </li>\n                <li>回到顶部重新发起搜索</li>\n                <li>\n如有任何意见或建议，请及时                  <a shape=\"rect\" href=\"http://qingting.baidu.com/index\">反馈给我们</a>\n。                </li>\n              </ol>\n            </div>\n          </div>\n        </div>\n      </div>\n      <div id=\"foot\">\n        <span id=\"help\" style=\"float:left;padding-left:121px\">\n          <a shape=\"rect\" href=\"http://help.baidu.com/question\" target=\"_blank\">帮助</a>\n          <a shape=\"rect\" href=\"http://www.baidu.com/search/jubao.html\" target=\"_blank\">举报</a>\n          <a shape=\"rect\" href=\"http://jianyi.baidu.com\" target=\"_blank\">给百度提建议</a>\n        </span>\n      </div>\n    </div>\n  </body>\n  <script>\n(function () {\n        var LOGURL = \'https://sp1.baidu.com/5b1ZeDe5KgQFm2e88IuM_a/cm.gif\';\n        var params = \'type=wwwerror&amp;terminal=www\';\n        var img = new Image();\n        img.src = LOGURL + \'?\' + params;\n    })();\n    (function () {\n        if(window.recommend &amp;&amp; window.recommend.query &amp;&amp; window.recommend.query.length &gt; 0) {\n            var recommendWrapper = document.createElement(\'div\');\n            var recommendHtml = \'&lt;div class=\"cr-content\"&gt;&lt;div class=\"opr-toplist-title\"&gt;\' + window.recommend.title + \'&lt;/div&gt;&lt;table class=\"opr-toplist-table\"&gt;&lt;thead&gt;&lt;tr&gt;&lt;th&gt;排名&lt;/th&gt;&lt;/tr&gt;&lt;/thead&gt;\';\n            var queryArray = window.recommend.query;\n            var itemUrl = \'\';\n            for(var i = 1; i &lt; (queryArray.length+1); i++) {\n                itemUrl = \'//www.baidu.com/s?word=\' + encodeURIComponent(queryArray[i-1].word) + \'&amp;sa=\' + queryArray[i-1].sa + \'&amp;tn=\' + queryArray[i-1].tn;\n                if (queryArray[i-1].rsv_dl) {\n                    itemUrl += \"&amp;rsv_dl=\" + queryArray[i-1].rsv_dl;\n                }\n                \n                if (i &lt; 4) {\n                    recommendHtml += \'&lt;tr&gt;&lt;td&gt;&lt;span class=\"opr-index-hot\' + i + \' opr-index-item\"&gt;\' + i + \'&lt;/span&gt;&lt;a target=\"_blank\" href=\"\' + itemUrl +\'\" class=\"opr-item-text\"&gt;\' + queryArray[i-1].word + \'&lt;/a&gt;&lt;/td&gt;&lt;/tr&gt;\';\n                } else {\n                    recommendHtml += \'&lt;tr&gt;&lt;td&gt;&lt;span class=\"opr-index-item\"&gt;\' + i + \'&lt;/span&gt;&lt;a target=\"_blank\" href=\"\' + itemUrl +\'\" class=\"opr-item-text\"&gt;\' + queryArray[i-1].word + \'&lt;/a&gt;&lt;/td&gt;&lt;/tr&gt;\';\n                }\n            }\n            recommendHtml += \'&lt;/tbody&gt;&lt;/table&gt;&lt;div class=\"opr-toplist-info\"&gt;&lt;span&gt;来源：&lt;/span&gt;&lt;a target=\"_blank\" href=\"http://www.baidu.com/link?url=sLR63PtaB7kc3YkTtzDy1k3mbTm1DXDMu-nLcijZx8DmWgOff4lBxqmY-LGDyHqw\"&gt;百度风云榜&lt;/a&gt;&lt;span&gt;&amp;nbsp;-&amp;nbsp;&lt;/span&gt;&lt;a target=\"_blank\" href=\"http://www.baidu.com/link?url=01vNBVXR2eaJxETl9PI3hcrvKCcwaJIKk5FkpO7l5YI_Q_pC24ogIBoZxI0LAu5oYpAdhRH42nzxAqfui0YnHK\"&gt;实时热点&lt;/a&gt;&lt;/div&gt;&lt;/div&gt;\';\n            recommendWrapper.setAttribute(\'id\', \'content_right\');\n            document.getElementById(\'wrapper_wrapper\').insertBefore(recommendWrapper, document.getElementById(\'content_left\'));\n            var recommend = document.getElementById(\'content_right\');\n            recommend.innerHTML = recommendHtml;\n        }\n})();\n(function(){\n    var bds = {\n        util: {}\n    };\n    var c = document.getElementById(\'kw\').parentNode;\n\n    bds.util.getWinWidth = function(){\n        return window.document.documentElement.clientWidth;\n    };\n\n    bds.util.setFormWidth = function(){\n        var width = bds.util.getWinWidth();\n        if(width &lt; 1217)    {bds.util.setClass(c, \'ip_short\', \'add\')}\n        else                {bds.util.setClass(c, \'ip_short\', \'remove\')};\n    };\n\n    bds.util.setClass = function(obj, class_name, set) {\n        var ori_class = obj.className,\n            has_class_p = -1,\n            ori_class_arr = [],\n            new_class = \'\';\n\n        if(ori_class.length) ori_class_arr = ori_class.split(\' \');\n\n        for( i in ori_class_arr) {\n            if(ori_class_arr[i] == class_name) has_class_p = i;\n        }\n\n        if( set == \'remove\' &amp;&amp; has_class_p &gt;= 0) {\n            ori_class_arr.splice(has_class_p, 1);\n            new_class = ori_class_arr.join(\' \');\n            obj.className = new_class;\n        } else if( set == \'add\' &amp;&amp; has_class_p &lt; 0) {\n            ori_class_arr.push(class_name);\n            new_class = ori_class_arr.join(\' \');\n            obj.className = new_class;\n        }\n    }\n    bds.util.setFormWidth();\n\n    if (typeof document.addEventListener != \"undefined\") {\n        window.addEventListener(\'resize\', bds.util.setFormWidth, false);\n        document.getElementById(\'kw\').addEventListener(\'focus\', function(){bds.util.setClass(c,\'iptfocus\', \'add\');}, false);\n        document.getElementById(\'kw\').addEventListener(\'blur\', function(){bds.util.setClass(c,\'iptfocus\', \'remove\');}, false);\n    } else {\n        window.attachEvent(\'onresize\', bds.util.setFormWidth, false);\n        document.getElementById(\'kw\').attachEvent(\'onfocus\', function(){bds.util.setClass(c,\'iptfocus\', \'add\');}, false);\n        document.getElementById(\'kw\').attachEvent(\'onblur\', function(){bds.util.setClass(c,\'iptfocus\', \'remove\');}, false);\n    } \n\n})();\n\n\n</script>\n</html>',15852,'[{\"key\":\"Accept-Ranges\",\"value\":\"bytes\"},{\"key\":\"Cache-Control\",\"value\":\"max-age=86400\"},{\"key\":\"Connection\",\"value\":\"Keep-Alive\"},{\"key\":\"Content-Encoding\",\"value\":\"gzip\"},{\"key\":\"Content-Length\",\"value\":\"4863\"},{\"key\":\"Content-Type\",\"value\":\"text/html\"},{\"key\":\"Date\",\"value\":\"Tue, 03 Mar 2020 09:48:45 GMT\"},{\"key\":\"Etag\",\"value\":\"\\\"3dec-57b3a9a43af80\\\"\"},{\"key\":\"Expires\",\"value\":\"Wed, 04 Mar 2020 09:48:45 GMT\"},{\"key\":\"Last-Modified\",\"value\":\"Thu, 22 Nov 2018 06:01:50 GMT\"},{\"key\":\"P3p\",\"value\":\"CP=\\\" OTI DSP COR IVA OUR IND COM \\\"\"},{\"key\":\"Server\",\"value\":\"Apache\"},{\"key\":\"Set-Cookie\",\"value\":\"BAIDUID=75F92A0662C1E185BD49F0D5B42FC2DE:FG=1; expires=Wed, 03-Mar-21 09:48:45 GMT; max-age=31536000; path=/; domain=.baidu.com; version=1\"},{\"key\":\"Vary\",\"value\":\"Accept-Encoding,User-Agent\"}]','[]','[{\"dataSource\":\"bodyJson\",\"expectRelation\":\"等于\",\"expectValue\":\"说的是\",\"extractExpress\":\"result.list[0].pageName\",\"extractType\":\"string\",\"realType\":\"null\",\"realValue\":\"\",\"result\":false},{\"dataSource\":\"code\",\"expectRelation\":\"等于\",\"expectValue\":\"200\",\"extractExpress\":\"\",\"extractType\":\"number\",\"realType\":\"number\",\"realValue\":\"200\",\"result\":true},{\"dataSource\":\"bodyJson\",\"expectRelation\":\"等于\",\"expectValue\":\"401\",\"extractExpress\":\"error.code\",\"extractType\":\"number\",\"realType\":\"null\",\"realValue\":\"\",\"result\":false},{\"dataSource\":\"bodyReg\",\"expectRelation\":\"等于\",\"expectValue\":\"未登录或登陆失效，请先登录\",\"extractExpress\":\"\\\"message\\\": \\\"(.*?)\\\"\",\"extractType\":\"string\",\"realType\":\"null\",\"realValue\":\"\",\"result\":false},{\"dataSource\":\"header\",\"expectRelation\":\"等于\",\"expectValue\":\"231243\",\"extractExpress\":\"Date\",\"extractType\":\"string\",\"realType\":\"string\",\"realValue\":\"Tue, 03 Mar 2020 09:48:45 GMT\",\"result\":false}]',811,NULL,'2020-03-03 17:48:44.021'),(3,1,2,104,'第一个',0,'GET','http://www.baidu.com/public/projectPage/listPage','[{\"key\":\"token\",\"value\":\"eyJhbGciOiJIUzI1NiJ9.eyJMT0dJTl9VU0VSX0tFWSI6Ijg4MjRlYTk3LTc5MzktNGYyYS1iM2M1LTU2MTYzOWUyZjY3MSJ9.3aonnRcqaQUorlaBQLH8dg3zrYiAlTDQlMMgJpiuf3g\"}]','[{\"key\":\"pageNum\",\"value\":\"1\"},{\"key\":\"pageSize\",\"value\":\"10\"},{\"key\":\"pageCount\",\"value\":\"14\"},{\"key\":\"serchData\",\"value\":\"%7B%22pageName%22:%22%22,%22projectId%22:2%7D\"}]','raw',NULL,NULL,200,'html','<html>\n  <head>\n    <meta http-equiv=\"X-UA-Compatible\" content=\"IE=edge,chrome=1\"/>\n    <meta http-equiv=\"content-type\" content=\"text/html;charset=utf-8\"/>\n    <meta name=\"referrer\" content=\"always\"/>\n    <script src=\"https://ss1.bdstatic.com/5eN1bjq8AAUYm2zgoY3K/r/www/nocache/imgdata/seErrorRec.js\"/>\n    <title>页面不存在_百度搜索</title>\n    <style data-for=\"result\">\n        body {color: #333; background: #fff; padding: 0; margin: 0; position: relative; min-width: 700px; font-family: arial; font-size: 12px }\n        p, form, ol, ul, li, dl, dt, dd, h3 {margin: 0; padding: 0; list-style: none }\n        input {padding-top: 0; padding-bottom: 0; -moz-box-sizing: border-box; -webkit-box-sizing: border-box; box-sizing: border-box } img {border: none; }\n        .logo {width: 117px; height: 38px; cursor: pointer }\n         #wrapper {_zoom: 1 }\n        #head {padding-left: 35px; margin-bottom: 20px; width: 900px }\n        .fm {clear: both; position: relative; z-index: 297 }\n        .btn, #more {font-size: 14px } \n        .s_btn {width: 95px; height: 32px; padding-top: 2px\\9; font-size: 14px; padding: 0; background-color: #ddd; background-position: 0 -48px; border: 0; cursor: pointer }\n        .s_btn_h {background-position: -240px -48px }\n        .s_btn_wr {width: 97px; height: 34px; display: inline-block; background-position: -120px -48px; *position: relative; z-index: 0; vertical-align: top }\n        #foot {}\n        #foot span {color: #666 }\n        .s_ipt_wr {height: 32px }\n        .s_form:after, .s_tab:after {content: \".\"; display: block; height: 0; clear: both; visibility: hidden }\n        .s_form {zoom: 1; height: 55px; padding: 0 0 0 10px }\n        #result_logo {float: left; margin: 7px 0 0 }\n        #result_logo img {width: 101px }\n        #head {padding: 0; margin: 0; width: 100%; position: absolute; z-index: 301; min-width: 1000px; background: #fff; border-bottom: 1px solid #ebebeb; position: fixed; _position: absolute; -webkit-transform: translateZ(0) }\n        #head .head_wrapper {_width: 1000px }\n        #head.s_down {box-shadow: 0 0 5px #888 }\n        .fm {clear: none; float: left; margin: 11px 0 0 10px }\n        #s_tab {background: #f8f8f8; line-height: 36px; height: 38px; padding: 55px 0 0 121px; float: none; zoom: 1 }\n        #s_tab a, #s_tab b {width: 54px; display: inline-block; text-decoration: none; text-align: center; color: #666; font-size: 14px }\n        #s_tab b {border-bottom: 2px solid #38f; font-weight: bold; color: #323232 }\n        #s_tab a:hover {color: #323232 }\n        #content_left {width: 540px; padding-left: 121px; padding-top: 5px }\n        .to_tieba, .to_zhidao_bottom {margin: 10px 0 0 121px }\n        #help {background: #f5f6f5; zoom: 1; padding: 0 0 0 50px; float: right }\n        #help a {color: #777; padding: 0 15px; text-decoration: none }\n        #help a:hover {color: #333 }\n        #foot {position: fixed; bottom:0; width: 100%; background: #f5f6f5; border-top: 1px solid #ebebeb; text-align: left; height: 42px; line-height: 42px; margin-top: 40px; *margin-top: 0; _position:absolute; _bottom:auto; _top:expression(eval(document.documentElement.scrollTop+document.documentElement.clientHeight-this.offsetHeight-(parseInt(this.currentStyle.marginTop,10)||0)-(parseInt(this.currentStyle.marginBottom,10)||0))); }\n\n        .content_none {padding: 45px 0 25px 121px } .s_ipt_wr.bg,\n        .s_btn_wr.bg, #su.bg {background-image: none }\n        .s_ipt_wr.bg {background: 0 }\n        .s_btn_wr {width: auto; height: auto; border-bottom: 1px solid transparent; *border-bottom: 0 }\n        .s_btn {width: 100px; height: 34px; color: white; letter-spacing: 1px; background: #3385ff; border-bottom: 1px solid #2d78f4; outline: medium; *border-bottom: 0; -webkit-appearance: none; -webkit-border-radius: 0 }\n        .s_btn:hover {background: #317ef3; border-bottom: 1px solid #2868c8; *border-bottom: 0; box-shadow: 1px 1px 1px #ccc }\n        .s_btn:active {background: #3075dc; box-shadow: inset 1px 1px 3px #2964bb; -webkit-box-shadow: inset 1px 1px 3px #2964bb; -moz-box-shadow: inset 1px 1px 3px #2964bb; -o-box-shadow: inset 1px 1px 3px #2964bb }\n        #lg {display: none }\n        #head .headBlock {margin: -5px 0 6px 121px }\n        #content_left .leftBlock {margin-bottom: 14px; padding-bottom: 5px; border-bottom: 1px solid #f3f3f3 }\n        .s_ipt_wr {border: 1px solid #b6b6b6; border-color: #7b7b7b #b6b6b6 #b6b6b6 #7b7b7b; background: #fff; display: inline-block; vertical-align: top; width: 539px; margin-right: 0; border-right-width: 0; border-color: #b8b8b8 transparent #ccc #b8b8b8; overflow: hidden }\n        .s_ipt_wr.ip_short {width: 439px; }\n        .s_ipt_wr:hover, .s_ipt_wr.ipthover {border-color: #999 transparent #b3b3b3 #999 }\n        .s_ipt_wr.iptfocus {border-color: #4791ff transparent #4791ff #4791ff }\n        .s_ipt_tip {color: #aaa; position: absolute; z-index: -10; font: 16px/22px arial; height: 32px; line-height: 32px; padding-left: 7px; overflow: hidden; width: 526px }\n        .s_ipt {width: 526px; height: 22px; font: 16px/18px arial; line-height: 22px\\9; margin: 6px 0 0 7px; padding: 0; background: transparent; border: 0; outline: 0; -webkit-appearance: none }\n        #kw {position: relative;display: inline-block;}\n        input::-ms-clear {display: none }\n        /*Error page css*/\n        .norsSuggest {display: inline-block; color: #333; font-family: arial; font-size: 13px; position: relative; } \n        .norsTitle {font-size: 22px; font-family: Microsoft Yahei; font-weight: normal; color: #333; margin: 35px 0 25px 0; }\n        .norsTitle2 {font-family: arial; font-size: 13px; color: #666; }\n        .norsSuggest ol {margin-left: 47px; }\n        .norsSuggest li {margin: 13px 0; }\n        #content_right {\n    border-left: 1px solid #e1e1e1;\n    width: 384px;\n    margin-top: 25px;\n    float: right;\n    padding-left: 17px;\n}\n#wrapper_wrapper {\n    width: 1212px;\n}\n.cr-content {\n    width: 351px;\n    font-size: 13px;\n    line-height: 1.54em;\n    color: #333;\n    margin-top: 6px;\n    margin-bottom: 28px;\n    word-wrap: break-word;\n    word-break: normal;\n}\n@media screen and (max-width: 1217px) {\n    #wrapper_wrapper {\n        width: 1002px;\n    }\n    #wrapper_wrapper #content_right {\n        width: 271px;\n    }\n    #wrapper_wrapper .cr-content {\n        width: 259px;\n    }\n}\n.opr-toplist-title {\n    position: relative;\n    font-size: 14px;\n    line-height: 1.29em;\n    font-weight: 700;\n    margin-bottom: 10px;\n}\n.opr-toplist-table {\n    width: 100%;\n    border-collapse: collapse;\n    border-spacing: 0;\n    font-size: 13px;\n}\n.opr-toplist-table th,td {\n    line-height: 1.54;\n    border-bottom: 1px solid #f3f3f3;\n    text-align: left;\n}\n.opr-toplist-table thead th {\n    padding-top: 4px;\n    padding-bottom: 4px;\n    font-weight: 400;\n    color: #666;\n    white-space: nowrap;\n    background-color: #fafafa;  \n}\n.opr-toplist-table .opr-toplist-right {\n    text-align: right;\n    white-space: nowrap;\n}\n.opr-toplist-table td {\n    width: 100%;\n    font-size: 13px;\n    padding-top: 6.5px;\n    padding-bottom: 6.5px;\n    vertical-align: top;\n}\n.opr-toplist-table a:hover {\n    text-decoration: underline;\n}\n.opr-index-item {\n    display: inline-block;\n    padding:1px 0;\n    color: #fff;\n    width: 14px;\n    line-height: 100%;\n    font-size: 12px;\n    text-align: center;\n    background-color: #8eb9f5;\n    margin-right: 5px;\n}\n.opr-index-hot1 {\n    background-color: #f54545;\n}\n\n.opr-index-hot2 {\n    background-color: #ff8547;\n}\n.opr-index-hot3 {\n    background-color: #ffac38;\n}\n.opr-item-text {\n    text-decoration: none;  \n}\n.opr-toplist-info {\n    color: #666;\n    text-align: right;\n    margin-top: 5px;\n}\n.opr-toplist-info&gt;a {\n    color: #666;\n}\n    </style>\n  </head>\n  <body link=\"#0000cc\">\n    <div class=\"wrapper_l\" id=\"wrapper\">\n      <div id=\"head\">\n        <div class=\"head_wrapper\">\n          <div class=\"s_form\">\n            <div class=\"s_form_wrapper\">\n              <a shape=\"rect\" id=\"result_logo\" href=\"//www.baidu.com/\">\n                <img src=\"//www.baidu.com/img/baidu_jgylogo3.gif\" alt=\"到百度首页\" title=\"到百度首页\"/>\n              </a>\n              <form enctype=\"application/x-www-form-urlencoded\" method=\"get\" class=\"fm\" id=\"form\" name=\"f\" action=\"//www.baidu.com/s\">\n                <input type=\"hidden\" name=\"ie\" value=\"utf-8\"/>\n                <input type=\"hidden\" name=\"f\" value=\"8\"/>\n                <input type=\"hidden\" name=\"rsv_bp\" value=\"1\"/>\n                <input type=\"hidden\" name=\"ch\" value=\"\"/>\n                <input type=\"hidden\" name=\"tn\" value=\"baiduerr\"/>\n                <input type=\"hidden\" name=\"bar\" value=\"\"/>\n                <span class=\"bg s_ipt_wr iptfocus\">\n                  <input maxlength=\"255\" type=\"text\" class=\"s_ipt\" id=\"kw\" name=\"wd\" value=\"\" autocomplete=\"off\" autofocus=\"autofocus\"/>\n                </span>\n                <span class=\"bg s_btn_wr\">\n                  <input type=\"submit\" class=\"bg s_btn\" id=\"su\" value=\"百度一下\"/>\n                </span>\n              </form>\n            </div>\n          </div>\n        </div>\n      </div>\n      <div class=\"s_tab\" id=\"s_tab\">\n        <b>网页</b>\n        <a shape=\"rect\" href=\"http://tieba.baidu.com/f?kw=&amp;fr=wwwt\" wdfield=\"kw\">贴吧</a>\n        <a shape=\"rect\" href=\"http://zhidao.baidu.com/q?ct=17&amp;pn=0&amp;tn=ikaslist&amp;rn=10&amp;word=&amp;fr=wwwt\" wdfield=\"word\">知道</a>\n        <a shape=\"rect\" href=\"http://music.baidu.com/search?fr=ps&amp;ie=utf-8&amp;key=\" wdfield=\"key\">音乐</a>\n        <a shape=\"rect\" href=\"http://image.baidu.com/i?tn=baiduimage&amp;ps=1&amp;ct=201326592&amp;lm=-1&amp;cl=2&amp;nc=1&amp;ie=utf-8&amp;word=\" wdfield=\"word\">图片</a>\n        <a shape=\"rect\" href=\"http://v.baidu.com/v?ct=301989888&amp;rn=20&amp;pn=0&amp;db=0&amp;s=25&amp;ie=utf-8&amp;word=\" wdfield=\"word\">视频</a>\n        <a shape=\"rect\" href=\"http://map.baidu.com/m?word=&amp;fr=ps01000\" wdfield=\"word\">地图</a>\n        <a shape=\"rect\" href=\"http://wenku.baidu.com/search?word=&amp;lm=0&amp;od=0&amp;ie=utf-8\" wdfield=\"word\">文库</a>\n        <a shape=\"rect\" href=\"//www.baidu.com/more/\">更多»</a>\n      </div>\n      <div id=\"wrapper_wrapper\">\n        <div id=\"content_left\">\n          <div class=\"nors\">\n            <div class=\"norsSuggest\">\n              <h3 class=\"norsTitle\">很抱歉，您要访问的页面不存在！</h3>\n              <p class=\"norsTitle2\">温馨提示：</p>\n              <ol>\n                <li>请检查您访问的网址是否正确</li>\n                <li>\n如果您不能确认访问的网址，请浏览                  <a shape=\"rect\" href=\"//www.baidu.com/more/index.html\">百度更多</a>\n页面查看更多网址。                </li>\n                <li>回到顶部重新发起搜索</li>\n                <li>\n如有任何意见或建议，请及时                  <a shape=\"rect\" href=\"http://qingting.baidu.com/index\">反馈给我们</a>\n。                </li>\n              </ol>\n            </div>\n          </div>\n        </div>\n      </div>\n      <div id=\"foot\">\n        <span id=\"help\" style=\"float:left;padding-left:121px\">\n          <a shape=\"rect\" href=\"http://help.baidu.com/question\" target=\"_blank\">帮助</a>\n          <a shape=\"rect\" href=\"http://www.baidu.com/search/jubao.html\" target=\"_blank\">举报</a>\n          <a shape=\"rect\" href=\"http://jianyi.baidu.com\" target=\"_blank\">给百度提建议</a>\n        </span>\n      </div>\n    </div>\n  </body>\n  <script>\n(function () {\n        var LOGURL = \'https://sp1.baidu.com/5b1ZeDe5KgQFm2e88IuM_a/cm.gif\';\n        var params = \'type=wwwerror&amp;terminal=www\';\n        var img = new Image();\n        img.src = LOGURL + \'?\' + params;\n    })();\n    (function () {\n        if(window.recommend &amp;&amp; window.recommend.query &amp;&amp; window.recommend.query.length &gt; 0) {\n            var recommendWrapper = document.createElement(\'div\');\n            var recommendHtml = \'&lt;div class=\"cr-content\"&gt;&lt;div class=\"opr-toplist-title\"&gt;\' + window.recommend.title + \'&lt;/div&gt;&lt;table class=\"opr-toplist-table\"&gt;&lt;thead&gt;&lt;tr&gt;&lt;th&gt;排名&lt;/th&gt;&lt;/tr&gt;&lt;/thead&gt;\';\n            var queryArray = window.recommend.query;\n            var itemUrl = \'\';\n            for(var i = 1; i &lt; (queryArray.length+1); i++) {\n                itemUrl = \'//www.baidu.com/s?word=\' + encodeURIComponent(queryArray[i-1].word) + \'&amp;sa=\' + queryArray[i-1].sa + \'&amp;tn=\' + queryArray[i-1].tn;\n                if (queryArray[i-1].rsv_dl) {\n                    itemUrl += \"&amp;rsv_dl=\" + queryArray[i-1].rsv_dl;\n                }\n                \n                if (i &lt; 4) {\n                    recommendHtml += \'&lt;tr&gt;&lt;td&gt;&lt;span class=\"opr-index-hot\' + i + \' opr-index-item\"&gt;\' + i + \'&lt;/span&gt;&lt;a target=\"_blank\" href=\"\' + itemUrl +\'\" class=\"opr-item-text\"&gt;\' + queryArray[i-1].word + \'&lt;/a&gt;&lt;/td&gt;&lt;/tr&gt;\';\n                } else {\n                    recommendHtml += \'&lt;tr&gt;&lt;td&gt;&lt;span class=\"opr-index-item\"&gt;\' + i + \'&lt;/span&gt;&lt;a target=\"_blank\" href=\"\' + itemUrl +\'\" class=\"opr-item-text\"&gt;\' + queryArray[i-1].word + \'&lt;/a&gt;&lt;/td&gt;&lt;/tr&gt;\';\n                }\n            }\n            recommendHtml += \'&lt;/tbody&gt;&lt;/table&gt;&lt;div class=\"opr-toplist-info\"&gt;&lt;span&gt;来源：&lt;/span&gt;&lt;a target=\"_blank\" href=\"http://www.baidu.com/link?url=sLR63PtaB7kc3YkTtzDy1k3mbTm1DXDMu-nLcijZx8DmWgOff4lBxqmY-LGDyHqw\"&gt;百度风云榜&lt;/a&gt;&lt;span&gt;&amp;nbsp;-&amp;nbsp;&lt;/span&gt;&lt;a target=\"_blank\" href=\"http://www.baidu.com/link?url=01vNBVXR2eaJxETl9PI3hcrvKCcwaJIKk5FkpO7l5YI_Q_pC24ogIBoZxI0LAu5oYpAdhRH42nzxAqfui0YnHK\"&gt;实时热点&lt;/a&gt;&lt;/div&gt;&lt;/div&gt;\';\n            recommendWrapper.setAttribute(\'id\', \'content_right\');\n            document.getElementById(\'wrapper_wrapper\').insertBefore(recommendWrapper, document.getElementById(\'content_left\'));\n            var recommend = document.getElementById(\'content_right\');\n            recommend.innerHTML = recommendHtml;\n        }\n})();\n(function(){\n    var bds = {\n        util: {}\n    };\n    var c = document.getElementById(\'kw\').parentNode;\n\n    bds.util.getWinWidth = function(){\n        return window.document.documentElement.clientWidth;\n    };\n\n    bds.util.setFormWidth = function(){\n        var width = bds.util.getWinWidth();\n        if(width &lt; 1217)    {bds.util.setClass(c, \'ip_short\', \'add\')}\n        else                {bds.util.setClass(c, \'ip_short\', \'remove\')};\n    };\n\n    bds.util.setClass = function(obj, class_name, set) {\n        var ori_class = obj.className,\n            has_class_p = -1,\n            ori_class_arr = [],\n            new_class = \'\';\n\n        if(ori_class.length) ori_class_arr = ori_class.split(\' \');\n\n        for( i in ori_class_arr) {\n            if(ori_class_arr[i] == class_name) has_class_p = i;\n        }\n\n        if( set == \'remove\' &amp;&amp; has_class_p &gt;= 0) {\n            ori_class_arr.splice(has_class_p, 1);\n            new_class = ori_class_arr.join(\' \');\n            obj.className = new_class;\n        } else if( set == \'add\' &amp;&amp; has_class_p &lt; 0) {\n            ori_class_arr.push(class_name);\n            new_class = ori_class_arr.join(\' \');\n            obj.className = new_class;\n        }\n    }\n    bds.util.setFormWidth();\n\n    if (typeof document.addEventListener != \"undefined\") {\n        window.addEventListener(\'resize\', bds.util.setFormWidth, false);\n        document.getElementById(\'kw\').addEventListener(\'focus\', function(){bds.util.setClass(c,\'iptfocus\', \'add\');}, false);\n        document.getElementById(\'kw\').addEventListener(\'blur\', function(){bds.util.setClass(c,\'iptfocus\', \'remove\');}, false);\n    } else {\n        window.attachEvent(\'onresize\', bds.util.setFormWidth, false);\n        document.getElementById(\'kw\').attachEvent(\'onfocus\', function(){bds.util.setClass(c,\'iptfocus\', \'add\');}, false);\n        document.getElementById(\'kw\').attachEvent(\'onblur\', function(){bds.util.setClass(c,\'iptfocus\', \'remove\');}, false);\n    } \n\n})();\n\n\n</script>\n</html>',15852,'[{\"key\":\"Accept-Ranges\",\"value\":\"bytes\"},{\"key\":\"Cache-Control\",\"value\":\"max-age=86400\"},{\"key\":\"Connection\",\"value\":\"Keep-Alive\"},{\"key\":\"Content-Encoding\",\"value\":\"gzip\"},{\"key\":\"Content-Length\",\"value\":\"4863\"},{\"key\":\"Content-Type\",\"value\":\"text/html\"},{\"key\":\"Date\",\"value\":\"Tue, 03 Mar 2020 09:48:46 GMT\"},{\"key\":\"Etag\",\"value\":\"\\\"3dec-57b3a9a43af80\\\"\"},{\"key\":\"Expires\",\"value\":\"Wed, 04 Mar 2020 09:48:46 GMT\"},{\"key\":\"Last-Modified\",\"value\":\"Thu, 22 Nov 2018 06:01:50 GMT\"},{\"key\":\"P3p\",\"value\":\"CP=\\\" OTI DSP COR IVA OUR IND COM \\\"\"},{\"key\":\"Server\",\"value\":\"Apache\"},{\"key\":\"Set-Cookie\",\"value\":\"BAIDUID=3B19198C530DA18511FA642E12FA52A3:FG=1; expires=Wed, 03-Mar-21 09:48:46 GMT; max-age=31536000; path=/; domain=.baidu.com; version=1\"},{\"key\":\"Vary\",\"value\":\"Accept-Encoding,User-Agent\"}]','[{\"dataSource\":\"bodyJson\",\"extractExpress\":\"error.code\",\"realType\":\"null\",\"realValue\":\"\",\"varName\":\"errorCode\"}]','[{\"dataSource\":\"bodyJson\",\"expectRelation\":\"等于\",\"expectValue\":\"说的是\",\"extractExpress\":\"result.list[0].pageName\",\"extractType\":\"string\",\"realType\":\"null\",\"realValue\":\"\",\"result\":false},{\"dataSource\":\"code\",\"expectRelation\":\"等于\",\"expectValue\":\"200\",\"extractExpress\":\"\",\"extractType\":\"number\",\"realType\":\"number\",\"realValue\":\"200\",\"result\":true},{\"dataSource\":\"bodyJson\",\"expectRelation\":\"等于\",\"expectValue\":\"401\",\"extractExpress\":\"error.code\",\"extractType\":\"number\",\"realType\":\"null\",\"realValue\":\"\",\"result\":false},{\"dataSource\":\"bodyReg\",\"expectRelation\":\"等于\",\"expectValue\":\"未登录或登陆失效，请先登录\",\"extractExpress\":\"\\\"message\\\": \\\"(.*?)\\\"\",\"extractType\":\"string\",\"realType\":\"null\",\"realValue\":\"\",\"result\":false},{\"dataSource\":\"header\",\"expectRelation\":\"等于\",\"expectValue\":\"231243\",\"extractExpress\":\"Date\",\"extractType\":\"string\",\"realType\":\"string\",\"realValue\":\"Tue, 03 Mar 2020 09:48:46 GMT\",\"result\":false}]',1565,NULL,'2020-03-03 17:48:44.890'),(4,1,2,113,'元素列表，新建一个',0,'GET','http://www.baidu.com/public/projectPage/listPage','[{\"key\":\"token\",\"value\":\"eyJhbGciOiJIUzI1NiJ9.eyJMT0dJTl9VU0VSX0tFWSI6Ijg4MjRlYTk3LTc5MzktNGYyYS1iM2M1LTU2MTYzOWUyZjY3MSJ9.3aonnRcqaQUorlaBQLH8dg3zrYiAlTDQlMMgJpiuf3g\"},{\"key\":\"errorCode\",\"value\":\"\"}]','[{\"key\":\"pageNum\",\"value\":\"1\"},{\"key\":\"pageSize\",\"value\":\"10\"},{\"key\":\"pageCount\",\"value\":\"14\"},{\"key\":\"serchData\",\"value\":\"%7B%22pageName%22:%22%22,%22projectId%22:2%7D\"}]','raw',NULL,NULL,200,'html','<html>\n  <head>\n    <meta http-equiv=\"X-UA-Compatible\" content=\"IE=edge,chrome=1\"/>\n    <meta http-equiv=\"content-type\" content=\"text/html;charset=utf-8\"/>\n    <meta name=\"referrer\" content=\"always\"/>\n    <script src=\"https://ss1.bdstatic.com/5eN1bjq8AAUYm2zgoY3K/r/www/nocache/imgdata/seErrorRec.js\"/>\n    <title>页面不存在_百度搜索</title>\n    <style data-for=\"result\">\n        body {color: #333; background: #fff; padding: 0; margin: 0; position: relative; min-width: 700px; font-family: arial; font-size: 12px }\n        p, form, ol, ul, li, dl, dt, dd, h3 {margin: 0; padding: 0; list-style: none }\n        input {padding-top: 0; padding-bottom: 0; -moz-box-sizing: border-box; -webkit-box-sizing: border-box; box-sizing: border-box } img {border: none; }\n        .logo {width: 117px; height: 38px; cursor: pointer }\n         #wrapper {_zoom: 1 }\n        #head {padding-left: 35px; margin-bottom: 20px; width: 900px }\n        .fm {clear: both; position: relative; z-index: 297 }\n        .btn, #more {font-size: 14px } \n        .s_btn {width: 95px; height: 32px; padding-top: 2px\\9; font-size: 14px; padding: 0; background-color: #ddd; background-position: 0 -48px; border: 0; cursor: pointer }\n        .s_btn_h {background-position: -240px -48px }\n        .s_btn_wr {width: 97px; height: 34px; display: inline-block; background-position: -120px -48px; *position: relative; z-index: 0; vertical-align: top }\n        #foot {}\n        #foot span {color: #666 }\n        .s_ipt_wr {height: 32px }\n        .s_form:after, .s_tab:after {content: \".\"; display: block; height: 0; clear: both; visibility: hidden }\n        .s_form {zoom: 1; height: 55px; padding: 0 0 0 10px }\n        #result_logo {float: left; margin: 7px 0 0 }\n        #result_logo img {width: 101px }\n        #head {padding: 0; margin: 0; width: 100%; position: absolute; z-index: 301; min-width: 1000px; background: #fff; border-bottom: 1px solid #ebebeb; position: fixed; _position: absolute; -webkit-transform: translateZ(0) }\n        #head .head_wrapper {_width: 1000px }\n        #head.s_down {box-shadow: 0 0 5px #888 }\n        .fm {clear: none; float: left; margin: 11px 0 0 10px }\n        #s_tab {background: #f8f8f8; line-height: 36px; height: 38px; padding: 55px 0 0 121px; float: none; zoom: 1 }\n        #s_tab a, #s_tab b {width: 54px; display: inline-block; text-decoration: none; text-align: center; color: #666; font-size: 14px }\n        #s_tab b {border-bottom: 2px solid #38f; font-weight: bold; color: #323232 }\n        #s_tab a:hover {color: #323232 }\n        #content_left {width: 540px; padding-left: 121px; padding-top: 5px }\n        .to_tieba, .to_zhidao_bottom {margin: 10px 0 0 121px }\n        #help {background: #f5f6f5; zoom: 1; padding: 0 0 0 50px; float: right }\n        #help a {color: #777; padding: 0 15px; text-decoration: none }\n        #help a:hover {color: #333 }\n        #foot {position: fixed; bottom:0; width: 100%; background: #f5f6f5; border-top: 1px solid #ebebeb; text-align: left; height: 42px; line-height: 42px; margin-top: 40px; *margin-top: 0; _position:absolute; _bottom:auto; _top:expression(eval(document.documentElement.scrollTop+document.documentElement.clientHeight-this.offsetHeight-(parseInt(this.currentStyle.marginTop,10)||0)-(parseInt(this.currentStyle.marginBottom,10)||0))); }\n\n        .content_none {padding: 45px 0 25px 121px } .s_ipt_wr.bg,\n        .s_btn_wr.bg, #su.bg {background-image: none }\n        .s_ipt_wr.bg {background: 0 }\n        .s_btn_wr {width: auto; height: auto; border-bottom: 1px solid transparent; *border-bottom: 0 }\n        .s_btn {width: 100px; height: 34px; color: white; letter-spacing: 1px; background: #3385ff; border-bottom: 1px solid #2d78f4; outline: medium; *border-bottom: 0; -webkit-appearance: none; -webkit-border-radius: 0 }\n        .s_btn:hover {background: #317ef3; border-bottom: 1px solid #2868c8; *border-bottom: 0; box-shadow: 1px 1px 1px #ccc }\n        .s_btn:active {background: #3075dc; box-shadow: inset 1px 1px 3px #2964bb; -webkit-box-shadow: inset 1px 1px 3px #2964bb; -moz-box-shadow: inset 1px 1px 3px #2964bb; -o-box-shadow: inset 1px 1px 3px #2964bb }\n        #lg {display: none }\n        #head .headBlock {margin: -5px 0 6px 121px }\n        #content_left .leftBlock {margin-bottom: 14px; padding-bottom: 5px; border-bottom: 1px solid #f3f3f3 }\n        .s_ipt_wr {border: 1px solid #b6b6b6; border-color: #7b7b7b #b6b6b6 #b6b6b6 #7b7b7b; background: #fff; display: inline-block; vertical-align: top; width: 539px; margin-right: 0; border-right-width: 0; border-color: #b8b8b8 transparent #ccc #b8b8b8; overflow: hidden }\n        .s_ipt_wr.ip_short {width: 439px; }\n        .s_ipt_wr:hover, .s_ipt_wr.ipthover {border-color: #999 transparent #b3b3b3 #999 }\n        .s_ipt_wr.iptfocus {border-color: #4791ff transparent #4791ff #4791ff }\n        .s_ipt_tip {color: #aaa; position: absolute; z-index: -10; font: 16px/22px arial; height: 32px; line-height: 32px; padding-left: 7px; overflow: hidden; width: 526px }\n        .s_ipt {width: 526px; height: 22px; font: 16px/18px arial; line-height: 22px\\9; margin: 6px 0 0 7px; padding: 0; background: transparent; border: 0; outline: 0; -webkit-appearance: none }\n        #kw {position: relative;display: inline-block;}\n        input::-ms-clear {display: none }\n        /*Error page css*/\n        .norsSuggest {display: inline-block; color: #333; font-family: arial; font-size: 13px; position: relative; } \n        .norsTitle {font-size: 22px; font-family: Microsoft Yahei; font-weight: normal; color: #333; margin: 35px 0 25px 0; }\n        .norsTitle2 {font-family: arial; font-size: 13px; color: #666; }\n        .norsSuggest ol {margin-left: 47px; }\n        .norsSuggest li {margin: 13px 0; }\n        #content_right {\n    border-left: 1px solid #e1e1e1;\n    width: 384px;\n    margin-top: 25px;\n    float: right;\n    padding-left: 17px;\n}\n#wrapper_wrapper {\n    width: 1212px;\n}\n.cr-content {\n    width: 351px;\n    font-size: 13px;\n    line-height: 1.54em;\n    color: #333;\n    margin-top: 6px;\n    margin-bottom: 28px;\n    word-wrap: break-word;\n    word-break: normal;\n}\n@media screen and (max-width: 1217px) {\n    #wrapper_wrapper {\n        width: 1002px;\n    }\n    #wrapper_wrapper #content_right {\n        width: 271px;\n    }\n    #wrapper_wrapper .cr-content {\n        width: 259px;\n    }\n}\n.opr-toplist-title {\n    position: relative;\n    font-size: 14px;\n    line-height: 1.29em;\n    font-weight: 700;\n    margin-bottom: 10px;\n}\n.opr-toplist-table {\n    width: 100%;\n    border-collapse: collapse;\n    border-spacing: 0;\n    font-size: 13px;\n}\n.opr-toplist-table th,td {\n    line-height: 1.54;\n    border-bottom: 1px solid #f3f3f3;\n    text-align: left;\n}\n.opr-toplist-table thead th {\n    padding-top: 4px;\n    padding-bottom: 4px;\n    font-weight: 400;\n    color: #666;\n    white-space: nowrap;\n    background-color: #fafafa;  \n}\n.opr-toplist-table .opr-toplist-right {\n    text-align: right;\n    white-space: nowrap;\n}\n.opr-toplist-table td {\n    width: 100%;\n    font-size: 13px;\n    padding-top: 6.5px;\n    padding-bottom: 6.5px;\n    vertical-align: top;\n}\n.opr-toplist-table a:hover {\n    text-decoration: underline;\n}\n.opr-index-item {\n    display: inline-block;\n    padding:1px 0;\n    color: #fff;\n    width: 14px;\n    line-height: 100%;\n    font-size: 12px;\n    text-align: center;\n    background-color: #8eb9f5;\n    margin-right: 5px;\n}\n.opr-index-hot1 {\n    background-color: #f54545;\n}\n\n.opr-index-hot2 {\n    background-color: #ff8547;\n}\n.opr-index-hot3 {\n    background-color: #ffac38;\n}\n.opr-item-text {\n    text-decoration: none;  \n}\n.opr-toplist-info {\n    color: #666;\n    text-align: right;\n    margin-top: 5px;\n}\n.opr-toplist-info&gt;a {\n    color: #666;\n}\n    </style>\n  </head>\n  <body link=\"#0000cc\">\n    <div class=\"wrapper_l\" id=\"wrapper\">\n      <div id=\"head\">\n        <div class=\"head_wrapper\">\n          <div class=\"s_form\">\n            <div class=\"s_form_wrapper\">\n              <a shape=\"rect\" id=\"result_logo\" href=\"//www.baidu.com/\">\n                <img src=\"//www.baidu.com/img/baidu_jgylogo3.gif\" alt=\"到百度首页\" title=\"到百度首页\"/>\n              </a>\n              <form enctype=\"application/x-www-form-urlencoded\" method=\"get\" class=\"fm\" id=\"form\" name=\"f\" action=\"//www.baidu.com/s\">\n                <input type=\"hidden\" name=\"ie\" value=\"utf-8\"/>\n                <input type=\"hidden\" name=\"f\" value=\"8\"/>\n                <input type=\"hidden\" name=\"rsv_bp\" value=\"1\"/>\n                <input type=\"hidden\" name=\"ch\" value=\"\"/>\n                <input type=\"hidden\" name=\"tn\" value=\"baiduerr\"/>\n                <input type=\"hidden\" name=\"bar\" value=\"\"/>\n                <span class=\"bg s_ipt_wr iptfocus\">\n                  <input maxlength=\"255\" type=\"text\" class=\"s_ipt\" id=\"kw\" name=\"wd\" value=\"\" autocomplete=\"off\" autofocus=\"autofocus\"/>\n                </span>\n                <span class=\"bg s_btn_wr\">\n                  <input type=\"submit\" class=\"bg s_btn\" id=\"su\" value=\"百度一下\"/>\n                </span>\n              </form>\n            </div>\n          </div>\n        </div>\n      </div>\n      <div class=\"s_tab\" id=\"s_tab\">\n        <b>网页</b>\n        <a shape=\"rect\" href=\"http://tieba.baidu.com/f?kw=&amp;fr=wwwt\" wdfield=\"kw\">贴吧</a>\n        <a shape=\"rect\" href=\"http://zhidao.baidu.com/q?ct=17&amp;pn=0&amp;tn=ikaslist&amp;rn=10&amp;word=&amp;fr=wwwt\" wdfield=\"word\">知道</a>\n        <a shape=\"rect\" href=\"http://music.baidu.com/search?fr=ps&amp;ie=utf-8&amp;key=\" wdfield=\"key\">音乐</a>\n        <a shape=\"rect\" href=\"http://image.baidu.com/i?tn=baiduimage&amp;ps=1&amp;ct=201326592&amp;lm=-1&amp;cl=2&amp;nc=1&amp;ie=utf-8&amp;word=\" wdfield=\"word\">图片</a>\n        <a shape=\"rect\" href=\"http://v.baidu.com/v?ct=301989888&amp;rn=20&amp;pn=0&amp;db=0&amp;s=25&amp;ie=utf-8&amp;word=\" wdfield=\"word\">视频</a>\n        <a shape=\"rect\" href=\"http://map.baidu.com/m?word=&amp;fr=ps01000\" wdfield=\"word\">地图</a>\n        <a shape=\"rect\" href=\"http://wenku.baidu.com/search?word=&amp;lm=0&amp;od=0&amp;ie=utf-8\" wdfield=\"word\">文库</a>\n        <a shape=\"rect\" href=\"//www.baidu.com/more/\">更多»</a>\n      </div>\n      <div id=\"wrapper_wrapper\">\n        <div id=\"content_left\">\n          <div class=\"nors\">\n            <div class=\"norsSuggest\">\n              <h3 class=\"norsTitle\">很抱歉，您要访问的页面不存在！</h3>\n              <p class=\"norsTitle2\">温馨提示：</p>\n              <ol>\n                <li>请检查您访问的网址是否正确</li>\n                <li>\n如果您不能确认访问的网址，请浏览                  <a shape=\"rect\" href=\"//www.baidu.com/more/index.html\">百度更多</a>\n页面查看更多网址。                </li>\n                <li>回到顶部重新发起搜索</li>\n                <li>\n如有任何意见或建议，请及时                  <a shape=\"rect\" href=\"http://qingting.baidu.com/index\">反馈给我们</a>\n。                </li>\n              </ol>\n            </div>\n          </div>\n        </div>\n      </div>\n      <div id=\"foot\">\n        <span id=\"help\" style=\"float:left;padding-left:121px\">\n          <a shape=\"rect\" href=\"http://help.baidu.com/question\" target=\"_blank\">帮助</a>\n          <a shape=\"rect\" href=\"http://www.baidu.com/search/jubao.html\" target=\"_blank\">举报</a>\n          <a shape=\"rect\" href=\"http://jianyi.baidu.com\" target=\"_blank\">给百度提建议</a>\n        </span>\n      </div>\n    </div>\n  </body>\n  <script>\n(function () {\n        var LOGURL = \'https://sp1.baidu.com/5b1ZeDe5KgQFm2e88IuM_a/cm.gif\';\n        var params = \'type=wwwerror&amp;terminal=www\';\n        var img = new Image();\n        img.src = LOGURL + \'?\' + params;\n    })();\n    (function () {\n        if(window.recommend &amp;&amp; window.recommend.query &amp;&amp; window.recommend.query.length &gt; 0) {\n            var recommendWrapper = document.createElement(\'div\');\n            var recommendHtml = \'&lt;div class=\"cr-content\"&gt;&lt;div class=\"opr-toplist-title\"&gt;\' + window.recommend.title + \'&lt;/div&gt;&lt;table class=\"opr-toplist-table\"&gt;&lt;thead&gt;&lt;tr&gt;&lt;th&gt;排名&lt;/th&gt;&lt;/tr&gt;&lt;/thead&gt;\';\n            var queryArray = window.recommend.query;\n            var itemUrl = \'\';\n            for(var i = 1; i &lt; (queryArray.length+1); i++) {\n                itemUrl = \'//www.baidu.com/s?word=\' + encodeURIComponent(queryArray[i-1].word) + \'&amp;sa=\' + queryArray[i-1].sa + \'&amp;tn=\' + queryArray[i-1].tn;\n                if (queryArray[i-1].rsv_dl) {\n                    itemUrl += \"&amp;rsv_dl=\" + queryArray[i-1].rsv_dl;\n                }\n                \n                if (i &lt; 4) {\n                    recommendHtml += \'&lt;tr&gt;&lt;td&gt;&lt;span class=\"opr-index-hot\' + i + \' opr-index-item\"&gt;\' + i + \'&lt;/span&gt;&lt;a target=\"_blank\" href=\"\' + itemUrl +\'\" class=\"opr-item-text\"&gt;\' + queryArray[i-1].word + \'&lt;/a&gt;&lt;/td&gt;&lt;/tr&gt;\';\n                } else {\n                    recommendHtml += \'&lt;tr&gt;&lt;td&gt;&lt;span class=\"opr-index-item\"&gt;\' + i + \'&lt;/span&gt;&lt;a target=\"_blank\" href=\"\' + itemUrl +\'\" class=\"opr-item-text\"&gt;\' + queryArray[i-1].word + \'&lt;/a&gt;&lt;/td&gt;&lt;/tr&gt;\';\n                }\n            }\n            recommendHtml += \'&lt;/tbody&gt;&lt;/table&gt;&lt;div class=\"opr-toplist-info\"&gt;&lt;span&gt;来源：&lt;/span&gt;&lt;a target=\"_blank\" href=\"http://www.baidu.com/link?url=sLR63PtaB7kc3YkTtzDy1k3mbTm1DXDMu-nLcijZx8DmWgOff4lBxqmY-LGDyHqw\"&gt;百度风云榜&lt;/a&gt;&lt;span&gt;&amp;nbsp;-&amp;nbsp;&lt;/span&gt;&lt;a target=\"_blank\" href=\"http://www.baidu.com/link?url=01vNBVXR2eaJxETl9PI3hcrvKCcwaJIKk5FkpO7l5YI_Q_pC24ogIBoZxI0LAu5oYpAdhRH42nzxAqfui0YnHK\"&gt;实时热点&lt;/a&gt;&lt;/div&gt;&lt;/div&gt;\';\n            recommendWrapper.setAttribute(\'id\', \'content_right\');\n            document.getElementById(\'wrapper_wrapper\').insertBefore(recommendWrapper, document.getElementById(\'content_left\'));\n            var recommend = document.getElementById(\'content_right\');\n            recommend.innerHTML = recommendHtml;\n        }\n})();\n(function(){\n    var bds = {\n        util: {}\n    };\n    var c = document.getElementById(\'kw\').parentNode;\n\n    bds.util.getWinWidth = function(){\n        return window.document.documentElement.clientWidth;\n    };\n\n    bds.util.setFormWidth = function(){\n        var width = bds.util.getWinWidth();\n        if(width &lt; 1217)    {bds.util.setClass(c, \'ip_short\', \'add\')}\n        else                {bds.util.setClass(c, \'ip_short\', \'remove\')};\n    };\n\n    bds.util.setClass = function(obj, class_name, set) {\n        var ori_class = obj.className,\n            has_class_p = -1,\n            ori_class_arr = [],\n            new_class = \'\';\n\n        if(ori_class.length) ori_class_arr = ori_class.split(\' \');\n\n        for( i in ori_class_arr) {\n            if(ori_class_arr[i] == class_name) has_class_p = i;\n        }\n\n        if( set == \'remove\' &amp;&amp; has_class_p &gt;= 0) {\n            ori_class_arr.splice(has_class_p, 1);\n            new_class = ori_class_arr.join(\' \');\n            obj.className = new_class;\n        } else if( set == \'add\' &amp;&amp; has_class_p &lt; 0) {\n            ori_class_arr.push(class_name);\n            new_class = ori_class_arr.join(\' \');\n            obj.className = new_class;\n        }\n    }\n    bds.util.setFormWidth();\n\n    if (typeof document.addEventListener != \"undefined\") {\n        window.addEventListener(\'resize\', bds.util.setFormWidth, false);\n        document.getElementById(\'kw\').addEventListener(\'focus\', function(){bds.util.setClass(c,\'iptfocus\', \'add\');}, false);\n        document.getElementById(\'kw\').addEventListener(\'blur\', function(){bds.util.setClass(c,\'iptfocus\', \'remove\');}, false);\n    } else {\n        window.attachEvent(\'onresize\', bds.util.setFormWidth, false);\n        document.getElementById(\'kw\').attachEvent(\'onfocus\', function(){bds.util.setClass(c,\'iptfocus\', \'add\');}, false);\n        document.getElementById(\'kw\').attachEvent(\'onblur\', function(){bds.util.setClass(c,\'iptfocus\', \'remove\');}, false);\n    } \n\n})();\n\n\n</script>\n</html>',15852,'[{\"key\":\"Accept-Ranges\",\"value\":\"bytes\"},{\"key\":\"Cache-Control\",\"value\":\"max-age=86400\"},{\"key\":\"Connection\",\"value\":\"Keep-Alive\"},{\"key\":\"Content-Encoding\",\"value\":\"gzip\"},{\"key\":\"Content-Length\",\"value\":\"4863\"},{\"key\":\"Content-Type\",\"value\":\"text/html\"},{\"key\":\"Date\",\"value\":\"Tue, 03 Mar 2020 09:48:47 GMT\"},{\"key\":\"Etag\",\"value\":\"\\\"3dec-57b3a9a43af80\\\"\"},{\"key\":\"Expires\",\"value\":\"Wed, 04 Mar 2020 09:48:47 GMT\"},{\"key\":\"Last-Modified\",\"value\":\"Thu, 22 Nov 2018 06:01:50 GMT\"},{\"key\":\"P3p\",\"value\":\"CP=\\\" OTI DSP COR IVA OUR IND COM \\\"\"},{\"key\":\"Server\",\"value\":\"Apache\"},{\"key\":\"Set-Cookie\",\"value\":\"BAIDUID=D3F62F9FEE86F4B22513B324C22B1881:FG=1; expires=Wed, 03-Mar-21 09:48:47 GMT; max-age=31536000; path=/; domain=.baidu.com; version=1\"},{\"key\":\"Vary\",\"value\":\"Accept-Encoding,User-Agent\"}]','[]','[{\"dataSource\":\"bodyJson\",\"expectRelation\":\"等于\",\"expectValue\":\"说的是\",\"extractExpress\":\"result.list[0].pageName\",\"extractType\":\"string\",\"realType\":\"null\",\"realValue\":\"\",\"result\":false},{\"dataSource\":\"code\",\"expectRelation\":\"等于\",\"expectValue\":\"200\",\"extractExpress\":\"\",\"extractType\":\"number\",\"realType\":\"number\",\"realValue\":\"200\",\"result\":true},{\"dataSource\":\"bodyJson\",\"expectRelation\":\"等于\",\"expectValue\":\"401\",\"extractExpress\":\"error.code\",\"extractType\":\"number\",\"realType\":\"null\",\"realValue\":\"\",\"result\":false},{\"dataSource\":\"bodyReg\",\"expectRelation\":\"等于\",\"expectValue\":\"未登录或登陆失效，请先登录\",\"extractExpress\":\"\\\"message\\\": \\\"(.*?)\\\"\",\"extractType\":\"string\",\"realType\":\"null\",\"realValue\":\"\",\"result\":false},{\"dataSource\":\"header\",\"expectRelation\":\"等于\",\"expectValue\":\"231243\",\"extractExpress\":\"Date\",\"extractType\":\"string\",\"realType\":\"string\",\"realValue\":\"Tue, 03 Mar 2020 09:48:47 GMT\",\"result\":false}]',844,NULL,'2020-03-03 17:48:46.464'),(5,2,3,104,'正确的账号错误的密码',0,'GET','http://www.baidu.com/public/projectPage/listPage','[{\"key\":\"token\",\"value\":\"eyJhbGciOiJIUzI1NiJ9.eyJMT0dJTl9VU0VSX0tFWSI6Ijg4MjRlYTk3LTc5MzktNGYyYS1iM2M1LTU2MTYzOWUyZjY3MSJ9.3aonnRcqaQUorlaBQLH8dg3zrYiAlTDQlMMgJpiuf3g\"}]','[{\"key\":\"pageNum\",\"value\":\"1\"},{\"key\":\"pageSize\",\"value\":\"10\"},{\"key\":\"pageCount\",\"value\":\"14\"},{\"key\":\"serchData\",\"value\":\"%7B%22pageName%22:%22%22,%22projectId%22:2%7D\"}]','raw',NULL,NULL,200,'html','<html>\n  <head>\n    <meta http-equiv=\"X-UA-Compatible\" content=\"IE=edge,chrome=1\"/>\n    <meta http-equiv=\"content-type\" content=\"text/html;charset=utf-8\"/>\n    <meta name=\"referrer\" content=\"always\"/>\n    <script src=\"https://ss1.bdstatic.com/5eN1bjq8AAUYm2zgoY3K/r/www/nocache/imgdata/seErrorRec.js\"/>\n    <title>页面不存在_百度搜索</title>\n    <style data-for=\"result\">\n        body {color: #333; background: #fff; padding: 0; margin: 0; position: relative; min-width: 700px; font-family: arial; font-size: 12px }\n        p, form, ol, ul, li, dl, dt, dd, h3 {margin: 0; padding: 0; list-style: none }\n        input {padding-top: 0; padding-bottom: 0; -moz-box-sizing: border-box; -webkit-box-sizing: border-box; box-sizing: border-box } img {border: none; }\n        .logo {width: 117px; height: 38px; cursor: pointer }\n         #wrapper {_zoom: 1 }\n        #head {padding-left: 35px; margin-bottom: 20px; width: 900px }\n        .fm {clear: both; position: relative; z-index: 297 }\n        .btn, #more {font-size: 14px } \n        .s_btn {width: 95px; height: 32px; padding-top: 2px\\9; font-size: 14px; padding: 0; background-color: #ddd; background-position: 0 -48px; border: 0; cursor: pointer }\n        .s_btn_h {background-position: -240px -48px }\n        .s_btn_wr {width: 97px; height: 34px; display: inline-block; background-position: -120px -48px; *position: relative; z-index: 0; vertical-align: top }\n        #foot {}\n        #foot span {color: #666 }\n        .s_ipt_wr {height: 32px }\n        .s_form:after, .s_tab:after {content: \".\"; display: block; height: 0; clear: both; visibility: hidden }\n        .s_form {zoom: 1; height: 55px; padding: 0 0 0 10px }\n        #result_logo {float: left; margin: 7px 0 0 }\n        #result_logo img {width: 101px }\n        #head {padding: 0; margin: 0; width: 100%; position: absolute; z-index: 301; min-width: 1000px; background: #fff; border-bottom: 1px solid #ebebeb; position: fixed; _position: absolute; -webkit-transform: translateZ(0) }\n        #head .head_wrapper {_width: 1000px }\n        #head.s_down {box-shadow: 0 0 5px #888 }\n        .fm {clear: none; float: left; margin: 11px 0 0 10px }\n        #s_tab {background: #f8f8f8; line-height: 36px; height: 38px; padding: 55px 0 0 121px; float: none; zoom: 1 }\n        #s_tab a, #s_tab b {width: 54px; display: inline-block; text-decoration: none; text-align: center; color: #666; font-size: 14px }\n        #s_tab b {border-bottom: 2px solid #38f; font-weight: bold; color: #323232 }\n        #s_tab a:hover {color: #323232 }\n        #content_left {width: 540px; padding-left: 121px; padding-top: 5px }\n        .to_tieba, .to_zhidao_bottom {margin: 10px 0 0 121px }\n        #help {background: #f5f6f5; zoom: 1; padding: 0 0 0 50px; float: right }\n        #help a {color: #777; padding: 0 15px; text-decoration: none }\n        #help a:hover {color: #333 }\n        #foot {position: fixed; bottom:0; width: 100%; background: #f5f6f5; border-top: 1px solid #ebebeb; text-align: left; height: 42px; line-height: 42px; margin-top: 40px; *margin-top: 0; _position:absolute; _bottom:auto; _top:expression(eval(document.documentElement.scrollTop+document.documentElement.clientHeight-this.offsetHeight-(parseInt(this.currentStyle.marginTop,10)||0)-(parseInt(this.currentStyle.marginBottom,10)||0))); }\n\n        .content_none {padding: 45px 0 25px 121px } .s_ipt_wr.bg,\n        .s_btn_wr.bg, #su.bg {background-image: none }\n        .s_ipt_wr.bg {background: 0 }\n        .s_btn_wr {width: auto; height: auto; border-bottom: 1px solid transparent; *border-bottom: 0 }\n        .s_btn {width: 100px; height: 34px; color: white; letter-spacing: 1px; background: #3385ff; border-bottom: 1px solid #2d78f4; outline: medium; *border-bottom: 0; -webkit-appearance: none; -webkit-border-radius: 0 }\n        .s_btn:hover {background: #317ef3; border-bottom: 1px solid #2868c8; *border-bottom: 0; box-shadow: 1px 1px 1px #ccc }\n        .s_btn:active {background: #3075dc; box-shadow: inset 1px 1px 3px #2964bb; -webkit-box-shadow: inset 1px 1px 3px #2964bb; -moz-box-shadow: inset 1px 1px 3px #2964bb; -o-box-shadow: inset 1px 1px 3px #2964bb }\n        #lg {display: none }\n        #head .headBlock {margin: -5px 0 6px 121px }\n        #content_left .leftBlock {margin-bottom: 14px; padding-bottom: 5px; border-bottom: 1px solid #f3f3f3 }\n        .s_ipt_wr {border: 1px solid #b6b6b6; border-color: #7b7b7b #b6b6b6 #b6b6b6 #7b7b7b; background: #fff; display: inline-block; vertical-align: top; width: 539px; margin-right: 0; border-right-width: 0; border-color: #b8b8b8 transparent #ccc #b8b8b8; overflow: hidden }\n        .s_ipt_wr.ip_short {width: 439px; }\n        .s_ipt_wr:hover, .s_ipt_wr.ipthover {border-color: #999 transparent #b3b3b3 #999 }\n        .s_ipt_wr.iptfocus {border-color: #4791ff transparent #4791ff #4791ff }\n        .s_ipt_tip {color: #aaa; position: absolute; z-index: -10; font: 16px/22px arial; height: 32px; line-height: 32px; padding-left: 7px; overflow: hidden; width: 526px }\n        .s_ipt {width: 526px; height: 22px; font: 16px/18px arial; line-height: 22px\\9; margin: 6px 0 0 7px; padding: 0; background: transparent; border: 0; outline: 0; -webkit-appearance: none }\n        #kw {position: relative;display: inline-block;}\n        input::-ms-clear {display: none }\n        /*Error page css*/\n        .norsSuggest {display: inline-block; color: #333; font-family: arial; font-size: 13px; position: relative; } \n        .norsTitle {font-size: 22px; font-family: Microsoft Yahei; font-weight: normal; color: #333; margin: 35px 0 25px 0; }\n        .norsTitle2 {font-family: arial; font-size: 13px; color: #666; }\n        .norsSuggest ol {margin-left: 47px; }\n        .norsSuggest li {margin: 13px 0; }\n        #content_right {\n    border-left: 1px solid #e1e1e1;\n    width: 384px;\n    margin-top: 25px;\n    float: right;\n    padding-left: 17px;\n}\n#wrapper_wrapper {\n    width: 1212px;\n}\n.cr-content {\n    width: 351px;\n    font-size: 13px;\n    line-height: 1.54em;\n    color: #333;\n    margin-top: 6px;\n    margin-bottom: 28px;\n    word-wrap: break-word;\n    word-break: normal;\n}\n@media screen and (max-width: 1217px) {\n    #wrapper_wrapper {\n        width: 1002px;\n    }\n    #wrapper_wrapper #content_right {\n        width: 271px;\n    }\n    #wrapper_wrapper .cr-content {\n        width: 259px;\n    }\n}\n.opr-toplist-title {\n    position: relative;\n    font-size: 14px;\n    line-height: 1.29em;\n    font-weight: 700;\n    margin-bottom: 10px;\n}\n.opr-toplist-table {\n    width: 100%;\n    border-collapse: collapse;\n    border-spacing: 0;\n    font-size: 13px;\n}\n.opr-toplist-table th,td {\n    line-height: 1.54;\n    border-bottom: 1px solid #f3f3f3;\n    text-align: left;\n}\n.opr-toplist-table thead th {\n    padding-top: 4px;\n    padding-bottom: 4px;\n    font-weight: 400;\n    color: #666;\n    white-space: nowrap;\n    background-color: #fafafa;  \n}\n.opr-toplist-table .opr-toplist-right {\n    text-align: right;\n    white-space: nowrap;\n}\n.opr-toplist-table td {\n    width: 100%;\n    font-size: 13px;\n    padding-top: 6.5px;\n    padding-bottom: 6.5px;\n    vertical-align: top;\n}\n.opr-toplist-table a:hover {\n    text-decoration: underline;\n}\n.opr-index-item {\n    display: inline-block;\n    padding:1px 0;\n    color: #fff;\n    width: 14px;\n    line-height: 100%;\n    font-size: 12px;\n    text-align: center;\n    background-color: #8eb9f5;\n    margin-right: 5px;\n}\n.opr-index-hot1 {\n    background-color: #f54545;\n}\n\n.opr-index-hot2 {\n    background-color: #ff8547;\n}\n.opr-index-hot3 {\n    background-color: #ffac38;\n}\n.opr-item-text {\n    text-decoration: none;  \n}\n.opr-toplist-info {\n    color: #666;\n    text-align: right;\n    margin-top: 5px;\n}\n.opr-toplist-info&gt;a {\n    color: #666;\n}\n    </style>\n  </head>\n  <body link=\"#0000cc\">\n    <div class=\"wrapper_l\" id=\"wrapper\">\n      <div id=\"head\">\n        <div class=\"head_wrapper\">\n          <div class=\"s_form\">\n            <div class=\"s_form_wrapper\">\n              <a shape=\"rect\" id=\"result_logo\" href=\"//www.baidu.com/\">\n                <img src=\"//www.baidu.com/img/baidu_jgylogo3.gif\" alt=\"到百度首页\" title=\"到百度首页\"/>\n              </a>\n              <form enctype=\"application/x-www-form-urlencoded\" method=\"get\" class=\"fm\" id=\"form\" name=\"f\" action=\"//www.baidu.com/s\">\n                <input type=\"hidden\" name=\"ie\" value=\"utf-8\"/>\n                <input type=\"hidden\" name=\"f\" value=\"8\"/>\n                <input type=\"hidden\" name=\"rsv_bp\" value=\"1\"/>\n                <input type=\"hidden\" name=\"ch\" value=\"\"/>\n                <input type=\"hidden\" name=\"tn\" value=\"baiduerr\"/>\n                <input type=\"hidden\" name=\"bar\" value=\"\"/>\n                <span class=\"bg s_ipt_wr iptfocus\">\n                  <input maxlength=\"255\" type=\"text\" class=\"s_ipt\" id=\"kw\" name=\"wd\" value=\"\" autocomplete=\"off\" autofocus=\"autofocus\"/>\n                </span>\n                <span class=\"bg s_btn_wr\">\n                  <input type=\"submit\" class=\"bg s_btn\" id=\"su\" value=\"百度一下\"/>\n                </span>\n              </form>\n            </div>\n          </div>\n        </div>\n      </div>\n      <div class=\"s_tab\" id=\"s_tab\">\n        <b>网页</b>\n        <a shape=\"rect\" href=\"http://tieba.baidu.com/f?kw=&amp;fr=wwwt\" wdfield=\"kw\">贴吧</a>\n        <a shape=\"rect\" href=\"http://zhidao.baidu.com/q?ct=17&amp;pn=0&amp;tn=ikaslist&amp;rn=10&amp;word=&amp;fr=wwwt\" wdfield=\"word\">知道</a>\n        <a shape=\"rect\" href=\"http://music.baidu.com/search?fr=ps&amp;ie=utf-8&amp;key=\" wdfield=\"key\">音乐</a>\n        <a shape=\"rect\" href=\"http://image.baidu.com/i?tn=baiduimage&amp;ps=1&amp;ct=201326592&amp;lm=-1&amp;cl=2&amp;nc=1&amp;ie=utf-8&amp;word=\" wdfield=\"word\">图片</a>\n        <a shape=\"rect\" href=\"http://v.baidu.com/v?ct=301989888&amp;rn=20&amp;pn=0&amp;db=0&amp;s=25&amp;ie=utf-8&amp;word=\" wdfield=\"word\">视频</a>\n        <a shape=\"rect\" href=\"http://map.baidu.com/m?word=&amp;fr=ps01000\" wdfield=\"word\">地图</a>\n        <a shape=\"rect\" href=\"http://wenku.baidu.com/search?word=&amp;lm=0&amp;od=0&amp;ie=utf-8\" wdfield=\"word\">文库</a>\n        <a shape=\"rect\" href=\"//www.baidu.com/more/\">更多»</a>\n      </div>\n      <div id=\"wrapper_wrapper\">\n        <div id=\"content_left\">\n          <div class=\"nors\">\n            <div class=\"norsSuggest\">\n              <h3 class=\"norsTitle\">很抱歉，您要访问的页面不存在！</h3>\n              <p class=\"norsTitle2\">温馨提示：</p>\n              <ol>\n                <li>请检查您访问的网址是否正确</li>\n                <li>\n如果您不能确认访问的网址，请浏览                  <a shape=\"rect\" href=\"//www.baidu.com/more/index.html\">百度更多</a>\n页面查看更多网址。                </li>\n                <li>回到顶部重新发起搜索</li>\n                <li>\n如有任何意见或建议，请及时                  <a shape=\"rect\" href=\"http://qingting.baidu.com/index\">反馈给我们</a>\n。                </li>\n              </ol>\n            </div>\n          </div>\n        </div>\n      </div>\n      <div id=\"foot\">\n        <span id=\"help\" style=\"float:left;padding-left:121px\">\n          <a shape=\"rect\" href=\"http://help.baidu.com/question\" target=\"_blank\">帮助</a>\n          <a shape=\"rect\" href=\"http://www.baidu.com/search/jubao.html\" target=\"_blank\">举报</a>\n          <a shape=\"rect\" href=\"http://jianyi.baidu.com\" target=\"_blank\">给百度提建议</a>\n        </span>\n      </div>\n    </div>\n  </body>\n  <script>\n(function () {\n        var LOGURL = \'https://sp1.baidu.com/5b1ZeDe5KgQFm2e88IuM_a/cm.gif\';\n        var params = \'type=wwwerror&amp;terminal=www\';\n        var img = new Image();\n        img.src = LOGURL + \'?\' + params;\n    })();\n    (function () {\n        if(window.recommend &amp;&amp; window.recommend.query &amp;&amp; window.recommend.query.length &gt; 0) {\n            var recommendWrapper = document.createElement(\'div\');\n            var recommendHtml = \'&lt;div class=\"cr-content\"&gt;&lt;div class=\"opr-toplist-title\"&gt;\' + window.recommend.title + \'&lt;/div&gt;&lt;table class=\"opr-toplist-table\"&gt;&lt;thead&gt;&lt;tr&gt;&lt;th&gt;排名&lt;/th&gt;&lt;/tr&gt;&lt;/thead&gt;\';\n            var queryArray = window.recommend.query;\n            var itemUrl = \'\';\n            for(var i = 1; i &lt; (queryArray.length+1); i++) {\n                itemUrl = \'//www.baidu.com/s?word=\' + encodeURIComponent(queryArray[i-1].word) + \'&amp;sa=\' + queryArray[i-1].sa + \'&amp;tn=\' + queryArray[i-1].tn;\n                if (queryArray[i-1].rsv_dl) {\n                    itemUrl += \"&amp;rsv_dl=\" + queryArray[i-1].rsv_dl;\n                }\n                \n                if (i &lt; 4) {\n                    recommendHtml += \'&lt;tr&gt;&lt;td&gt;&lt;span class=\"opr-index-hot\' + i + \' opr-index-item\"&gt;\' + i + \'&lt;/span&gt;&lt;a target=\"_blank\" href=\"\' + itemUrl +\'\" class=\"opr-item-text\"&gt;\' + queryArray[i-1].word + \'&lt;/a&gt;&lt;/td&gt;&lt;/tr&gt;\';\n                } else {\n                    recommendHtml += \'&lt;tr&gt;&lt;td&gt;&lt;span class=\"opr-index-item\"&gt;\' + i + \'&lt;/span&gt;&lt;a target=\"_blank\" href=\"\' + itemUrl +\'\" class=\"opr-item-text\"&gt;\' + queryArray[i-1].word + \'&lt;/a&gt;&lt;/td&gt;&lt;/tr&gt;\';\n                }\n            }\n            recommendHtml += \'&lt;/tbody&gt;&lt;/table&gt;&lt;div class=\"opr-toplist-info\"&gt;&lt;span&gt;来源：&lt;/span&gt;&lt;a target=\"_blank\" href=\"http://www.baidu.com/link?url=sLR63PtaB7kc3YkTtzDy1k3mbTm1DXDMu-nLcijZx8DmWgOff4lBxqmY-LGDyHqw\"&gt;百度风云榜&lt;/a&gt;&lt;span&gt;&amp;nbsp;-&amp;nbsp;&lt;/span&gt;&lt;a target=\"_blank\" href=\"http://www.baidu.com/link?url=01vNBVXR2eaJxETl9PI3hcrvKCcwaJIKk5FkpO7l5YI_Q_pC24ogIBoZxI0LAu5oYpAdhRH42nzxAqfui0YnHK\"&gt;实时热点&lt;/a&gt;&lt;/div&gt;&lt;/div&gt;\';\n            recommendWrapper.setAttribute(\'id\', \'content_right\');\n            document.getElementById(\'wrapper_wrapper\').insertBefore(recommendWrapper, document.getElementById(\'content_left\'));\n            var recommend = document.getElementById(\'content_right\');\n            recommend.innerHTML = recommendHtml;\n        }\n})();\n(function(){\n    var bds = {\n        util: {}\n    };\n    var c = document.getElementById(\'kw\').parentNode;\n\n    bds.util.getWinWidth = function(){\n        return window.document.documentElement.clientWidth;\n    };\n\n    bds.util.setFormWidth = function(){\n        var width = bds.util.getWinWidth();\n        if(width &lt; 1217)    {bds.util.setClass(c, \'ip_short\', \'add\')}\n        else                {bds.util.setClass(c, \'ip_short\', \'remove\')};\n    };\n\n    bds.util.setClass = function(obj, class_name, set) {\n        var ori_class = obj.className,\n            has_class_p = -1,\n            ori_class_arr = [],\n            new_class = \'\';\n\n        if(ori_class.length) ori_class_arr = ori_class.split(\' \');\n\n        for( i in ori_class_arr) {\n            if(ori_class_arr[i] == class_name) has_class_p = i;\n        }\n\n        if( set == \'remove\' &amp;&amp; has_class_p &gt;= 0) {\n            ori_class_arr.splice(has_class_p, 1);\n            new_class = ori_class_arr.join(\' \');\n            obj.className = new_class;\n        } else if( set == \'add\' &amp;&amp; has_class_p &lt; 0) {\n            ori_class_arr.push(class_name);\n            new_class = ori_class_arr.join(\' \');\n            obj.className = new_class;\n        }\n    }\n    bds.util.setFormWidth();\n\n    if (typeof document.addEventListener != \"undefined\") {\n        window.addEventListener(\'resize\', bds.util.setFormWidth, false);\n        document.getElementById(\'kw\').addEventListener(\'focus\', function(){bds.util.setClass(c,\'iptfocus\', \'add\');}, false);\n        document.getElementById(\'kw\').addEventListener(\'blur\', function(){bds.util.setClass(c,\'iptfocus\', \'remove\');}, false);\n    } else {\n        window.attachEvent(\'onresize\', bds.util.setFormWidth, false);\n        document.getElementById(\'kw\').attachEvent(\'onfocus\', function(){bds.util.setClass(c,\'iptfocus\', \'add\');}, false);\n        document.getElementById(\'kw\').attachEvent(\'onblur\', function(){bds.util.setClass(c,\'iptfocus\', \'remove\');}, false);\n    } \n\n})();\n\n\n</script>\n</html>',15852,'[{\"key\":\"Accept-Ranges\",\"value\":\"bytes\"},{\"key\":\"Cache-Control\",\"value\":\"max-age=86400\"},{\"key\":\"Content-Encoding\",\"value\":\"gzip\"},{\"key\":\"Content-Length\",\"value\":\"4863\"},{\"key\":\"Content-Type\",\"value\":\"text/html\"},{\"key\":\"Date\",\"value\":\"Wed, 11 Mar 2020 03:31:11 GMT\"},{\"key\":\"Etag\",\"value\":\"\\\"3dec-57b3a9a43af80\\\"\"},{\"key\":\"Expires\",\"value\":\"Thu, 12 Mar 2020 03:31:11 GMT\"},{\"key\":\"Last-Modified\",\"value\":\"Thu, 22 Nov 2018 06:01:50 GMT\"},{\"key\":\"P3p\",\"value\":\"CP=\\\" OTI DSP COR IVA OUR IND COM \\\"\"},{\"key\":\"Server\",\"value\":\"Apache\"},{\"key\":\"Set-Cookie\",\"value\":\"BAIDUID=67DFE126A821A1D2D3D4D68A0943B2EA:FG=1; expires=Thu, 11-Mar-21 03:31:11 GMT; max-age=31536000; path=/; domain=.baidu.com; version=1\"},{\"key\":\"Vary\",\"value\":\"Accept-Encoding,User-Agent\"}]','[{\"dataSource\":\"bodyJson\",\"extractExpress\":\"error.code\",\"realType\":\"null\",\"realValue\":\"\",\"varName\":\"errorCode\"}]','[{\"dataSource\":\"bodyJson\",\"expectRelation\":\"等于\",\"expectValue\":\"说的是\",\"extractExpress\":\"result.list[0].pageName\",\"extractType\":\"string\",\"realType\":\"null\",\"realValue\":\"\",\"result\":false},{\"dataSource\":\"code\",\"expectRelation\":\"等于\",\"expectValue\":\"200\",\"extractExpress\":\"\",\"extractType\":\"number\",\"realType\":\"number\",\"realValue\":\"200\",\"result\":true},{\"dataSource\":\"bodyJson\",\"expectRelation\":\"等于\",\"expectValue\":\"401\",\"extractExpress\":\"error.code\",\"extractType\":\"number\",\"realType\":\"null\",\"realValue\":\"\",\"result\":false},{\"dataSource\":\"bodyReg\",\"expectRelation\":\"等于\",\"expectValue\":\"未登录或登陆失效，请先登录\",\"extractExpress\":\"\\\"message\\\": \\\"(.*?)\\\"\",\"extractType\":\"string\",\"realType\":\"null\",\"realValue\":\"\",\"result\":false},{\"dataSource\":\"header\",\"expectRelation\":\"等于\",\"expectValue\":\"231243\",\"extractExpress\":\"Date\",\"extractType\":\"string\",\"realType\":\"string\",\"realValue\":\"Wed, 11 Mar 2020 03:31:11 GMT\",\"result\":false}]',261,NULL,'2020-03-11 11:31:10.905'),(6,2,3,113,'正确的账号正确的密码',0,'GET','http://www.baidu.com/public/projectPage/listPage','[{\"key\":\"token\",\"value\":\"eyJhbGciOiJIUzI1NiJ9.eyJMT0dJTl9VU0VSX0tFWSI6Ijg4MjRlYTk3LTc5MzktNGYyYS1iM2M1LTU2MTYzOWUyZjY3MSJ9.3aonnRcqaQUorlaBQLH8dg3zrYiAlTDQlMMgJpiuf3g\"},{\"key\":\"errorCode\",\"value\":\"\"}]','[{\"key\":\"pageNum\",\"value\":\"1\"},{\"key\":\"pageSize\",\"value\":\"10\"},{\"key\":\"pageCount\",\"value\":\"14\"},{\"key\":\"serchData\",\"value\":\"%7B%22pageName%22:%22%22,%22projectId%22:2%7D\"}]','raw',NULL,NULL,200,'html','<html>\n  <head>\n    <meta http-equiv=\"X-UA-Compatible\" content=\"IE=edge,chrome=1\"/>\n    <meta http-equiv=\"content-type\" content=\"text/html;charset=utf-8\"/>\n    <meta name=\"referrer\" content=\"always\"/>\n    <script src=\"https://ss1.bdstatic.com/5eN1bjq8AAUYm2zgoY3K/r/www/nocache/imgdata/seErrorRec.js\"/>\n    <title>页面不存在_百度搜索</title>\n    <style data-for=\"result\">\n        body {color: #333; background: #fff; padding: 0; margin: 0; position: relative; min-width: 700px; font-family: arial; font-size: 12px }\n        p, form, ol, ul, li, dl, dt, dd, h3 {margin: 0; padding: 0; list-style: none }\n        input {padding-top: 0; padding-bottom: 0; -moz-box-sizing: border-box; -webkit-box-sizing: border-box; box-sizing: border-box } img {border: none; }\n        .logo {width: 117px; height: 38px; cursor: pointer }\n         #wrapper {_zoom: 1 }\n        #head {padding-left: 35px; margin-bottom: 20px; width: 900px }\n        .fm {clear: both; position: relative; z-index: 297 }\n        .btn, #more {font-size: 14px } \n        .s_btn {width: 95px; height: 32px; padding-top: 2px\\9; font-size: 14px; padding: 0; background-color: #ddd; background-position: 0 -48px; border: 0; cursor: pointer }\n        .s_btn_h {background-position: -240px -48px }\n        .s_btn_wr {width: 97px; height: 34px; display: inline-block; background-position: -120px -48px; *position: relative; z-index: 0; vertical-align: top }\n        #foot {}\n        #foot span {color: #666 }\n        .s_ipt_wr {height: 32px }\n        .s_form:after, .s_tab:after {content: \".\"; display: block; height: 0; clear: both; visibility: hidden }\n        .s_form {zoom: 1; height: 55px; padding: 0 0 0 10px }\n        #result_logo {float: left; margin: 7px 0 0 }\n        #result_logo img {width: 101px }\n        #head {padding: 0; margin: 0; width: 100%; position: absolute; z-index: 301; min-width: 1000px; background: #fff; border-bottom: 1px solid #ebebeb; position: fixed; _position: absolute; -webkit-transform: translateZ(0) }\n        #head .head_wrapper {_width: 1000px }\n        #head.s_down {box-shadow: 0 0 5px #888 }\n        .fm {clear: none; float: left; margin: 11px 0 0 10px }\n        #s_tab {background: #f8f8f8; line-height: 36px; height: 38px; padding: 55px 0 0 121px; float: none; zoom: 1 }\n        #s_tab a, #s_tab b {width: 54px; display: inline-block; text-decoration: none; text-align: center; color: #666; font-size: 14px }\n        #s_tab b {border-bottom: 2px solid #38f; font-weight: bold; color: #323232 }\n        #s_tab a:hover {color: #323232 }\n        #content_left {width: 540px; padding-left: 121px; padding-top: 5px }\n        .to_tieba, .to_zhidao_bottom {margin: 10px 0 0 121px }\n        #help {background: #f5f6f5; zoom: 1; padding: 0 0 0 50px; float: right }\n        #help a {color: #777; padding: 0 15px; text-decoration: none }\n        #help a:hover {color: #333 }\n        #foot {position: fixed; bottom:0; width: 100%; background: #f5f6f5; border-top: 1px solid #ebebeb; text-align: left; height: 42px; line-height: 42px; margin-top: 40px; *margin-top: 0; _position:absolute; _bottom:auto; _top:expression(eval(document.documentElement.scrollTop+document.documentElement.clientHeight-this.offsetHeight-(parseInt(this.currentStyle.marginTop,10)||0)-(parseInt(this.currentStyle.marginBottom,10)||0))); }\n\n        .content_none {padding: 45px 0 25px 121px } .s_ipt_wr.bg,\n        .s_btn_wr.bg, #su.bg {background-image: none }\n        .s_ipt_wr.bg {background: 0 }\n        .s_btn_wr {width: auto; height: auto; border-bottom: 1px solid transparent; *border-bottom: 0 }\n        .s_btn {width: 100px; height: 34px; color: white; letter-spacing: 1px; background: #3385ff; border-bottom: 1px solid #2d78f4; outline: medium; *border-bottom: 0; -webkit-appearance: none; -webkit-border-radius: 0 }\n        .s_btn:hover {background: #317ef3; border-bottom: 1px solid #2868c8; *border-bottom: 0; box-shadow: 1px 1px 1px #ccc }\n        .s_btn:active {background: #3075dc; box-shadow: inset 1px 1px 3px #2964bb; -webkit-box-shadow: inset 1px 1px 3px #2964bb; -moz-box-shadow: inset 1px 1px 3px #2964bb; -o-box-shadow: inset 1px 1px 3px #2964bb }\n        #lg {display: none }\n        #head .headBlock {margin: -5px 0 6px 121px }\n        #content_left .leftBlock {margin-bottom: 14px; padding-bottom: 5px; border-bottom: 1px solid #f3f3f3 }\n        .s_ipt_wr {border: 1px solid #b6b6b6; border-color: #7b7b7b #b6b6b6 #b6b6b6 #7b7b7b; background: #fff; display: inline-block; vertical-align: top; width: 539px; margin-right: 0; border-right-width: 0; border-color: #b8b8b8 transparent #ccc #b8b8b8; overflow: hidden }\n        .s_ipt_wr.ip_short {width: 439px; }\n        .s_ipt_wr:hover, .s_ipt_wr.ipthover {border-color: #999 transparent #b3b3b3 #999 }\n        .s_ipt_wr.iptfocus {border-color: #4791ff transparent #4791ff #4791ff }\n        .s_ipt_tip {color: #aaa; position: absolute; z-index: -10; font: 16px/22px arial; height: 32px; line-height: 32px; padding-left: 7px; overflow: hidden; width: 526px }\n        .s_ipt {width: 526px; height: 22px; font: 16px/18px arial; line-height: 22px\\9; margin: 6px 0 0 7px; padding: 0; background: transparent; border: 0; outline: 0; -webkit-appearance: none }\n        #kw {position: relative;display: inline-block;}\n        input::-ms-clear {display: none }\n        /*Error page css*/\n        .norsSuggest {display: inline-block; color: #333; font-family: arial; font-size: 13px; position: relative; } \n        .norsTitle {font-size: 22px; font-family: Microsoft Yahei; font-weight: normal; color: #333; margin: 35px 0 25px 0; }\n        .norsTitle2 {font-family: arial; font-size: 13px; color: #666; }\n        .norsSuggest ol {margin-left: 47px; }\n        .norsSuggest li {margin: 13px 0; }\n        #content_right {\n    border-left: 1px solid #e1e1e1;\n    width: 384px;\n    margin-top: 25px;\n    float: right;\n    padding-left: 17px;\n}\n#wrapper_wrapper {\n    width: 1212px;\n}\n.cr-content {\n    width: 351px;\n    font-size: 13px;\n    line-height: 1.54em;\n    color: #333;\n    margin-top: 6px;\n    margin-bottom: 28px;\n    word-wrap: break-word;\n    word-break: normal;\n}\n@media screen and (max-width: 1217px) {\n    #wrapper_wrapper {\n        width: 1002px;\n    }\n    #wrapper_wrapper #content_right {\n        width: 271px;\n    }\n    #wrapper_wrapper .cr-content {\n        width: 259px;\n    }\n}\n.opr-toplist-title {\n    position: relative;\n    font-size: 14px;\n    line-height: 1.29em;\n    font-weight: 700;\n    margin-bottom: 10px;\n}\n.opr-toplist-table {\n    width: 100%;\n    border-collapse: collapse;\n    border-spacing: 0;\n    font-size: 13px;\n}\n.opr-toplist-table th,td {\n    line-height: 1.54;\n    border-bottom: 1px solid #f3f3f3;\n    text-align: left;\n}\n.opr-toplist-table thead th {\n    padding-top: 4px;\n    padding-bottom: 4px;\n    font-weight: 400;\n    color: #666;\n    white-space: nowrap;\n    background-color: #fafafa;  \n}\n.opr-toplist-table .opr-toplist-right {\n    text-align: right;\n    white-space: nowrap;\n}\n.opr-toplist-table td {\n    width: 100%;\n    font-size: 13px;\n    padding-top: 6.5px;\n    padding-bottom: 6.5px;\n    vertical-align: top;\n}\n.opr-toplist-table a:hover {\n    text-decoration: underline;\n}\n.opr-index-item {\n    display: inline-block;\n    padding:1px 0;\n    color: #fff;\n    width: 14px;\n    line-height: 100%;\n    font-size: 12px;\n    text-align: center;\n    background-color: #8eb9f5;\n    margin-right: 5px;\n}\n.opr-index-hot1 {\n    background-color: #f54545;\n}\n\n.opr-index-hot2 {\n    background-color: #ff8547;\n}\n.opr-index-hot3 {\n    background-color: #ffac38;\n}\n.opr-item-text {\n    text-decoration: none;  \n}\n.opr-toplist-info {\n    color: #666;\n    text-align: right;\n    margin-top: 5px;\n}\n.opr-toplist-info&gt;a {\n    color: #666;\n}\n    </style>\n  </head>\n  <body link=\"#0000cc\">\n    <div class=\"wrapper_l\" id=\"wrapper\">\n      <div id=\"head\">\n        <div class=\"head_wrapper\">\n          <div class=\"s_form\">\n            <div class=\"s_form_wrapper\">\n              <a shape=\"rect\" id=\"result_logo\" href=\"//www.baidu.com/\">\n                <img src=\"//www.baidu.com/img/baidu_jgylogo3.gif\" alt=\"到百度首页\" title=\"到百度首页\"/>\n              </a>\n              <form enctype=\"application/x-www-form-urlencoded\" method=\"get\" class=\"fm\" id=\"form\" name=\"f\" action=\"//www.baidu.com/s\">\n                <input type=\"hidden\" name=\"ie\" value=\"utf-8\"/>\n                <input type=\"hidden\" name=\"f\" value=\"8\"/>\n                <input type=\"hidden\" name=\"rsv_bp\" value=\"1\"/>\n                <input type=\"hidden\" name=\"ch\" value=\"\"/>\n                <input type=\"hidden\" name=\"tn\" value=\"baiduerr\"/>\n                <input type=\"hidden\" name=\"bar\" value=\"\"/>\n                <span class=\"bg s_ipt_wr iptfocus\">\n                  <input maxlength=\"255\" type=\"text\" class=\"s_ipt\" id=\"kw\" name=\"wd\" value=\"\" autocomplete=\"off\" autofocus=\"autofocus\"/>\n                </span>\n                <span class=\"bg s_btn_wr\">\n                  <input type=\"submit\" class=\"bg s_btn\" id=\"su\" value=\"百度一下\"/>\n                </span>\n              </form>\n            </div>\n          </div>\n        </div>\n      </div>\n      <div class=\"s_tab\" id=\"s_tab\">\n        <b>网页</b>\n        <a shape=\"rect\" href=\"http://tieba.baidu.com/f?kw=&amp;fr=wwwt\" wdfield=\"kw\">贴吧</a>\n        <a shape=\"rect\" href=\"http://zhidao.baidu.com/q?ct=17&amp;pn=0&amp;tn=ikaslist&amp;rn=10&amp;word=&amp;fr=wwwt\" wdfield=\"word\">知道</a>\n        <a shape=\"rect\" href=\"http://music.baidu.com/search?fr=ps&amp;ie=utf-8&amp;key=\" wdfield=\"key\">音乐</a>\n        <a shape=\"rect\" href=\"http://image.baidu.com/i?tn=baiduimage&amp;ps=1&amp;ct=201326592&amp;lm=-1&amp;cl=2&amp;nc=1&amp;ie=utf-8&amp;word=\" wdfield=\"word\">图片</a>\n        <a shape=\"rect\" href=\"http://v.baidu.com/v?ct=301989888&amp;rn=20&amp;pn=0&amp;db=0&amp;s=25&amp;ie=utf-8&amp;word=\" wdfield=\"word\">视频</a>\n        <a shape=\"rect\" href=\"http://map.baidu.com/m?word=&amp;fr=ps01000\" wdfield=\"word\">地图</a>\n        <a shape=\"rect\" href=\"http://wenku.baidu.com/search?word=&amp;lm=0&amp;od=0&amp;ie=utf-8\" wdfield=\"word\">文库</a>\n        <a shape=\"rect\" href=\"//www.baidu.com/more/\">更多»</a>\n      </div>\n      <div id=\"wrapper_wrapper\">\n        <div id=\"content_left\">\n          <div class=\"nors\">\n            <div class=\"norsSuggest\">\n              <h3 class=\"norsTitle\">很抱歉，您要访问的页面不存在！</h3>\n              <p class=\"norsTitle2\">温馨提示：</p>\n              <ol>\n                <li>请检查您访问的网址是否正确</li>\n                <li>\n如果您不能确认访问的网址，请浏览                  <a shape=\"rect\" href=\"//www.baidu.com/more/index.html\">百度更多</a>\n页面查看更多网址。                </li>\n                <li>回到顶部重新发起搜索</li>\n                <li>\n如有任何意见或建议，请及时                  <a shape=\"rect\" href=\"http://qingting.baidu.com/index\">反馈给我们</a>\n。                </li>\n              </ol>\n            </div>\n          </div>\n        </div>\n      </div>\n      <div id=\"foot\">\n        <span id=\"help\" style=\"float:left;padding-left:121px\">\n          <a shape=\"rect\" href=\"http://help.baidu.com/question\" target=\"_blank\">帮助</a>\n          <a shape=\"rect\" href=\"http://www.baidu.com/search/jubao.html\" target=\"_blank\">举报</a>\n          <a shape=\"rect\" href=\"http://jianyi.baidu.com\" target=\"_blank\">给百度提建议</a>\n        </span>\n      </div>\n    </div>\n  </body>\n  <script>\n(function () {\n        var LOGURL = \'https://sp1.baidu.com/5b1ZeDe5KgQFm2e88IuM_a/cm.gif\';\n        var params = \'type=wwwerror&amp;terminal=www\';\n        var img = new Image();\n        img.src = LOGURL + \'?\' + params;\n    })();\n    (function () {\n        if(window.recommend &amp;&amp; window.recommend.query &amp;&amp; window.recommend.query.length &gt; 0) {\n            var recommendWrapper = document.createElement(\'div\');\n            var recommendHtml = \'&lt;div class=\"cr-content\"&gt;&lt;div class=\"opr-toplist-title\"&gt;\' + window.recommend.title + \'&lt;/div&gt;&lt;table class=\"opr-toplist-table\"&gt;&lt;thead&gt;&lt;tr&gt;&lt;th&gt;排名&lt;/th&gt;&lt;/tr&gt;&lt;/thead&gt;\';\n            var queryArray = window.recommend.query;\n            var itemUrl = \'\';\n            for(var i = 1; i &lt; (queryArray.length+1); i++) {\n                itemUrl = \'//www.baidu.com/s?word=\' + encodeURIComponent(queryArray[i-1].word) + \'&amp;sa=\' + queryArray[i-1].sa + \'&amp;tn=\' + queryArray[i-1].tn;\n                if (queryArray[i-1].rsv_dl) {\n                    itemUrl += \"&amp;rsv_dl=\" + queryArray[i-1].rsv_dl;\n                }\n                \n                if (i &lt; 4) {\n                    recommendHtml += \'&lt;tr&gt;&lt;td&gt;&lt;span class=\"opr-index-hot\' + i + \' opr-index-item\"&gt;\' + i + \'&lt;/span&gt;&lt;a target=\"_blank\" href=\"\' + itemUrl +\'\" class=\"opr-item-text\"&gt;\' + queryArray[i-1].word + \'&lt;/a&gt;&lt;/td&gt;&lt;/tr&gt;\';\n                } else {\n                    recommendHtml += \'&lt;tr&gt;&lt;td&gt;&lt;span class=\"opr-index-item\"&gt;\' + i + \'&lt;/span&gt;&lt;a target=\"_blank\" href=\"\' + itemUrl +\'\" class=\"opr-item-text\"&gt;\' + queryArray[i-1].word + \'&lt;/a&gt;&lt;/td&gt;&lt;/tr&gt;\';\n                }\n            }\n            recommendHtml += \'&lt;/tbody&gt;&lt;/table&gt;&lt;div class=\"opr-toplist-info\"&gt;&lt;span&gt;来源：&lt;/span&gt;&lt;a target=\"_blank\" href=\"http://www.baidu.com/link?url=sLR63PtaB7kc3YkTtzDy1k3mbTm1DXDMu-nLcijZx8DmWgOff4lBxqmY-LGDyHqw\"&gt;百度风云榜&lt;/a&gt;&lt;span&gt;&amp;nbsp;-&amp;nbsp;&lt;/span&gt;&lt;a target=\"_blank\" href=\"http://www.baidu.com/link?url=01vNBVXR2eaJxETl9PI3hcrvKCcwaJIKk5FkpO7l5YI_Q_pC24ogIBoZxI0LAu5oYpAdhRH42nzxAqfui0YnHK\"&gt;实时热点&lt;/a&gt;&lt;/div&gt;&lt;/div&gt;\';\n            recommendWrapper.setAttribute(\'id\', \'content_right\');\n            document.getElementById(\'wrapper_wrapper\').insertBefore(recommendWrapper, document.getElementById(\'content_left\'));\n            var recommend = document.getElementById(\'content_right\');\n            recommend.innerHTML = recommendHtml;\n        }\n})();\n(function(){\n    var bds = {\n        util: {}\n    };\n    var c = document.getElementById(\'kw\').parentNode;\n\n    bds.util.getWinWidth = function(){\n        return window.document.documentElement.clientWidth;\n    };\n\n    bds.util.setFormWidth = function(){\n        var width = bds.util.getWinWidth();\n        if(width &lt; 1217)    {bds.util.setClass(c, \'ip_short\', \'add\')}\n        else                {bds.util.setClass(c, \'ip_short\', \'remove\')};\n    };\n\n    bds.util.setClass = function(obj, class_name, set) {\n        var ori_class = obj.className,\n            has_class_p = -1,\n            ori_class_arr = [],\n            new_class = \'\';\n\n        if(ori_class.length) ori_class_arr = ori_class.split(\' \');\n\n        for( i in ori_class_arr) {\n            if(ori_class_arr[i] == class_name) has_class_p = i;\n        }\n\n        if( set == \'remove\' &amp;&amp; has_class_p &gt;= 0) {\n            ori_class_arr.splice(has_class_p, 1);\n            new_class = ori_class_arr.join(\' \');\n            obj.className = new_class;\n        } else if( set == \'add\' &amp;&amp; has_class_p &lt; 0) {\n            ori_class_arr.push(class_name);\n            new_class = ori_class_arr.join(\' \');\n            obj.className = new_class;\n        }\n    }\n    bds.util.setFormWidth();\n\n    if (typeof document.addEventListener != \"undefined\") {\n        window.addEventListener(\'resize\', bds.util.setFormWidth, false);\n        document.getElementById(\'kw\').addEventListener(\'focus\', function(){bds.util.setClass(c,\'iptfocus\', \'add\');}, false);\n        document.getElementById(\'kw\').addEventListener(\'blur\', function(){bds.util.setClass(c,\'iptfocus\', \'remove\');}, false);\n    } else {\n        window.attachEvent(\'onresize\', bds.util.setFormWidth, false);\n        document.getElementById(\'kw\').attachEvent(\'onfocus\', function(){bds.util.setClass(c,\'iptfocus\', \'add\');}, false);\n        document.getElementById(\'kw\').attachEvent(\'onblur\', function(){bds.util.setClass(c,\'iptfocus\', \'remove\');}, false);\n    } \n\n})();\n\n\n</script>\n</html>',15852,'[{\"key\":\"Accept-Ranges\",\"value\":\"bytes\"},{\"key\":\"Cache-Control\",\"value\":\"max-age=86400\"},{\"key\":\"Connection\",\"value\":\"Keep-Alive\"},{\"key\":\"Content-Encoding\",\"value\":\"gzip\"},{\"key\":\"Content-Length\",\"value\":\"4863\"},{\"key\":\"Content-Type\",\"value\":\"text/html\"},{\"key\":\"Date\",\"value\":\"Wed, 11 Mar 2020 03:31:11 GMT\"},{\"key\":\"Etag\",\"value\":\"\\\"3dec-57b3a9a43af80\\\"\"},{\"key\":\"Expires\",\"value\":\"Thu, 12 Mar 2020 03:31:11 GMT\"},{\"key\":\"Last-Modified\",\"value\":\"Thu, 22 Nov 2018 06:01:50 GMT\"},{\"key\":\"P3p\",\"value\":\"CP=\\\" OTI DSP COR IVA OUR IND COM \\\"\"},{\"key\":\"Server\",\"value\":\"Apache\"},{\"key\":\"Set-Cookie\",\"value\":\"BAIDUID=B809C1F596FF3E5ED0184309167BA47B:FG=1; expires=Thu, 11-Mar-21 03:31:11 GMT; max-age=31536000; path=/; domain=.baidu.com; version=1\"},{\"key\":\"Vary\",\"value\":\"Accept-Encoding,User-Agent\"}]','[]','[{\"dataSource\":\"bodyJson\",\"expectRelation\":\"等于\",\"expectValue\":\"说的是\",\"extractExpress\":\"result.list[0].pageName\",\"extractType\":\"string\",\"realType\":\"null\",\"realValue\":\"\",\"result\":false},{\"dataSource\":\"code\",\"expectRelation\":\"等于\",\"expectValue\":\"200\",\"extractExpress\":\"\",\"extractType\":\"number\",\"realType\":\"number\",\"realValue\":\"200\",\"result\":true},{\"dataSource\":\"bodyJson\",\"expectRelation\":\"等于\",\"expectValue\":\"401\",\"extractExpress\":\"error.code\",\"extractType\":\"number\",\"realType\":\"null\",\"realValue\":\"\",\"result\":false},{\"dataSource\":\"bodyReg\",\"expectRelation\":\"等于\",\"expectValue\":\"未登录或登陆失效，请先登录\",\"extractExpress\":\"\\\"message\\\": \\\"(.*?)\\\"\",\"extractType\":\"string\",\"realType\":\"null\",\"realValue\":\"\",\"result\":false},{\"dataSource\":\"header\",\"expectRelation\":\"等于\",\"expectValue\":\"231243\",\"extractExpress\":\"Date\",\"extractType\":\"string\",\"realType\":\"string\",\"realValue\":\"Wed, 11 Mar 2020 03:31:11 GMT\",\"result\":false}]',126,NULL,'2020-03-11 11:31:11.186'),(7,2,3,114,'元素列表，新建一个',0,'GET','http://www.baidu.com/public/projectPage/listPage','[{\"key\":\"token\",\"value\":\"eyJhbGciOiJIUzI1NiJ9.eyJMT0dJTl9VU0VSX0tFWSI6Ijg4MjRlYTk3LTc5MzktNGYyYS1iM2M1LTU2MTYzOWUyZjY3MSJ9.3aonnRcqaQUorlaBQLH8dg3zrYiAlTDQlMMgJpiuf3g\"}]','[{\"key\":\"pageNum\",\"value\":\"1\"},{\"key\":\"pageSize\",\"value\":\"10\"},{\"key\":\"pageCount\",\"value\":\"14\"},{\"key\":\"serchData\",\"value\":\"%7B%22pageName%22:%22%22,%22projectId%22:2%7D\"}]','raw',NULL,NULL,200,'html','<html>\n  <head>\n    <meta http-equiv=\"X-UA-Compatible\" content=\"IE=edge,chrome=1\"/>\n    <meta http-equiv=\"content-type\" content=\"text/html;charset=utf-8\"/>\n    <meta name=\"referrer\" content=\"always\"/>\n    <script src=\"https://ss1.bdstatic.com/5eN1bjq8AAUYm2zgoY3K/r/www/nocache/imgdata/seErrorRec.js\"/>\n    <title>页面不存在_百度搜索</title>\n    <style data-for=\"result\">\n        body {color: #333; background: #fff; padding: 0; margin: 0; position: relative; min-width: 700px; font-family: arial; font-size: 12px }\n        p, form, ol, ul, li, dl, dt, dd, h3 {margin: 0; padding: 0; list-style: none }\n        input {padding-top: 0; padding-bottom: 0; -moz-box-sizing: border-box; -webkit-box-sizing: border-box; box-sizing: border-box } img {border: none; }\n        .logo {width: 117px; height: 38px; cursor: pointer }\n         #wrapper {_zoom: 1 }\n        #head {padding-left: 35px; margin-bottom: 20px; width: 900px }\n        .fm {clear: both; position: relative; z-index: 297 }\n        .btn, #more {font-size: 14px } \n        .s_btn {width: 95px; height: 32px; padding-top: 2px\\9; font-size: 14px; padding: 0; background-color: #ddd; background-position: 0 -48px; border: 0; cursor: pointer }\n        .s_btn_h {background-position: -240px -48px }\n        .s_btn_wr {width: 97px; height: 34px; display: inline-block; background-position: -120px -48px; *position: relative; z-index: 0; vertical-align: top }\n        #foot {}\n        #foot span {color: #666 }\n        .s_ipt_wr {height: 32px }\n        .s_form:after, .s_tab:after {content: \".\"; display: block; height: 0; clear: both; visibility: hidden }\n        .s_form {zoom: 1; height: 55px; padding: 0 0 0 10px }\n        #result_logo {float: left; margin: 7px 0 0 }\n        #result_logo img {width: 101px }\n        #head {padding: 0; margin: 0; width: 100%; position: absolute; z-index: 301; min-width: 1000px; background: #fff; border-bottom: 1px solid #ebebeb; position: fixed; _position: absolute; -webkit-transform: translateZ(0) }\n        #head .head_wrapper {_width: 1000px }\n        #head.s_down {box-shadow: 0 0 5px #888 }\n        .fm {clear: none; float: left; margin: 11px 0 0 10px }\n        #s_tab {background: #f8f8f8; line-height: 36px; height: 38px; padding: 55px 0 0 121px; float: none; zoom: 1 }\n        #s_tab a, #s_tab b {width: 54px; display: inline-block; text-decoration: none; text-align: center; color: #666; font-size: 14px }\n        #s_tab b {border-bottom: 2px solid #38f; font-weight: bold; color: #323232 }\n        #s_tab a:hover {color: #323232 }\n        #content_left {width: 540px; padding-left: 121px; padding-top: 5px }\n        .to_tieba, .to_zhidao_bottom {margin: 10px 0 0 121px }\n        #help {background: #f5f6f5; zoom: 1; padding: 0 0 0 50px; float: right }\n        #help a {color: #777; padding: 0 15px; text-decoration: none }\n        #help a:hover {color: #333 }\n        #foot {position: fixed; bottom:0; width: 100%; background: #f5f6f5; border-top: 1px solid #ebebeb; text-align: left; height: 42px; line-height: 42px; margin-top: 40px; *margin-top: 0; _position:absolute; _bottom:auto; _top:expression(eval(document.documentElement.scrollTop+document.documentElement.clientHeight-this.offsetHeight-(parseInt(this.currentStyle.marginTop,10)||0)-(parseInt(this.currentStyle.marginBottom,10)||0))); }\n\n        .content_none {padding: 45px 0 25px 121px } .s_ipt_wr.bg,\n        .s_btn_wr.bg, #su.bg {background-image: none }\n        .s_ipt_wr.bg {background: 0 }\n        .s_btn_wr {width: auto; height: auto; border-bottom: 1px solid transparent; *border-bottom: 0 }\n        .s_btn {width: 100px; height: 34px; color: white; letter-spacing: 1px; background: #3385ff; border-bottom: 1px solid #2d78f4; outline: medium; *border-bottom: 0; -webkit-appearance: none; -webkit-border-radius: 0 }\n        .s_btn:hover {background: #317ef3; border-bottom: 1px solid #2868c8; *border-bottom: 0; box-shadow: 1px 1px 1px #ccc }\n        .s_btn:active {background: #3075dc; box-shadow: inset 1px 1px 3px #2964bb; -webkit-box-shadow: inset 1px 1px 3px #2964bb; -moz-box-shadow: inset 1px 1px 3px #2964bb; -o-box-shadow: inset 1px 1px 3px #2964bb }\n        #lg {display: none }\n        #head .headBlock {margin: -5px 0 6px 121px }\n        #content_left .leftBlock {margin-bottom: 14px; padding-bottom: 5px; border-bottom: 1px solid #f3f3f3 }\n        .s_ipt_wr {border: 1px solid #b6b6b6; border-color: #7b7b7b #b6b6b6 #b6b6b6 #7b7b7b; background: #fff; display: inline-block; vertical-align: top; width: 539px; margin-right: 0; border-right-width: 0; border-color: #b8b8b8 transparent #ccc #b8b8b8; overflow: hidden }\n        .s_ipt_wr.ip_short {width: 439px; }\n        .s_ipt_wr:hover, .s_ipt_wr.ipthover {border-color: #999 transparent #b3b3b3 #999 }\n        .s_ipt_wr.iptfocus {border-color: #4791ff transparent #4791ff #4791ff }\n        .s_ipt_tip {color: #aaa; position: absolute; z-index: -10; font: 16px/22px arial; height: 32px; line-height: 32px; padding-left: 7px; overflow: hidden; width: 526px }\n        .s_ipt {width: 526px; height: 22px; font: 16px/18px arial; line-height: 22px\\9; margin: 6px 0 0 7px; padding: 0; background: transparent; border: 0; outline: 0; -webkit-appearance: none }\n        #kw {position: relative;display: inline-block;}\n        input::-ms-clear {display: none }\n        /*Error page css*/\n        .norsSuggest {display: inline-block; color: #333; font-family: arial; font-size: 13px; position: relative; } \n        .norsTitle {font-size: 22px; font-family: Microsoft Yahei; font-weight: normal; color: #333; margin: 35px 0 25px 0; }\n        .norsTitle2 {font-family: arial; font-size: 13px; color: #666; }\n        .norsSuggest ol {margin-left: 47px; }\n        .norsSuggest li {margin: 13px 0; }\n        #content_right {\n    border-left: 1px solid #e1e1e1;\n    width: 384px;\n    margin-top: 25px;\n    float: right;\n    padding-left: 17px;\n}\n#wrapper_wrapper {\n    width: 1212px;\n}\n.cr-content {\n    width: 351px;\n    font-size: 13px;\n    line-height: 1.54em;\n    color: #333;\n    margin-top: 6px;\n    margin-bottom: 28px;\n    word-wrap: break-word;\n    word-break: normal;\n}\n@media screen and (max-width: 1217px) {\n    #wrapper_wrapper {\n        width: 1002px;\n    }\n    #wrapper_wrapper #content_right {\n        width: 271px;\n    }\n    #wrapper_wrapper .cr-content {\n        width: 259px;\n    }\n}\n.opr-toplist-title {\n    position: relative;\n    font-size: 14px;\n    line-height: 1.29em;\n    font-weight: 700;\n    margin-bottom: 10px;\n}\n.opr-toplist-table {\n    width: 100%;\n    border-collapse: collapse;\n    border-spacing: 0;\n    font-size: 13px;\n}\n.opr-toplist-table th,td {\n    line-height: 1.54;\n    border-bottom: 1px solid #f3f3f3;\n    text-align: left;\n}\n.opr-toplist-table thead th {\n    padding-top: 4px;\n    padding-bottom: 4px;\n    font-weight: 400;\n    color: #666;\n    white-space: nowrap;\n    background-color: #fafafa;  \n}\n.opr-toplist-table .opr-toplist-right {\n    text-align: right;\n    white-space: nowrap;\n}\n.opr-toplist-table td {\n    width: 100%;\n    font-size: 13px;\n    padding-top: 6.5px;\n    padding-bottom: 6.5px;\n    vertical-align: top;\n}\n.opr-toplist-table a:hover {\n    text-decoration: underline;\n}\n.opr-index-item {\n    display: inline-block;\n    padding:1px 0;\n    color: #fff;\n    width: 14px;\n    line-height: 100%;\n    font-size: 12px;\n    text-align: center;\n    background-color: #8eb9f5;\n    margin-right: 5px;\n}\n.opr-index-hot1 {\n    background-color: #f54545;\n}\n\n.opr-index-hot2 {\n    background-color: #ff8547;\n}\n.opr-index-hot3 {\n    background-color: #ffac38;\n}\n.opr-item-text {\n    text-decoration: none;  \n}\n.opr-toplist-info {\n    color: #666;\n    text-align: right;\n    margin-top: 5px;\n}\n.opr-toplist-info&gt;a {\n    color: #666;\n}\n    </style>\n  </head>\n  <body link=\"#0000cc\">\n    <div class=\"wrapper_l\" id=\"wrapper\">\n      <div id=\"head\">\n        <div class=\"head_wrapper\">\n          <div class=\"s_form\">\n            <div class=\"s_form_wrapper\">\n              <a shape=\"rect\" id=\"result_logo\" href=\"//www.baidu.com/\">\n                <img src=\"//www.baidu.com/img/baidu_jgylogo3.gif\" alt=\"到百度首页\" title=\"到百度首页\"/>\n              </a>\n              <form enctype=\"application/x-www-form-urlencoded\" method=\"get\" class=\"fm\" id=\"form\" name=\"f\" action=\"//www.baidu.com/s\">\n                <input type=\"hidden\" name=\"ie\" value=\"utf-8\"/>\n                <input type=\"hidden\" name=\"f\" value=\"8\"/>\n                <input type=\"hidden\" name=\"rsv_bp\" value=\"1\"/>\n                <input type=\"hidden\" name=\"ch\" value=\"\"/>\n                <input type=\"hidden\" name=\"tn\" value=\"baiduerr\"/>\n                <input type=\"hidden\" name=\"bar\" value=\"\"/>\n                <span class=\"bg s_ipt_wr iptfocus\">\n                  <input maxlength=\"255\" type=\"text\" class=\"s_ipt\" id=\"kw\" name=\"wd\" value=\"\" autocomplete=\"off\" autofocus=\"autofocus\"/>\n                </span>\n                <span class=\"bg s_btn_wr\">\n                  <input type=\"submit\" class=\"bg s_btn\" id=\"su\" value=\"百度一下\"/>\n                </span>\n              </form>\n            </div>\n          </div>\n        </div>\n      </div>\n      <div class=\"s_tab\" id=\"s_tab\">\n        <b>网页</b>\n        <a shape=\"rect\" href=\"http://tieba.baidu.com/f?kw=&amp;fr=wwwt\" wdfield=\"kw\">贴吧</a>\n        <a shape=\"rect\" href=\"http://zhidao.baidu.com/q?ct=17&amp;pn=0&amp;tn=ikaslist&amp;rn=10&amp;word=&amp;fr=wwwt\" wdfield=\"word\">知道</a>\n        <a shape=\"rect\" href=\"http://music.baidu.com/search?fr=ps&amp;ie=utf-8&amp;key=\" wdfield=\"key\">音乐</a>\n        <a shape=\"rect\" href=\"http://image.baidu.com/i?tn=baiduimage&amp;ps=1&amp;ct=201326592&amp;lm=-1&amp;cl=2&amp;nc=1&amp;ie=utf-8&amp;word=\" wdfield=\"word\">图片</a>\n        <a shape=\"rect\" href=\"http://v.baidu.com/v?ct=301989888&amp;rn=20&amp;pn=0&amp;db=0&amp;s=25&amp;ie=utf-8&amp;word=\" wdfield=\"word\">视频</a>\n        <a shape=\"rect\" href=\"http://map.baidu.com/m?word=&amp;fr=ps01000\" wdfield=\"word\">地图</a>\n        <a shape=\"rect\" href=\"http://wenku.baidu.com/search?word=&amp;lm=0&amp;od=0&amp;ie=utf-8\" wdfield=\"word\">文库</a>\n        <a shape=\"rect\" href=\"//www.baidu.com/more/\">更多»</a>\n      </div>\n      <div id=\"wrapper_wrapper\">\n        <div id=\"content_left\">\n          <div class=\"nors\">\n            <div class=\"norsSuggest\">\n              <h3 class=\"norsTitle\">很抱歉，您要访问的页面不存在！</h3>\n              <p class=\"norsTitle2\">温馨提示：</p>\n              <ol>\n                <li>请检查您访问的网址是否正确</li>\n                <li>\n如果您不能确认访问的网址，请浏览                  <a shape=\"rect\" href=\"//www.baidu.com/more/index.html\">百度更多</a>\n页面查看更多网址。                </li>\n                <li>回到顶部重新发起搜索</li>\n                <li>\n如有任何意见或建议，请及时                  <a shape=\"rect\" href=\"http://qingting.baidu.com/index\">反馈给我们</a>\n。                </li>\n              </ol>\n            </div>\n          </div>\n        </div>\n      </div>\n      <div id=\"foot\">\n        <span id=\"help\" style=\"float:left;padding-left:121px\">\n          <a shape=\"rect\" href=\"http://help.baidu.com/question\" target=\"_blank\">帮助</a>\n          <a shape=\"rect\" href=\"http://www.baidu.com/search/jubao.html\" target=\"_blank\">举报</a>\n          <a shape=\"rect\" href=\"http://jianyi.baidu.com\" target=\"_blank\">给百度提建议</a>\n        </span>\n      </div>\n    </div>\n  </body>\n  <script>\n(function () {\n        var LOGURL = \'https://sp1.baidu.com/5b1ZeDe5KgQFm2e88IuM_a/cm.gif\';\n        var params = \'type=wwwerror&amp;terminal=www\';\n        var img = new Image();\n        img.src = LOGURL + \'?\' + params;\n    })();\n    (function () {\n        if(window.recommend &amp;&amp; window.recommend.query &amp;&amp; window.recommend.query.length &gt; 0) {\n            var recommendWrapper = document.createElement(\'div\');\n            var recommendHtml = \'&lt;div class=\"cr-content\"&gt;&lt;div class=\"opr-toplist-title\"&gt;\' + window.recommend.title + \'&lt;/div&gt;&lt;table class=\"opr-toplist-table\"&gt;&lt;thead&gt;&lt;tr&gt;&lt;th&gt;排名&lt;/th&gt;&lt;/tr&gt;&lt;/thead&gt;\';\n            var queryArray = window.recommend.query;\n            var itemUrl = \'\';\n            for(var i = 1; i &lt; (queryArray.length+1); i++) {\n                itemUrl = \'//www.baidu.com/s?word=\' + encodeURIComponent(queryArray[i-1].word) + \'&amp;sa=\' + queryArray[i-1].sa + \'&amp;tn=\' + queryArray[i-1].tn;\n                if (queryArray[i-1].rsv_dl) {\n                    itemUrl += \"&amp;rsv_dl=\" + queryArray[i-1].rsv_dl;\n                }\n                \n                if (i &lt; 4) {\n                    recommendHtml += \'&lt;tr&gt;&lt;td&gt;&lt;span class=\"opr-index-hot\' + i + \' opr-index-item\"&gt;\' + i + \'&lt;/span&gt;&lt;a target=\"_blank\" href=\"\' + itemUrl +\'\" class=\"opr-item-text\"&gt;\' + queryArray[i-1].word + \'&lt;/a&gt;&lt;/td&gt;&lt;/tr&gt;\';\n                } else {\n                    recommendHtml += \'&lt;tr&gt;&lt;td&gt;&lt;span class=\"opr-index-item\"&gt;\' + i + \'&lt;/span&gt;&lt;a target=\"_blank\" href=\"\' + itemUrl +\'\" class=\"opr-item-text\"&gt;\' + queryArray[i-1].word + \'&lt;/a&gt;&lt;/td&gt;&lt;/tr&gt;\';\n                }\n            }\n            recommendHtml += \'&lt;/tbody&gt;&lt;/table&gt;&lt;div class=\"opr-toplist-info\"&gt;&lt;span&gt;来源：&lt;/span&gt;&lt;a target=\"_blank\" href=\"http://www.baidu.com/link?url=sLR63PtaB7kc3YkTtzDy1k3mbTm1DXDMu-nLcijZx8DmWgOff4lBxqmY-LGDyHqw\"&gt;百度风云榜&lt;/a&gt;&lt;span&gt;&amp;nbsp;-&amp;nbsp;&lt;/span&gt;&lt;a target=\"_blank\" href=\"http://www.baidu.com/link?url=01vNBVXR2eaJxETl9PI3hcrvKCcwaJIKk5FkpO7l5YI_Q_pC24ogIBoZxI0LAu5oYpAdhRH42nzxAqfui0YnHK\"&gt;实时热点&lt;/a&gt;&lt;/div&gt;&lt;/div&gt;\';\n            recommendWrapper.setAttribute(\'id\', \'content_right\');\n            document.getElementById(\'wrapper_wrapper\').insertBefore(recommendWrapper, document.getElementById(\'content_left\'));\n            var recommend = document.getElementById(\'content_right\');\n            recommend.innerHTML = recommendHtml;\n        }\n})();\n(function(){\n    var bds = {\n        util: {}\n    };\n    var c = document.getElementById(\'kw\').parentNode;\n\n    bds.util.getWinWidth = function(){\n        return window.document.documentElement.clientWidth;\n    };\n\n    bds.util.setFormWidth = function(){\n        var width = bds.util.getWinWidth();\n        if(width &lt; 1217)    {bds.util.setClass(c, \'ip_short\', \'add\')}\n        else                {bds.util.setClass(c, \'ip_short\', \'remove\')};\n    };\n\n    bds.util.setClass = function(obj, class_name, set) {\n        var ori_class = obj.className,\n            has_class_p = -1,\n            ori_class_arr = [],\n            new_class = \'\';\n\n        if(ori_class.length) ori_class_arr = ori_class.split(\' \');\n\n        for( i in ori_class_arr) {\n            if(ori_class_arr[i] == class_name) has_class_p = i;\n        }\n\n        if( set == \'remove\' &amp;&amp; has_class_p &gt;= 0) {\n            ori_class_arr.splice(has_class_p, 1);\n            new_class = ori_class_arr.join(\' \');\n            obj.className = new_class;\n        } else if( set == \'add\' &amp;&amp; has_class_p &lt; 0) {\n            ori_class_arr.push(class_name);\n            new_class = ori_class_arr.join(\' \');\n            obj.className = new_class;\n        }\n    }\n    bds.util.setFormWidth();\n\n    if (typeof document.addEventListener != \"undefined\") {\n        window.addEventListener(\'resize\', bds.util.setFormWidth, false);\n        document.getElementById(\'kw\').addEventListener(\'focus\', function(){bds.util.setClass(c,\'iptfocus\', \'add\');}, false);\n        document.getElementById(\'kw\').addEventListener(\'blur\', function(){bds.util.setClass(c,\'iptfocus\', \'remove\');}, false);\n    } else {\n        window.attachEvent(\'onresize\', bds.util.setFormWidth, false);\n        document.getElementById(\'kw\').attachEvent(\'onfocus\', function(){bds.util.setClass(c,\'iptfocus\', \'add\');}, false);\n        document.getElementById(\'kw\').attachEvent(\'onblur\', function(){bds.util.setClass(c,\'iptfocus\', \'remove\');}, false);\n    } \n\n})();\n\n\n</script>\n</html>',15852,'[{\"key\":\"Accept-Ranges\",\"value\":\"bytes\"},{\"key\":\"Cache-Control\",\"value\":\"max-age=86400\"},{\"key\":\"Connection\",\"value\":\"Keep-Alive\"},{\"key\":\"Content-Encoding\",\"value\":\"gzip\"},{\"key\":\"Content-Length\",\"value\":\"4863\"},{\"key\":\"Content-Type\",\"value\":\"text/html\"},{\"key\":\"Date\",\"value\":\"Wed, 11 Mar 2020 03:31:11 GMT\"},{\"key\":\"Etag\",\"value\":\"\\\"3dec-57b3a9a43af80\\\"\"},{\"key\":\"Expires\",\"value\":\"Thu, 12 Mar 2020 03:31:11 GMT\"},{\"key\":\"Last-Modified\",\"value\":\"Thu, 22 Nov 2018 06:01:50 GMT\"},{\"key\":\"P3p\",\"value\":\"CP=\\\" OTI DSP COR IVA OUR IND COM \\\"\"},{\"key\":\"Server\",\"value\":\"Apache\"},{\"key\":\"Set-Cookie\",\"value\":\"BAIDUID=A0854D86FE295082CE2703597C26D967:FG=1; expires=Thu, 11-Mar-21 03:31:11 GMT; max-age=31536000; path=/; domain=.baidu.com; version=1\"},{\"key\":\"Vary\",\"value\":\"Accept-Encoding,User-Agent\"}]','[{\"dataSource\":\"bodyJson\",\"extractExpress\":\"error.code\",\"realType\":\"null\",\"realValue\":\"\",\"varName\":\"errorCode\"}]','[{\"dataSource\":\"bodyJson\",\"expectRelation\":\"等于\",\"expectValue\":\"说的是\",\"extractExpress\":\"result.list[0].pageName\",\"extractType\":\"string\",\"realType\":\"null\",\"realValue\":\"\",\"result\":false},{\"dataSource\":\"code\",\"expectRelation\":\"等于\",\"expectValue\":\"200\",\"extractExpress\":\"\",\"extractType\":\"number\",\"realType\":\"number\",\"realValue\":\"200\",\"result\":true},{\"dataSource\":\"bodyJson\",\"expectRelation\":\"等于\",\"expectValue\":\"401\",\"extractExpress\":\"error.code\",\"extractType\":\"number\",\"realType\":\"null\",\"realValue\":\"\",\"result\":false},{\"dataSource\":\"bodyReg\",\"expectRelation\":\"包含\",\"expectValue\":\"未登录或登陆失效\",\"extractExpress\":\"\\\"message\\\": \\\"(.*?)\\\"\",\"extractType\":\"string\",\"realType\":\"null\",\"realValue\":\"\",\"result\":false},{\"dataSource\":\"header\",\"expectRelation\":\"等于\",\"expectValue\":\"231243\",\"extractExpress\":\"Date\",\"extractType\":\"string\",\"realType\":\"string\",\"realValue\":\"Wed, 11 Mar 2020 03:31:11 GMT\",\"result\":false}]',112,NULL,'2020-03-11 11:31:11.323'),(8,2,3,115,'你说一个接口',1,'GET','http://www.baidu.com/asdfasdf','[]','[]','raw',NULL,NULL,200,'html','<html>\n  <head>\n    <meta http-equiv=\"X-UA-Compatible\" content=\"IE=edge,chrome=1\"/>\n    <meta http-equiv=\"content-type\" content=\"text/html;charset=utf-8\"/>\n    <meta name=\"referrer\" content=\"always\"/>\n    <script src=\"https://ss1.bdstatic.com/5eN1bjq8AAUYm2zgoY3K/r/www/nocache/imgdata/seErrorRec.js\"/>\n    <title>页面不存在_百度搜索</title>\n    <style data-for=\"result\">\n        body {color: #333; background: #fff; padding: 0; margin: 0; position: relative; min-width: 700px; font-family: arial; font-size: 12px }\n        p, form, ol, ul, li, dl, dt, dd, h3 {margin: 0; padding: 0; list-style: none }\n        input {padding-top: 0; padding-bottom: 0; -moz-box-sizing: border-box; -webkit-box-sizing: border-box; box-sizing: border-box } img {border: none; }\n        .logo {width: 117px; height: 38px; cursor: pointer }\n         #wrapper {_zoom: 1 }\n        #head {padding-left: 35px; margin-bottom: 20px; width: 900px }\n        .fm {clear: both; position: relative; z-index: 297 }\n        .btn, #more {font-size: 14px } \n        .s_btn {width: 95px; height: 32px; padding-top: 2px\\9; font-size: 14px; padding: 0; background-color: #ddd; background-position: 0 -48px; border: 0; cursor: pointer }\n        .s_btn_h {background-position: -240px -48px }\n        .s_btn_wr {width: 97px; height: 34px; display: inline-block; background-position: -120px -48px; *position: relative; z-index: 0; vertical-align: top }\n        #foot {}\n        #foot span {color: #666 }\n        .s_ipt_wr {height: 32px }\n        .s_form:after, .s_tab:after {content: \".\"; display: block; height: 0; clear: both; visibility: hidden }\n        .s_form {zoom: 1; height: 55px; padding: 0 0 0 10px }\n        #result_logo {float: left; margin: 7px 0 0 }\n        #result_logo img {width: 101px }\n        #head {padding: 0; margin: 0; width: 100%; position: absolute; z-index: 301; min-width: 1000px; background: #fff; border-bottom: 1px solid #ebebeb; position: fixed; _position: absolute; -webkit-transform: translateZ(0) }\n        #head .head_wrapper {_width: 1000px }\n        #head.s_down {box-shadow: 0 0 5px #888 }\n        .fm {clear: none; float: left; margin: 11px 0 0 10px }\n        #s_tab {background: #f8f8f8; line-height: 36px; height: 38px; padding: 55px 0 0 121px; float: none; zoom: 1 }\n        #s_tab a, #s_tab b {width: 54px; display: inline-block; text-decoration: none; text-align: center; color: #666; font-size: 14px }\n        #s_tab b {border-bottom: 2px solid #38f; font-weight: bold; color: #323232 }\n        #s_tab a:hover {color: #323232 }\n        #content_left {width: 540px; padding-left: 121px; padding-top: 5px }\n        .to_tieba, .to_zhidao_bottom {margin: 10px 0 0 121px }\n        #help {background: #f5f6f5; zoom: 1; padding: 0 0 0 50px; float: right }\n        #help a {color: #777; padding: 0 15px; text-decoration: none }\n        #help a:hover {color: #333 }\n        #foot {position: fixed; bottom:0; width: 100%; background: #f5f6f5; border-top: 1px solid #ebebeb; text-align: left; height: 42px; line-height: 42px; margin-top: 40px; *margin-top: 0; _position:absolute; _bottom:auto; _top:expression(eval(document.documentElement.scrollTop+document.documentElement.clientHeight-this.offsetHeight-(parseInt(this.currentStyle.marginTop,10)||0)-(parseInt(this.currentStyle.marginBottom,10)||0))); }\n\n        .content_none {padding: 45px 0 25px 121px } .s_ipt_wr.bg,\n        .s_btn_wr.bg, #su.bg {background-image: none }\n        .s_ipt_wr.bg {background: 0 }\n        .s_btn_wr {width: auto; height: auto; border-bottom: 1px solid transparent; *border-bottom: 0 }\n        .s_btn {width: 100px; height: 34px; color: white; letter-spacing: 1px; background: #3385ff; border-bottom: 1px solid #2d78f4; outline: medium; *border-bottom: 0; -webkit-appearance: none; -webkit-border-radius: 0 }\n        .s_btn:hover {background: #317ef3; border-bottom: 1px solid #2868c8; *border-bottom: 0; box-shadow: 1px 1px 1px #ccc }\n        .s_btn:active {background: #3075dc; box-shadow: inset 1px 1px 3px #2964bb; -webkit-box-shadow: inset 1px 1px 3px #2964bb; -moz-box-shadow: inset 1px 1px 3px #2964bb; -o-box-shadow: inset 1px 1px 3px #2964bb }\n        #lg {display: none }\n        #head .headBlock {margin: -5px 0 6px 121px }\n        #content_left .leftBlock {margin-bottom: 14px; padding-bottom: 5px; border-bottom: 1px solid #f3f3f3 }\n        .s_ipt_wr {border: 1px solid #b6b6b6; border-color: #7b7b7b #b6b6b6 #b6b6b6 #7b7b7b; background: #fff; display: inline-block; vertical-align: top; width: 539px; margin-right: 0; border-right-width: 0; border-color: #b8b8b8 transparent #ccc #b8b8b8; overflow: hidden }\n        .s_ipt_wr.ip_short {width: 439px; }\n        .s_ipt_wr:hover, .s_ipt_wr.ipthover {border-color: #999 transparent #b3b3b3 #999 }\n        .s_ipt_wr.iptfocus {border-color: #4791ff transparent #4791ff #4791ff }\n        .s_ipt_tip {color: #aaa; position: absolute; z-index: -10; font: 16px/22px arial; height: 32px; line-height: 32px; padding-left: 7px; overflow: hidden; width: 526px }\n        .s_ipt {width: 526px; height: 22px; font: 16px/18px arial; line-height: 22px\\9; margin: 6px 0 0 7px; padding: 0; background: transparent; border: 0; outline: 0; -webkit-appearance: none }\n        #kw {position: relative;display: inline-block;}\n        input::-ms-clear {display: none }\n        /*Error page css*/\n        .norsSuggest {display: inline-block; color: #333; font-family: arial; font-size: 13px; position: relative; } \n        .norsTitle {font-size: 22px; font-family: Microsoft Yahei; font-weight: normal; color: #333; margin: 35px 0 25px 0; }\n        .norsTitle2 {font-family: arial; font-size: 13px; color: #666; }\n        .norsSuggest ol {margin-left: 47px; }\n        .norsSuggest li {margin: 13px 0; }\n        #content_right {\n    border-left: 1px solid #e1e1e1;\n    width: 384px;\n    margin-top: 25px;\n    float: right;\n    padding-left: 17px;\n}\n#wrapper_wrapper {\n    width: 1212px;\n}\n.cr-content {\n    width: 351px;\n    font-size: 13px;\n    line-height: 1.54em;\n    color: #333;\n    margin-top: 6px;\n    margin-bottom: 28px;\n    word-wrap: break-word;\n    word-break: normal;\n}\n@media screen and (max-width: 1217px) {\n    #wrapper_wrapper {\n        width: 1002px;\n    }\n    #wrapper_wrapper #content_right {\n        width: 271px;\n    }\n    #wrapper_wrapper .cr-content {\n        width: 259px;\n    }\n}\n.opr-toplist-title {\n    position: relative;\n    font-size: 14px;\n    line-height: 1.29em;\n    font-weight: 700;\n    margin-bottom: 10px;\n}\n.opr-toplist-table {\n    width: 100%;\n    border-collapse: collapse;\n    border-spacing: 0;\n    font-size: 13px;\n}\n.opr-toplist-table th,td {\n    line-height: 1.54;\n    border-bottom: 1px solid #f3f3f3;\n    text-align: left;\n}\n.opr-toplist-table thead th {\n    padding-top: 4px;\n    padding-bottom: 4px;\n    font-weight: 400;\n    color: #666;\n    white-space: nowrap;\n    background-color: #fafafa;  \n}\n.opr-toplist-table .opr-toplist-right {\n    text-align: right;\n    white-space: nowrap;\n}\n.opr-toplist-table td {\n    width: 100%;\n    font-size: 13px;\n    padding-top: 6.5px;\n    padding-bottom: 6.5px;\n    vertical-align: top;\n}\n.opr-toplist-table a:hover {\n    text-decoration: underline;\n}\n.opr-index-item {\n    display: inline-block;\n    padding:1px 0;\n    color: #fff;\n    width: 14px;\n    line-height: 100%;\n    font-size: 12px;\n    text-align: center;\n    background-color: #8eb9f5;\n    margin-right: 5px;\n}\n.opr-index-hot1 {\n    background-color: #f54545;\n}\n\n.opr-index-hot2 {\n    background-color: #ff8547;\n}\n.opr-index-hot3 {\n    background-color: #ffac38;\n}\n.opr-item-text {\n    text-decoration: none;  \n}\n.opr-toplist-info {\n    color: #666;\n    text-align: right;\n    margin-top: 5px;\n}\n.opr-toplist-info&gt;a {\n    color: #666;\n}\n    </style>\n  </head>\n  <body link=\"#0000cc\">\n    <div class=\"wrapper_l\" id=\"wrapper\">\n      <div id=\"head\">\n        <div class=\"head_wrapper\">\n          <div class=\"s_form\">\n            <div class=\"s_form_wrapper\">\n              <a shape=\"rect\" id=\"result_logo\" href=\"//www.baidu.com/\">\n                <img src=\"//www.baidu.com/img/baidu_jgylogo3.gif\" alt=\"到百度首页\" title=\"到百度首页\"/>\n              </a>\n              <form enctype=\"application/x-www-form-urlencoded\" method=\"get\" class=\"fm\" id=\"form\" name=\"f\" action=\"//www.baidu.com/s\">\n                <input type=\"hidden\" name=\"ie\" value=\"utf-8\"/>\n                <input type=\"hidden\" name=\"f\" value=\"8\"/>\n                <input type=\"hidden\" name=\"rsv_bp\" value=\"1\"/>\n                <input type=\"hidden\" name=\"ch\" value=\"\"/>\n                <input type=\"hidden\" name=\"tn\" value=\"baiduerr\"/>\n                <input type=\"hidden\" name=\"bar\" value=\"\"/>\n                <span class=\"bg s_ipt_wr iptfocus\">\n                  <input maxlength=\"255\" type=\"text\" class=\"s_ipt\" id=\"kw\" name=\"wd\" value=\"\" autocomplete=\"off\" autofocus=\"autofocus\"/>\n                </span>\n                <span class=\"bg s_btn_wr\">\n                  <input type=\"submit\" class=\"bg s_btn\" id=\"su\" value=\"百度一下\"/>\n                </span>\n              </form>\n            </div>\n          </div>\n        </div>\n      </div>\n      <div class=\"s_tab\" id=\"s_tab\">\n        <b>网页</b>\n        <a shape=\"rect\" href=\"http://tieba.baidu.com/f?kw=&amp;fr=wwwt\" wdfield=\"kw\">贴吧</a>\n        <a shape=\"rect\" href=\"http://zhidao.baidu.com/q?ct=17&amp;pn=0&amp;tn=ikaslist&amp;rn=10&amp;word=&amp;fr=wwwt\" wdfield=\"word\">知道</a>\n        <a shape=\"rect\" href=\"http://music.baidu.com/search?fr=ps&amp;ie=utf-8&amp;key=\" wdfield=\"key\">音乐</a>\n        <a shape=\"rect\" href=\"http://image.baidu.com/i?tn=baiduimage&amp;ps=1&amp;ct=201326592&amp;lm=-1&amp;cl=2&amp;nc=1&amp;ie=utf-8&amp;word=\" wdfield=\"word\">图片</a>\n        <a shape=\"rect\" href=\"http://v.baidu.com/v?ct=301989888&amp;rn=20&amp;pn=0&amp;db=0&amp;s=25&amp;ie=utf-8&amp;word=\" wdfield=\"word\">视频</a>\n        <a shape=\"rect\" href=\"http://map.baidu.com/m?word=&amp;fr=ps01000\" wdfield=\"word\">地图</a>\n        <a shape=\"rect\" href=\"http://wenku.baidu.com/search?word=&amp;lm=0&amp;od=0&amp;ie=utf-8\" wdfield=\"word\">文库</a>\n        <a shape=\"rect\" href=\"//www.baidu.com/more/\">更多»</a>\n      </div>\n      <div id=\"wrapper_wrapper\">\n        <div id=\"content_left\">\n          <div class=\"nors\">\n            <div class=\"norsSuggest\">\n              <h3 class=\"norsTitle\">很抱歉，您要访问的页面不存在！</h3>\n              <p class=\"norsTitle2\">温馨提示：</p>\n              <ol>\n                <li>请检查您访问的网址是否正确</li>\n                <li>\n如果您不能确认访问的网址，请浏览                  <a shape=\"rect\" href=\"//www.baidu.com/more/index.html\">百度更多</a>\n页面查看更多网址。                </li>\n                <li>回到顶部重新发起搜索</li>\n                <li>\n如有任何意见或建议，请及时                  <a shape=\"rect\" href=\"http://qingting.baidu.com/index\">反馈给我们</a>\n。                </li>\n              </ol>\n            </div>\n          </div>\n        </div>\n      </div>\n      <div id=\"foot\">\n        <span id=\"help\" style=\"float:left;padding-left:121px\">\n          <a shape=\"rect\" href=\"http://help.baidu.com/question\" target=\"_blank\">帮助</a>\n          <a shape=\"rect\" href=\"http://www.baidu.com/search/jubao.html\" target=\"_blank\">举报</a>\n          <a shape=\"rect\" href=\"http://jianyi.baidu.com\" target=\"_blank\">给百度提建议</a>\n        </span>\n      </div>\n    </div>\n  </body>\n  <script>\n(function () {\n        var LOGURL = \'https://sp1.baidu.com/5b1ZeDe5KgQFm2e88IuM_a/cm.gif\';\n        var params = \'type=wwwerror&amp;terminal=www\';\n        var img = new Image();\n        img.src = LOGURL + \'?\' + params;\n    })();\n    (function () {\n        if(window.recommend &amp;&amp; window.recommend.query &amp;&amp; window.recommend.query.length &gt; 0) {\n            var recommendWrapper = document.createElement(\'div\');\n            var recommendHtml = \'&lt;div class=\"cr-content\"&gt;&lt;div class=\"opr-toplist-title\"&gt;\' + window.recommend.title + \'&lt;/div&gt;&lt;table class=\"opr-toplist-table\"&gt;&lt;thead&gt;&lt;tr&gt;&lt;th&gt;排名&lt;/th&gt;&lt;/tr&gt;&lt;/thead&gt;\';\n            var queryArray = window.recommend.query;\n            var itemUrl = \'\';\n            for(var i = 1; i &lt; (queryArray.length+1); i++) {\n                itemUrl = \'//www.baidu.com/s?word=\' + encodeURIComponent(queryArray[i-1].word) + \'&amp;sa=\' + queryArray[i-1].sa + \'&amp;tn=\' + queryArray[i-1].tn;\n                if (queryArray[i-1].rsv_dl) {\n                    itemUrl += \"&amp;rsv_dl=\" + queryArray[i-1].rsv_dl;\n                }\n                \n                if (i &lt; 4) {\n                    recommendHtml += \'&lt;tr&gt;&lt;td&gt;&lt;span class=\"opr-index-hot\' + i + \' opr-index-item\"&gt;\' + i + \'&lt;/span&gt;&lt;a target=\"_blank\" href=\"\' + itemUrl +\'\" class=\"opr-item-text\"&gt;\' + queryArray[i-1].word + \'&lt;/a&gt;&lt;/td&gt;&lt;/tr&gt;\';\n                } else {\n                    recommendHtml += \'&lt;tr&gt;&lt;td&gt;&lt;span class=\"opr-index-item\"&gt;\' + i + \'&lt;/span&gt;&lt;a target=\"_blank\" href=\"\' + itemUrl +\'\" class=\"opr-item-text\"&gt;\' + queryArray[i-1].word + \'&lt;/a&gt;&lt;/td&gt;&lt;/tr&gt;\';\n                }\n            }\n            recommendHtml += \'&lt;/tbody&gt;&lt;/table&gt;&lt;div class=\"opr-toplist-info\"&gt;&lt;span&gt;来源：&lt;/span&gt;&lt;a target=\"_blank\" href=\"http://www.baidu.com/link?url=sLR63PtaB7kc3YkTtzDy1k3mbTm1DXDMu-nLcijZx8DmWgOff4lBxqmY-LGDyHqw\"&gt;百度风云榜&lt;/a&gt;&lt;span&gt;&amp;nbsp;-&amp;nbsp;&lt;/span&gt;&lt;a target=\"_blank\" href=\"http://www.baidu.com/link?url=01vNBVXR2eaJxETl9PI3hcrvKCcwaJIKk5FkpO7l5YI_Q_pC24ogIBoZxI0LAu5oYpAdhRH42nzxAqfui0YnHK\"&gt;实时热点&lt;/a&gt;&lt;/div&gt;&lt;/div&gt;\';\n            recommendWrapper.setAttribute(\'id\', \'content_right\');\n            document.getElementById(\'wrapper_wrapper\').insertBefore(recommendWrapper, document.getElementById(\'content_left\'));\n            var recommend = document.getElementById(\'content_right\');\n            recommend.innerHTML = recommendHtml;\n        }\n})();\n(function(){\n    var bds = {\n        util: {}\n    };\n    var c = document.getElementById(\'kw\').parentNode;\n\n    bds.util.getWinWidth = function(){\n        return window.document.documentElement.clientWidth;\n    };\n\n    bds.util.setFormWidth = function(){\n        var width = bds.util.getWinWidth();\n        if(width &lt; 1217)    {bds.util.setClass(c, \'ip_short\', \'add\')}\n        else                {bds.util.setClass(c, \'ip_short\', \'remove\')};\n    };\n\n    bds.util.setClass = function(obj, class_name, set) {\n        var ori_class = obj.className,\n            has_class_p = -1,\n            ori_class_arr = [],\n            new_class = \'\';\n\n        if(ori_class.length) ori_class_arr = ori_class.split(\' \');\n\n        for( i in ori_class_arr) {\n            if(ori_class_arr[i] == class_name) has_class_p = i;\n        }\n\n        if( set == \'remove\' &amp;&amp; has_class_p &gt;= 0) {\n            ori_class_arr.splice(has_class_p, 1);\n            new_class = ori_class_arr.join(\' \');\n            obj.className = new_class;\n        } else if( set == \'add\' &amp;&amp; has_class_p &lt; 0) {\n            ori_class_arr.push(class_name);\n            new_class = ori_class_arr.join(\' \');\n            obj.className = new_class;\n        }\n    }\n    bds.util.setFormWidth();\n\n    if (typeof document.addEventListener != \"undefined\") {\n        window.addEventListener(\'resize\', bds.util.setFormWidth, false);\n        document.getElementById(\'kw\').addEventListener(\'focus\', function(){bds.util.setClass(c,\'iptfocus\', \'add\');}, false);\n        document.getElementById(\'kw\').addEventListener(\'blur\', function(){bds.util.setClass(c,\'iptfocus\', \'remove\');}, false);\n    } else {\n        window.attachEvent(\'onresize\', bds.util.setFormWidth, false);\n        document.getElementById(\'kw\').attachEvent(\'onfocus\', function(){bds.util.setClass(c,\'iptfocus\', \'add\');}, false);\n        document.getElementById(\'kw\').attachEvent(\'onblur\', function(){bds.util.setClass(c,\'iptfocus\', \'remove\');}, false);\n    } \n\n})();\n\n\n</script>\n</html>',15852,'[{\"key\":\"Accept-Ranges\",\"value\":\"bytes\"},{\"key\":\"Cache-Control\",\"value\":\"max-age=86400\"},{\"key\":\"Content-Encoding\",\"value\":\"gzip\"},{\"key\":\"Content-Length\",\"value\":\"4863\"},{\"key\":\"Content-Type\",\"value\":\"text/html\"},{\"key\":\"Date\",\"value\":\"Wed, 11 Mar 2020 03:31:12 GMT\"},{\"key\":\"Etag\",\"value\":\"\\\"3dec-57b3a9a43af80\\\"\"},{\"key\":\"Expires\",\"value\":\"Thu, 12 Mar 2020 03:31:12 GMT\"},{\"key\":\"Last-Modified\",\"value\":\"Thu, 22 Nov 2018 06:01:50 GMT\"},{\"key\":\"P3p\",\"value\":\"CP=\\\" OTI DSP COR IVA OUR IND COM \\\"\"},{\"key\":\"Server\",\"value\":\"Apache\"},{\"key\":\"Set-Cookie\",\"value\":\"BAIDUID=C6F01558534903F9843DD50E9D59698D:FG=1; expires=Thu, 11-Mar-21 03:31:12 GMT; max-age=31536000; path=/; domain=.baidu.com; version=1\"},{\"key\":\"Vary\",\"value\":\"Accept-Encoding,User-Agent\"}]','[]','[]',124,NULL,'2020-03-11 11:31:11.451'),(9,2,3,117,'元素列表，新建一个',0,'GET','http://www.baidu.com/public/projectPage/listPage','[{\"key\":\"token\",\"value\":\"eyJhbGciOiJIUzI1NiJ9.eyJMT0dJTl9VU0VSX0tFWSI6Ijg4MjRlYTk3LTc5MzktNGYyYS1iM2M1LTU2MTYzOWUyZjY3MSJ9.3aonnRcqaQUorlaBQLH8dg3zrYiAlTDQlMMgJpiuf3g\"}]','[{\"key\":\"pageNum\",\"value\":\"1\"},{\"key\":\"pageSize\",\"value\":\"10\"},{\"key\":\"pageCount\",\"value\":\"14\"},{\"key\":\"serchData\",\"value\":\"%7B%22pageName%22:%22%22,%22projectId%22:2%7D\"}]','raw',NULL,NULL,200,'html','<html>\n  <head>\n    <meta http-equiv=\"X-UA-Compatible\" content=\"IE=edge,chrome=1\"/>\n    <meta http-equiv=\"content-type\" content=\"text/html;charset=utf-8\"/>\n    <meta name=\"referrer\" content=\"always\"/>\n    <script src=\"https://ss1.bdstatic.com/5eN1bjq8AAUYm2zgoY3K/r/www/nocache/imgdata/seErrorRec.js\"/>\n    <title>页面不存在_百度搜索</title>\n    <style data-for=\"result\">\n        body {color: #333; background: #fff; padding: 0; margin: 0; position: relative; min-width: 700px; font-family: arial; font-size: 12px }\n        p, form, ol, ul, li, dl, dt, dd, h3 {margin: 0; padding: 0; list-style: none }\n        input {padding-top: 0; padding-bottom: 0; -moz-box-sizing: border-box; -webkit-box-sizing: border-box; box-sizing: border-box } img {border: none; }\n        .logo {width: 117px; height: 38px; cursor: pointer }\n         #wrapper {_zoom: 1 }\n        #head {padding-left: 35px; margin-bottom: 20px; width: 900px }\n        .fm {clear: both; position: relative; z-index: 297 }\n        .btn, #more {font-size: 14px } \n        .s_btn {width: 95px; height: 32px; padding-top: 2px\\9; font-size: 14px; padding: 0; background-color: #ddd; background-position: 0 -48px; border: 0; cursor: pointer }\n        .s_btn_h {background-position: -240px -48px }\n        .s_btn_wr {width: 97px; height: 34px; display: inline-block; background-position: -120px -48px; *position: relative; z-index: 0; vertical-align: top }\n        #foot {}\n        #foot span {color: #666 }\n        .s_ipt_wr {height: 32px }\n        .s_form:after, .s_tab:after {content: \".\"; display: block; height: 0; clear: both; visibility: hidden }\n        .s_form {zoom: 1; height: 55px; padding: 0 0 0 10px }\n        #result_logo {float: left; margin: 7px 0 0 }\n        #result_logo img {width: 101px }\n        #head {padding: 0; margin: 0; width: 100%; position: absolute; z-index: 301; min-width: 1000px; background: #fff; border-bottom: 1px solid #ebebeb; position: fixed; _position: absolute; -webkit-transform: translateZ(0) }\n        #head .head_wrapper {_width: 1000px }\n        #head.s_down {box-shadow: 0 0 5px #888 }\n        .fm {clear: none; float: left; margin: 11px 0 0 10px }\n        #s_tab {background: #f8f8f8; line-height: 36px; height: 38px; padding: 55px 0 0 121px; float: none; zoom: 1 }\n        #s_tab a, #s_tab b {width: 54px; display: inline-block; text-decoration: none; text-align: center; color: #666; font-size: 14px }\n        #s_tab b {border-bottom: 2px solid #38f; font-weight: bold; color: #323232 }\n        #s_tab a:hover {color: #323232 }\n        #content_left {width: 540px; padding-left: 121px; padding-top: 5px }\n        .to_tieba, .to_zhidao_bottom {margin: 10px 0 0 121px }\n        #help {background: #f5f6f5; zoom: 1; padding: 0 0 0 50px; float: right }\n        #help a {color: #777; padding: 0 15px; text-decoration: none }\n        #help a:hover {color: #333 }\n        #foot {position: fixed; bottom:0; width: 100%; background: #f5f6f5; border-top: 1px solid #ebebeb; text-align: left; height: 42px; line-height: 42px; margin-top: 40px; *margin-top: 0; _position:absolute; _bottom:auto; _top:expression(eval(document.documentElement.scrollTop+document.documentElement.clientHeight-this.offsetHeight-(parseInt(this.currentStyle.marginTop,10)||0)-(parseInt(this.currentStyle.marginBottom,10)||0))); }\n\n        .content_none {padding: 45px 0 25px 121px } .s_ipt_wr.bg,\n        .s_btn_wr.bg, #su.bg {background-image: none }\n        .s_ipt_wr.bg {background: 0 }\n        .s_btn_wr {width: auto; height: auto; border-bottom: 1px solid transparent; *border-bottom: 0 }\n        .s_btn {width: 100px; height: 34px; color: white; letter-spacing: 1px; background: #3385ff; border-bottom: 1px solid #2d78f4; outline: medium; *border-bottom: 0; -webkit-appearance: none; -webkit-border-radius: 0 }\n        .s_btn:hover {background: #317ef3; border-bottom: 1px solid #2868c8; *border-bottom: 0; box-shadow: 1px 1px 1px #ccc }\n        .s_btn:active {background: #3075dc; box-shadow: inset 1px 1px 3px #2964bb; -webkit-box-shadow: inset 1px 1px 3px #2964bb; -moz-box-shadow: inset 1px 1px 3px #2964bb; -o-box-shadow: inset 1px 1px 3px #2964bb }\n        #lg {display: none }\n        #head .headBlock {margin: -5px 0 6px 121px }\n        #content_left .leftBlock {margin-bottom: 14px; padding-bottom: 5px; border-bottom: 1px solid #f3f3f3 }\n        .s_ipt_wr {border: 1px solid #b6b6b6; border-color: #7b7b7b #b6b6b6 #b6b6b6 #7b7b7b; background: #fff; display: inline-block; vertical-align: top; width: 539px; margin-right: 0; border-right-width: 0; border-color: #b8b8b8 transparent #ccc #b8b8b8; overflow: hidden }\n        .s_ipt_wr.ip_short {width: 439px; }\n        .s_ipt_wr:hover, .s_ipt_wr.ipthover {border-color: #999 transparent #b3b3b3 #999 }\n        .s_ipt_wr.iptfocus {border-color: #4791ff transparent #4791ff #4791ff }\n        .s_ipt_tip {color: #aaa; position: absolute; z-index: -10; font: 16px/22px arial; height: 32px; line-height: 32px; padding-left: 7px; overflow: hidden; width: 526px }\n        .s_ipt {width: 526px; height: 22px; font: 16px/18px arial; line-height: 22px\\9; margin: 6px 0 0 7px; padding: 0; background: transparent; border: 0; outline: 0; -webkit-appearance: none }\n        #kw {position: relative;display: inline-block;}\n        input::-ms-clear {display: none }\n        /*Error page css*/\n        .norsSuggest {display: inline-block; color: #333; font-family: arial; font-size: 13px; position: relative; } \n        .norsTitle {font-size: 22px; font-family: Microsoft Yahei; font-weight: normal; color: #333; margin: 35px 0 25px 0; }\n        .norsTitle2 {font-family: arial; font-size: 13px; color: #666; }\n        .norsSuggest ol {margin-left: 47px; }\n        .norsSuggest li {margin: 13px 0; }\n        #content_right {\n    border-left: 1px solid #e1e1e1;\n    width: 384px;\n    margin-top: 25px;\n    float: right;\n    padding-left: 17px;\n}\n#wrapper_wrapper {\n    width: 1212px;\n}\n.cr-content {\n    width: 351px;\n    font-size: 13px;\n    line-height: 1.54em;\n    color: #333;\n    margin-top: 6px;\n    margin-bottom: 28px;\n    word-wrap: break-word;\n    word-break: normal;\n}\n@media screen and (max-width: 1217px) {\n    #wrapper_wrapper {\n        width: 1002px;\n    }\n    #wrapper_wrapper #content_right {\n        width: 271px;\n    }\n    #wrapper_wrapper .cr-content {\n        width: 259px;\n    }\n}\n.opr-toplist-title {\n    position: relative;\n    font-size: 14px;\n    line-height: 1.29em;\n    font-weight: 700;\n    margin-bottom: 10px;\n}\n.opr-toplist-table {\n    width: 100%;\n    border-collapse: collapse;\n    border-spacing: 0;\n    font-size: 13px;\n}\n.opr-toplist-table th,td {\n    line-height: 1.54;\n    border-bottom: 1px solid #f3f3f3;\n    text-align: left;\n}\n.opr-toplist-table thead th {\n    padding-top: 4px;\n    padding-bottom: 4px;\n    font-weight: 400;\n    color: #666;\n    white-space: nowrap;\n    background-color: #fafafa;  \n}\n.opr-toplist-table .opr-toplist-right {\n    text-align: right;\n    white-space: nowrap;\n}\n.opr-toplist-table td {\n    width: 100%;\n    font-size: 13px;\n    padding-top: 6.5px;\n    padding-bottom: 6.5px;\n    vertical-align: top;\n}\n.opr-toplist-table a:hover {\n    text-decoration: underline;\n}\n.opr-index-item {\n    display: inline-block;\n    padding:1px 0;\n    color: #fff;\n    width: 14px;\n    line-height: 100%;\n    font-size: 12px;\n    text-align: center;\n    background-color: #8eb9f5;\n    margin-right: 5px;\n}\n.opr-index-hot1 {\n    background-color: #f54545;\n}\n\n.opr-index-hot2 {\n    background-color: #ff8547;\n}\n.opr-index-hot3 {\n    background-color: #ffac38;\n}\n.opr-item-text {\n    text-decoration: none;  \n}\n.opr-toplist-info {\n    color: #666;\n    text-align: right;\n    margin-top: 5px;\n}\n.opr-toplist-info&gt;a {\n    color: #666;\n}\n    </style>\n  </head>\n  <body link=\"#0000cc\">\n    <div class=\"wrapper_l\" id=\"wrapper\">\n      <div id=\"head\">\n        <div class=\"head_wrapper\">\n          <div class=\"s_form\">\n            <div class=\"s_form_wrapper\">\n              <a shape=\"rect\" id=\"result_logo\" href=\"//www.baidu.com/\">\n                <img src=\"//www.baidu.com/img/baidu_jgylogo3.gif\" alt=\"到百度首页\" title=\"到百度首页\"/>\n              </a>\n              <form enctype=\"application/x-www-form-urlencoded\" method=\"get\" class=\"fm\" id=\"form\" name=\"f\" action=\"//www.baidu.com/s\">\n                <input type=\"hidden\" name=\"ie\" value=\"utf-8\"/>\n                <input type=\"hidden\" name=\"f\" value=\"8\"/>\n                <input type=\"hidden\" name=\"rsv_bp\" value=\"1\"/>\n                <input type=\"hidden\" name=\"ch\" value=\"\"/>\n                <input type=\"hidden\" name=\"tn\" value=\"baiduerr\"/>\n                <input type=\"hidden\" name=\"bar\" value=\"\"/>\n                <span class=\"bg s_ipt_wr iptfocus\">\n                  <input maxlength=\"255\" type=\"text\" class=\"s_ipt\" id=\"kw\" name=\"wd\" value=\"\" autocomplete=\"off\" autofocus=\"autofocus\"/>\n                </span>\n                <span class=\"bg s_btn_wr\">\n                  <input type=\"submit\" class=\"bg s_btn\" id=\"su\" value=\"百度一下\"/>\n                </span>\n              </form>\n            </div>\n          </div>\n        </div>\n      </div>\n      <div class=\"s_tab\" id=\"s_tab\">\n        <b>网页</b>\n        <a shape=\"rect\" href=\"http://tieba.baidu.com/f?kw=&amp;fr=wwwt\" wdfield=\"kw\">贴吧</a>\n        <a shape=\"rect\" href=\"http://zhidao.baidu.com/q?ct=17&amp;pn=0&amp;tn=ikaslist&amp;rn=10&amp;word=&amp;fr=wwwt\" wdfield=\"word\">知道</a>\n        <a shape=\"rect\" href=\"http://music.baidu.com/search?fr=ps&amp;ie=utf-8&amp;key=\" wdfield=\"key\">音乐</a>\n        <a shape=\"rect\" href=\"http://image.baidu.com/i?tn=baiduimage&amp;ps=1&amp;ct=201326592&amp;lm=-1&amp;cl=2&amp;nc=1&amp;ie=utf-8&amp;word=\" wdfield=\"word\">图片</a>\n        <a shape=\"rect\" href=\"http://v.baidu.com/v?ct=301989888&amp;rn=20&amp;pn=0&amp;db=0&amp;s=25&amp;ie=utf-8&amp;word=\" wdfield=\"word\">视频</a>\n        <a shape=\"rect\" href=\"http://map.baidu.com/m?word=&amp;fr=ps01000\" wdfield=\"word\">地图</a>\n        <a shape=\"rect\" href=\"http://wenku.baidu.com/search?word=&amp;lm=0&amp;od=0&amp;ie=utf-8\" wdfield=\"word\">文库</a>\n        <a shape=\"rect\" href=\"//www.baidu.com/more/\">更多»</a>\n      </div>\n      <div id=\"wrapper_wrapper\">\n        <div id=\"content_left\">\n          <div class=\"nors\">\n            <div class=\"norsSuggest\">\n              <h3 class=\"norsTitle\">很抱歉，您要访问的页面不存在！</h3>\n              <p class=\"norsTitle2\">温馨提示：</p>\n              <ol>\n                <li>请检查您访问的网址是否正确</li>\n                <li>\n如果您不能确认访问的网址，请浏览                  <a shape=\"rect\" href=\"//www.baidu.com/more/index.html\">百度更多</a>\n页面查看更多网址。                </li>\n                <li>回到顶部重新发起搜索</li>\n                <li>\n如有任何意见或建议，请及时                  <a shape=\"rect\" href=\"http://qingting.baidu.com/index\">反馈给我们</a>\n。                </li>\n              </ol>\n            </div>\n          </div>\n        </div>\n      </div>\n      <div id=\"foot\">\n        <span id=\"help\" style=\"float:left;padding-left:121px\">\n          <a shape=\"rect\" href=\"http://help.baidu.com/question\" target=\"_blank\">帮助</a>\n          <a shape=\"rect\" href=\"http://www.baidu.com/search/jubao.html\" target=\"_blank\">举报</a>\n          <a shape=\"rect\" href=\"http://jianyi.baidu.com\" target=\"_blank\">给百度提建议</a>\n        </span>\n      </div>\n    </div>\n  </body>\n  <script>\n(function () {\n        var LOGURL = \'https://sp1.baidu.com/5b1ZeDe5KgQFm2e88IuM_a/cm.gif\';\n        var params = \'type=wwwerror&amp;terminal=www\';\n        var img = new Image();\n        img.src = LOGURL + \'?\' + params;\n    })();\n    (function () {\n        if(window.recommend &amp;&amp; window.recommend.query &amp;&amp; window.recommend.query.length &gt; 0) {\n            var recommendWrapper = document.createElement(\'div\');\n            var recommendHtml = \'&lt;div class=\"cr-content\"&gt;&lt;div class=\"opr-toplist-title\"&gt;\' + window.recommend.title + \'&lt;/div&gt;&lt;table class=\"opr-toplist-table\"&gt;&lt;thead&gt;&lt;tr&gt;&lt;th&gt;排名&lt;/th&gt;&lt;/tr&gt;&lt;/thead&gt;\';\n            var queryArray = window.recommend.query;\n            var itemUrl = \'\';\n            for(var i = 1; i &lt; (queryArray.length+1); i++) {\n                itemUrl = \'//www.baidu.com/s?word=\' + encodeURIComponent(queryArray[i-1].word) + \'&amp;sa=\' + queryArray[i-1].sa + \'&amp;tn=\' + queryArray[i-1].tn;\n                if (queryArray[i-1].rsv_dl) {\n                    itemUrl += \"&amp;rsv_dl=\" + queryArray[i-1].rsv_dl;\n                }\n                \n                if (i &lt; 4) {\n                    recommendHtml += \'&lt;tr&gt;&lt;td&gt;&lt;span class=\"opr-index-hot\' + i + \' opr-index-item\"&gt;\' + i + \'&lt;/span&gt;&lt;a target=\"_blank\" href=\"\' + itemUrl +\'\" class=\"opr-item-text\"&gt;\' + queryArray[i-1].word + \'&lt;/a&gt;&lt;/td&gt;&lt;/tr&gt;\';\n                } else {\n                    recommendHtml += \'&lt;tr&gt;&lt;td&gt;&lt;span class=\"opr-index-item\"&gt;\' + i + \'&lt;/span&gt;&lt;a target=\"_blank\" href=\"\' + itemUrl +\'\" class=\"opr-item-text\"&gt;\' + queryArray[i-1].word + \'&lt;/a&gt;&lt;/td&gt;&lt;/tr&gt;\';\n                }\n            }\n            recommendHtml += \'&lt;/tbody&gt;&lt;/table&gt;&lt;div class=\"opr-toplist-info\"&gt;&lt;span&gt;来源：&lt;/span&gt;&lt;a target=\"_blank\" href=\"http://www.baidu.com/link?url=sLR63PtaB7kc3YkTtzDy1k3mbTm1DXDMu-nLcijZx8DmWgOff4lBxqmY-LGDyHqw\"&gt;百度风云榜&lt;/a&gt;&lt;span&gt;&amp;nbsp;-&amp;nbsp;&lt;/span&gt;&lt;a target=\"_blank\" href=\"http://www.baidu.com/link?url=01vNBVXR2eaJxETl9PI3hcrvKCcwaJIKk5FkpO7l5YI_Q_pC24ogIBoZxI0LAu5oYpAdhRH42nzxAqfui0YnHK\"&gt;实时热点&lt;/a&gt;&lt;/div&gt;&lt;/div&gt;\';\n            recommendWrapper.setAttribute(\'id\', \'content_right\');\n            document.getElementById(\'wrapper_wrapper\').insertBefore(recommendWrapper, document.getElementById(\'content_left\'));\n            var recommend = document.getElementById(\'content_right\');\n            recommend.innerHTML = recommendHtml;\n        }\n})();\n(function(){\n    var bds = {\n        util: {}\n    };\n    var c = document.getElementById(\'kw\').parentNode;\n\n    bds.util.getWinWidth = function(){\n        return window.document.documentElement.clientWidth;\n    };\n\n    bds.util.setFormWidth = function(){\n        var width = bds.util.getWinWidth();\n        if(width &lt; 1217)    {bds.util.setClass(c, \'ip_short\', \'add\')}\n        else                {bds.util.setClass(c, \'ip_short\', \'remove\')};\n    };\n\n    bds.util.setClass = function(obj, class_name, set) {\n        var ori_class = obj.className,\n            has_class_p = -1,\n            ori_class_arr = [],\n            new_class = \'\';\n\n        if(ori_class.length) ori_class_arr = ori_class.split(\' \');\n\n        for( i in ori_class_arr) {\n            if(ori_class_arr[i] == class_name) has_class_p = i;\n        }\n\n        if( set == \'remove\' &amp;&amp; has_class_p &gt;= 0) {\n            ori_class_arr.splice(has_class_p, 1);\n            new_class = ori_class_arr.join(\' \');\n            obj.className = new_class;\n        } else if( set == \'add\' &amp;&amp; has_class_p &lt; 0) {\n            ori_class_arr.push(class_name);\n            new_class = ori_class_arr.join(\' \');\n            obj.className = new_class;\n        }\n    }\n    bds.util.setFormWidth();\n\n    if (typeof document.addEventListener != \"undefined\") {\n        window.addEventListener(\'resize\', bds.util.setFormWidth, false);\n        document.getElementById(\'kw\').addEventListener(\'focus\', function(){bds.util.setClass(c,\'iptfocus\', \'add\');}, false);\n        document.getElementById(\'kw\').addEventListener(\'blur\', function(){bds.util.setClass(c,\'iptfocus\', \'remove\');}, false);\n    } else {\n        window.attachEvent(\'onresize\', bds.util.setFormWidth, false);\n        document.getElementById(\'kw\').attachEvent(\'onfocus\', function(){bds.util.setClass(c,\'iptfocus\', \'add\');}, false);\n        document.getElementById(\'kw\').attachEvent(\'onblur\', function(){bds.util.setClass(c,\'iptfocus\', \'remove\');}, false);\n    } \n\n})();\n\n\n</script>\n</html>',15852,'[{\"key\":\"Accept-Ranges\",\"value\":\"bytes\"},{\"key\":\"Cache-Control\",\"value\":\"max-age=86400\"},{\"key\":\"Content-Encoding\",\"value\":\"gzip\"},{\"key\":\"Content-Length\",\"value\":\"4863\"},{\"key\":\"Content-Type\",\"value\":\"text/html\"},{\"key\":\"Date\",\"value\":\"Wed, 11 Mar 2020 03:31:12 GMT\"},{\"key\":\"Etag\",\"value\":\"\\\"3dec-57b3a9a43af80\\\"\"},{\"key\":\"Expires\",\"value\":\"Thu, 12 Mar 2020 03:31:12 GMT\"},{\"key\":\"Last-Modified\",\"value\":\"Thu, 22 Nov 2018 06:01:50 GMT\"},{\"key\":\"P3p\",\"value\":\"CP=\\\" OTI DSP COR IVA OUR IND COM \\\"\"},{\"key\":\"Server\",\"value\":\"Apache\"},{\"key\":\"Set-Cookie\",\"value\":\"BAIDUID=CD38C45343DE71B6894C13FCA737F3A6:FG=1; expires=Thu, 11-Mar-21 03:31:12 GMT; max-age=31536000; path=/; domain=.baidu.com; version=1\"},{\"key\":\"Vary\",\"value\":\"Accept-Encoding,User-Agent\"}]','[{\"dataSource\":\"bodyJson\",\"extractExpress\":\"error.code\",\"realType\":\"null\",\"realValue\":\"\",\"varName\":\"errorCode\"}]','[{\"dataSource\":\"bodyJson\",\"expectRelation\":\"等于\",\"expectValue\":\"说的是\",\"extractExpress\":\"result.list[0].pageName\",\"extractType\":\"string\",\"realType\":\"null\",\"realValue\":\"\",\"result\":false},{\"dataSource\":\"code\",\"expectRelation\":\"等于\",\"expectValue\":\"200\",\"extractExpress\":\"\",\"extractType\":\"number\",\"realType\":\"number\",\"realValue\":\"200\",\"result\":true},{\"dataSource\":\"bodyJson\",\"expectRelation\":\"等于\",\"expectValue\":\"401\",\"extractExpress\":\"error.code\",\"extractType\":\"number\",\"realType\":\"null\",\"realValue\":\"\",\"result\":false},{\"dataSource\":\"bodyReg\",\"expectRelation\":\"包含\",\"expectValue\":\"未登录或登陆失效\",\"extractExpress\":\"\\\"message\\\": \\\"(.*?)\\\"\",\"extractType\":\"string\",\"realType\":\"null\",\"realValue\":\"\",\"result\":false},{\"dataSource\":\"header\",\"expectRelation\":\"等于\",\"expectValue\":\"231243\",\"extractExpress\":\"Date\",\"extractType\":\"string\",\"realType\":\"string\",\"realValue\":\"Wed, 11 Mar 2020 03:31:12 GMT\",\"result\":false}]',135,NULL,'2020-03-11 11:31:11.588'),(10,2,3,118,'你说一个接口',1,'GET','http://www.baidu.com/asdfasdf','[]','[]','raw',NULL,NULL,200,'html','<html>\n  <head>\n    <meta http-equiv=\"X-UA-Compatible\" content=\"IE=edge,chrome=1\"/>\n    <meta http-equiv=\"content-type\" content=\"text/html;charset=utf-8\"/>\n    <meta name=\"referrer\" content=\"always\"/>\n    <script src=\"https://ss1.bdstatic.com/5eN1bjq8AAUYm2zgoY3K/r/www/nocache/imgdata/seErrorRec.js\"/>\n    <title>页面不存在_百度搜索</title>\n    <style data-for=\"result\">\n        body {color: #333; background: #fff; padding: 0; margin: 0; position: relative; min-width: 700px; font-family: arial; font-size: 12px }\n        p, form, ol, ul, li, dl, dt, dd, h3 {margin: 0; padding: 0; list-style: none }\n        input {padding-top: 0; padding-bottom: 0; -moz-box-sizing: border-box; -webkit-box-sizing: border-box; box-sizing: border-box } img {border: none; }\n        .logo {width: 117px; height: 38px; cursor: pointer }\n         #wrapper {_zoom: 1 }\n        #head {padding-left: 35px; margin-bottom: 20px; width: 900px }\n        .fm {clear: both; position: relative; z-index: 297 }\n        .btn, #more {font-size: 14px } \n        .s_btn {width: 95px; height: 32px; padding-top: 2px\\9; font-size: 14px; padding: 0; background-color: #ddd; background-position: 0 -48px; border: 0; cursor: pointer }\n        .s_btn_h {background-position: -240px -48px }\n        .s_btn_wr {width: 97px; height: 34px; display: inline-block; background-position: -120px -48px; *position: relative; z-index: 0; vertical-align: top }\n        #foot {}\n        #foot span {color: #666 }\n        .s_ipt_wr {height: 32px }\n        .s_form:after, .s_tab:after {content: \".\"; display: block; height: 0; clear: both; visibility: hidden }\n        .s_form {zoom: 1; height: 55px; padding: 0 0 0 10px }\n        #result_logo {float: left; margin: 7px 0 0 }\n        #result_logo img {width: 101px }\n        #head {padding: 0; margin: 0; width: 100%; position: absolute; z-index: 301; min-width: 1000px; background: #fff; border-bottom: 1px solid #ebebeb; position: fixed; _position: absolute; -webkit-transform: translateZ(0) }\n        #head .head_wrapper {_width: 1000px }\n        #head.s_down {box-shadow: 0 0 5px #888 }\n        .fm {clear: none; float: left; margin: 11px 0 0 10px }\n        #s_tab {background: #f8f8f8; line-height: 36px; height: 38px; padding: 55px 0 0 121px; float: none; zoom: 1 }\n        #s_tab a, #s_tab b {width: 54px; display: inline-block; text-decoration: none; text-align: center; color: #666; font-size: 14px }\n        #s_tab b {border-bottom: 2px solid #38f; font-weight: bold; color: #323232 }\n        #s_tab a:hover {color: #323232 }\n        #content_left {width: 540px; padding-left: 121px; padding-top: 5px }\n        .to_tieba, .to_zhidao_bottom {margin: 10px 0 0 121px }\n        #help {background: #f5f6f5; zoom: 1; padding: 0 0 0 50px; float: right }\n        #help a {color: #777; padding: 0 15px; text-decoration: none }\n        #help a:hover {color: #333 }\n        #foot {position: fixed; bottom:0; width: 100%; background: #f5f6f5; border-top: 1px solid #ebebeb; text-align: left; height: 42px; line-height: 42px; margin-top: 40px; *margin-top: 0; _position:absolute; _bottom:auto; _top:expression(eval(document.documentElement.scrollTop+document.documentElement.clientHeight-this.offsetHeight-(parseInt(this.currentStyle.marginTop,10)||0)-(parseInt(this.currentStyle.marginBottom,10)||0))); }\n\n        .content_none {padding: 45px 0 25px 121px } .s_ipt_wr.bg,\n        .s_btn_wr.bg, #su.bg {background-image: none }\n        .s_ipt_wr.bg {background: 0 }\n        .s_btn_wr {width: auto; height: auto; border-bottom: 1px solid transparent; *border-bottom: 0 }\n        .s_btn {width: 100px; height: 34px; color: white; letter-spacing: 1px; background: #3385ff; border-bottom: 1px solid #2d78f4; outline: medium; *border-bottom: 0; -webkit-appearance: none; -webkit-border-radius: 0 }\n        .s_btn:hover {background: #317ef3; border-bottom: 1px solid #2868c8; *border-bottom: 0; box-shadow: 1px 1px 1px #ccc }\n        .s_btn:active {background: #3075dc; box-shadow: inset 1px 1px 3px #2964bb; -webkit-box-shadow: inset 1px 1px 3px #2964bb; -moz-box-shadow: inset 1px 1px 3px #2964bb; -o-box-shadow: inset 1px 1px 3px #2964bb }\n        #lg {display: none }\n        #head .headBlock {margin: -5px 0 6px 121px }\n        #content_left .leftBlock {margin-bottom: 14px; padding-bottom: 5px; border-bottom: 1px solid #f3f3f3 }\n        .s_ipt_wr {border: 1px solid #b6b6b6; border-color: #7b7b7b #b6b6b6 #b6b6b6 #7b7b7b; background: #fff; display: inline-block; vertical-align: top; width: 539px; margin-right: 0; border-right-width: 0; border-color: #b8b8b8 transparent #ccc #b8b8b8; overflow: hidden }\n        .s_ipt_wr.ip_short {width: 439px; }\n        .s_ipt_wr:hover, .s_ipt_wr.ipthover {border-color: #999 transparent #b3b3b3 #999 }\n        .s_ipt_wr.iptfocus {border-color: #4791ff transparent #4791ff #4791ff }\n        .s_ipt_tip {color: #aaa; position: absolute; z-index: -10; font: 16px/22px arial; height: 32px; line-height: 32px; padding-left: 7px; overflow: hidden; width: 526px }\n        .s_ipt {width: 526px; height: 22px; font: 16px/18px arial; line-height: 22px\\9; margin: 6px 0 0 7px; padding: 0; background: transparent; border: 0; outline: 0; -webkit-appearance: none }\n        #kw {position: relative;display: inline-block;}\n        input::-ms-clear {display: none }\n        /*Error page css*/\n        .norsSuggest {display: inline-block; color: #333; font-family: arial; font-size: 13px; position: relative; } \n        .norsTitle {font-size: 22px; font-family: Microsoft Yahei; font-weight: normal; color: #333; margin: 35px 0 25px 0; }\n        .norsTitle2 {font-family: arial; font-size: 13px; color: #666; }\n        .norsSuggest ol {margin-left: 47px; }\n        .norsSuggest li {margin: 13px 0; }\n        #content_right {\n    border-left: 1px solid #e1e1e1;\n    width: 384px;\n    margin-top: 25px;\n    float: right;\n    padding-left: 17px;\n}\n#wrapper_wrapper {\n    width: 1212px;\n}\n.cr-content {\n    width: 351px;\n    font-size: 13px;\n    line-height: 1.54em;\n    color: #333;\n    margin-top: 6px;\n    margin-bottom: 28px;\n    word-wrap: break-word;\n    word-break: normal;\n}\n@media screen and (max-width: 1217px) {\n    #wrapper_wrapper {\n        width: 1002px;\n    }\n    #wrapper_wrapper #content_right {\n        width: 271px;\n    }\n    #wrapper_wrapper .cr-content {\n        width: 259px;\n    }\n}\n.opr-toplist-title {\n    position: relative;\n    font-size: 14px;\n    line-height: 1.29em;\n    font-weight: 700;\n    margin-bottom: 10px;\n}\n.opr-toplist-table {\n    width: 100%;\n    border-collapse: collapse;\n    border-spacing: 0;\n    font-size: 13px;\n}\n.opr-toplist-table th,td {\n    line-height: 1.54;\n    border-bottom: 1px solid #f3f3f3;\n    text-align: left;\n}\n.opr-toplist-table thead th {\n    padding-top: 4px;\n    padding-bottom: 4px;\n    font-weight: 400;\n    color: #666;\n    white-space: nowrap;\n    background-color: #fafafa;  \n}\n.opr-toplist-table .opr-toplist-right {\n    text-align: right;\n    white-space: nowrap;\n}\n.opr-toplist-table td {\n    width: 100%;\n    font-size: 13px;\n    padding-top: 6.5px;\n    padding-bottom: 6.5px;\n    vertical-align: top;\n}\n.opr-toplist-table a:hover {\n    text-decoration: underline;\n}\n.opr-index-item {\n    display: inline-block;\n    padding:1px 0;\n    color: #fff;\n    width: 14px;\n    line-height: 100%;\n    font-size: 12px;\n    text-align: center;\n    background-color: #8eb9f5;\n    margin-right: 5px;\n}\n.opr-index-hot1 {\n    background-color: #f54545;\n}\n\n.opr-index-hot2 {\n    background-color: #ff8547;\n}\n.opr-index-hot3 {\n    background-color: #ffac38;\n}\n.opr-item-text {\n    text-decoration: none;  \n}\n.opr-toplist-info {\n    color: #666;\n    text-align: right;\n    margin-top: 5px;\n}\n.opr-toplist-info&gt;a {\n    color: #666;\n}\n    </style>\n  </head>\n  <body link=\"#0000cc\">\n    <div class=\"wrapper_l\" id=\"wrapper\">\n      <div id=\"head\">\n        <div class=\"head_wrapper\">\n          <div class=\"s_form\">\n            <div class=\"s_form_wrapper\">\n              <a shape=\"rect\" id=\"result_logo\" href=\"//www.baidu.com/\">\n                <img src=\"//www.baidu.com/img/baidu_jgylogo3.gif\" alt=\"到百度首页\" title=\"到百度首页\"/>\n              </a>\n              <form enctype=\"application/x-www-form-urlencoded\" method=\"get\" class=\"fm\" id=\"form\" name=\"f\" action=\"//www.baidu.com/s\">\n                <input type=\"hidden\" name=\"ie\" value=\"utf-8\"/>\n                <input type=\"hidden\" name=\"f\" value=\"8\"/>\n                <input type=\"hidden\" name=\"rsv_bp\" value=\"1\"/>\n                <input type=\"hidden\" name=\"ch\" value=\"\"/>\n                <input type=\"hidden\" name=\"tn\" value=\"baiduerr\"/>\n                <input type=\"hidden\" name=\"bar\" value=\"\"/>\n                <span class=\"bg s_ipt_wr iptfocus\">\n                  <input maxlength=\"255\" type=\"text\" class=\"s_ipt\" id=\"kw\" name=\"wd\" value=\"\" autocomplete=\"off\" autofocus=\"autofocus\"/>\n                </span>\n                <span class=\"bg s_btn_wr\">\n                  <input type=\"submit\" class=\"bg s_btn\" id=\"su\" value=\"百度一下\"/>\n                </span>\n              </form>\n            </div>\n          </div>\n        </div>\n      </div>\n      <div class=\"s_tab\" id=\"s_tab\">\n        <b>网页</b>\n        <a shape=\"rect\" href=\"http://tieba.baidu.com/f?kw=&amp;fr=wwwt\" wdfield=\"kw\">贴吧</a>\n        <a shape=\"rect\" href=\"http://zhidao.baidu.com/q?ct=17&amp;pn=0&amp;tn=ikaslist&amp;rn=10&amp;word=&amp;fr=wwwt\" wdfield=\"word\">知道</a>\n        <a shape=\"rect\" href=\"http://music.baidu.com/search?fr=ps&amp;ie=utf-8&amp;key=\" wdfield=\"key\">音乐</a>\n        <a shape=\"rect\" href=\"http://image.baidu.com/i?tn=baiduimage&amp;ps=1&amp;ct=201326592&amp;lm=-1&amp;cl=2&amp;nc=1&amp;ie=utf-8&amp;word=\" wdfield=\"word\">图片</a>\n        <a shape=\"rect\" href=\"http://v.baidu.com/v?ct=301989888&amp;rn=20&amp;pn=0&amp;db=0&amp;s=25&amp;ie=utf-8&amp;word=\" wdfield=\"word\">视频</a>\n        <a shape=\"rect\" href=\"http://map.baidu.com/m?word=&amp;fr=ps01000\" wdfield=\"word\">地图</a>\n        <a shape=\"rect\" href=\"http://wenku.baidu.com/search?word=&amp;lm=0&amp;od=0&amp;ie=utf-8\" wdfield=\"word\">文库</a>\n        <a shape=\"rect\" href=\"//www.baidu.com/more/\">更多»</a>\n      </div>\n      <div id=\"wrapper_wrapper\">\n        <div id=\"content_left\">\n          <div class=\"nors\">\n            <div class=\"norsSuggest\">\n              <h3 class=\"norsTitle\">很抱歉，您要访问的页面不存在！</h3>\n              <p class=\"norsTitle2\">温馨提示：</p>\n              <ol>\n                <li>请检查您访问的网址是否正确</li>\n                <li>\n如果您不能确认访问的网址，请浏览                  <a shape=\"rect\" href=\"//www.baidu.com/more/index.html\">百度更多</a>\n页面查看更多网址。                </li>\n                <li>回到顶部重新发起搜索</li>\n                <li>\n如有任何意见或建议，请及时                  <a shape=\"rect\" href=\"http://qingting.baidu.com/index\">反馈给我们</a>\n。                </li>\n              </ol>\n            </div>\n          </div>\n        </div>\n      </div>\n      <div id=\"foot\">\n        <span id=\"help\" style=\"float:left;padding-left:121px\">\n          <a shape=\"rect\" href=\"http://help.baidu.com/question\" target=\"_blank\">帮助</a>\n          <a shape=\"rect\" href=\"http://www.baidu.com/search/jubao.html\" target=\"_blank\">举报</a>\n          <a shape=\"rect\" href=\"http://jianyi.baidu.com\" target=\"_blank\">给百度提建议</a>\n        </span>\n      </div>\n    </div>\n  </body>\n  <script>\n(function () {\n        var LOGURL = \'https://sp1.baidu.com/5b1ZeDe5KgQFm2e88IuM_a/cm.gif\';\n        var params = \'type=wwwerror&amp;terminal=www\';\n        var img = new Image();\n        img.src = LOGURL + \'?\' + params;\n    })();\n    (function () {\n        if(window.recommend &amp;&amp; window.recommend.query &amp;&amp; window.recommend.query.length &gt; 0) {\n            var recommendWrapper = document.createElement(\'div\');\n            var recommendHtml = \'&lt;div class=\"cr-content\"&gt;&lt;div class=\"opr-toplist-title\"&gt;\' + window.recommend.title + \'&lt;/div&gt;&lt;table class=\"opr-toplist-table\"&gt;&lt;thead&gt;&lt;tr&gt;&lt;th&gt;排名&lt;/th&gt;&lt;/tr&gt;&lt;/thead&gt;\';\n            var queryArray = window.recommend.query;\n            var itemUrl = \'\';\n            for(var i = 1; i &lt; (queryArray.length+1); i++) {\n                itemUrl = \'//www.baidu.com/s?word=\' + encodeURIComponent(queryArray[i-1].word) + \'&amp;sa=\' + queryArray[i-1].sa + \'&amp;tn=\' + queryArray[i-1].tn;\n                if (queryArray[i-1].rsv_dl) {\n                    itemUrl += \"&amp;rsv_dl=\" + queryArray[i-1].rsv_dl;\n                }\n                \n                if (i &lt; 4) {\n                    recommendHtml += \'&lt;tr&gt;&lt;td&gt;&lt;span class=\"opr-index-hot\' + i + \' opr-index-item\"&gt;\' + i + \'&lt;/span&gt;&lt;a target=\"_blank\" href=\"\' + itemUrl +\'\" class=\"opr-item-text\"&gt;\' + queryArray[i-1].word + \'&lt;/a&gt;&lt;/td&gt;&lt;/tr&gt;\';\n                } else {\n                    recommendHtml += \'&lt;tr&gt;&lt;td&gt;&lt;span class=\"opr-index-item\"&gt;\' + i + \'&lt;/span&gt;&lt;a target=\"_blank\" href=\"\' + itemUrl +\'\" class=\"opr-item-text\"&gt;\' + queryArray[i-1].word + \'&lt;/a&gt;&lt;/td&gt;&lt;/tr&gt;\';\n                }\n            }\n            recommendHtml += \'&lt;/tbody&gt;&lt;/table&gt;&lt;div class=\"opr-toplist-info\"&gt;&lt;span&gt;来源：&lt;/span&gt;&lt;a target=\"_blank\" href=\"http://www.baidu.com/link?url=sLR63PtaB7kc3YkTtzDy1k3mbTm1DXDMu-nLcijZx8DmWgOff4lBxqmY-LGDyHqw\"&gt;百度风云榜&lt;/a&gt;&lt;span&gt;&amp;nbsp;-&amp;nbsp;&lt;/span&gt;&lt;a target=\"_blank\" href=\"http://www.baidu.com/link?url=01vNBVXR2eaJxETl9PI3hcrvKCcwaJIKk5FkpO7l5YI_Q_pC24ogIBoZxI0LAu5oYpAdhRH42nzxAqfui0YnHK\"&gt;实时热点&lt;/a&gt;&lt;/div&gt;&lt;/div&gt;\';\n            recommendWrapper.setAttribute(\'id\', \'content_right\');\n            document.getElementById(\'wrapper_wrapper\').insertBefore(recommendWrapper, document.getElementById(\'content_left\'));\n            var recommend = document.getElementById(\'content_right\');\n            recommend.innerHTML = recommendHtml;\n        }\n})();\n(function(){\n    var bds = {\n        util: {}\n    };\n    var c = document.getElementById(\'kw\').parentNode;\n\n    bds.util.getWinWidth = function(){\n        return window.document.documentElement.clientWidth;\n    };\n\n    bds.util.setFormWidth = function(){\n        var width = bds.util.getWinWidth();\n        if(width &lt; 1217)    {bds.util.setClass(c, \'ip_short\', \'add\')}\n        else                {bds.util.setClass(c, \'ip_short\', \'remove\')};\n    };\n\n    bds.util.setClass = function(obj, class_name, set) {\n        var ori_class = obj.className,\n            has_class_p = -1,\n            ori_class_arr = [],\n            new_class = \'\';\n\n        if(ori_class.length) ori_class_arr = ori_class.split(\' \');\n\n        for( i in ori_class_arr) {\n            if(ori_class_arr[i] == class_name) has_class_p = i;\n        }\n\n        if( set == \'remove\' &amp;&amp; has_class_p &gt;= 0) {\n            ori_class_arr.splice(has_class_p, 1);\n            new_class = ori_class_arr.join(\' \');\n            obj.className = new_class;\n        } else if( set == \'add\' &amp;&amp; has_class_p &lt; 0) {\n            ori_class_arr.push(class_name);\n            new_class = ori_class_arr.join(\' \');\n            obj.className = new_class;\n        }\n    }\n    bds.util.setFormWidth();\n\n    if (typeof document.addEventListener != \"undefined\") {\n        window.addEventListener(\'resize\', bds.util.setFormWidth, false);\n        document.getElementById(\'kw\').addEventListener(\'focus\', function(){bds.util.setClass(c,\'iptfocus\', \'add\');}, false);\n        document.getElementById(\'kw\').addEventListener(\'blur\', function(){bds.util.setClass(c,\'iptfocus\', \'remove\');}, false);\n    } else {\n        window.attachEvent(\'onresize\', bds.util.setFormWidth, false);\n        document.getElementById(\'kw\').attachEvent(\'onfocus\', function(){bds.util.setClass(c,\'iptfocus\', \'add\');}, false);\n        document.getElementById(\'kw\').attachEvent(\'onblur\', function(){bds.util.setClass(c,\'iptfocus\', \'remove\');}, false);\n    } \n\n})();\n\n\n</script>\n</html>',15852,'[{\"key\":\"Accept-Ranges\",\"value\":\"bytes\"},{\"key\":\"Cache-Control\",\"value\":\"max-age=86400\"},{\"key\":\"Content-Encoding\",\"value\":\"gzip\"},{\"key\":\"Content-Length\",\"value\":\"4863\"},{\"key\":\"Content-Type\",\"value\":\"text/html\"},{\"key\":\"Date\",\"value\":\"Wed, 11 Mar 2020 03:31:12 GMT\"},{\"key\":\"Etag\",\"value\":\"\\\"3dec-57b3a9a43af80\\\"\"},{\"key\":\"Expires\",\"value\":\"Thu, 12 Mar 2020 03:31:12 GMT\"},{\"key\":\"Last-Modified\",\"value\":\"Thu, 22 Nov 2018 06:01:50 GMT\"},{\"key\":\"P3p\",\"value\":\"CP=\\\" OTI DSP COR IVA OUR IND COM \\\"\"},{\"key\":\"Server\",\"value\":\"Apache\"},{\"key\":\"Set-Cookie\",\"value\":\"BAIDUID=BB0CF50693388987469330C6DAD2667E:FG=1; expires=Thu, 11-Mar-21 03:31:12 GMT; max-age=31536000; path=/; domain=.baidu.com; version=1\"},{\"key\":\"Vary\",\"value\":\"Accept-Encoding,User-Agent\"}]','[]','[]',126,NULL,'2020-03-11 11:31:11.731'),(11,2,4,104,'正确的账号错误的密码',0,'GET','http://www.baidu.com/public/projectPage/listPage','[{\"key\":\"token\",\"value\":\"eyJhbGciOiJIUzI1NiJ9.eyJMT0dJTl9VU0VSX0tFWSI6Ijg4MjRlYTk3LTc5MzktNGYyYS1iM2M1LTU2MTYzOWUyZjY3MSJ9.3aonnRcqaQUorlaBQLH8dg3zrYiAlTDQlMMgJpiuf3g\"}]','[{\"key\":\"pageNum\",\"value\":\"1\"},{\"key\":\"pageSize\",\"value\":\"10\"},{\"key\":\"pageCount\",\"value\":\"14\"},{\"key\":\"serchData\",\"value\":\"%7B%22pageName%22:%22%22,%22projectId%22:2%7D\"}]','raw',NULL,NULL,200,'html','<html>\n  <head>\n    <meta http-equiv=\"X-UA-Compatible\" content=\"IE=edge,chrome=1\"/>\n    <meta http-equiv=\"content-type\" content=\"text/html;charset=utf-8\"/>\n    <meta name=\"referrer\" content=\"always\"/>\n    <script src=\"https://ss1.bdstatic.com/5eN1bjq8AAUYm2zgoY3K/r/www/nocache/imgdata/seErrorRec.js\"/>\n    <title>页面不存在_百度搜索</title>\n    <style data-for=\"result\">\n        body {color: #333; background: #fff; padding: 0; margin: 0; position: relative; min-width: 700px; font-family: arial; font-size: 12px }\n        p, form, ol, ul, li, dl, dt, dd, h3 {margin: 0; padding: 0; list-style: none }\n        input {padding-top: 0; padding-bottom: 0; -moz-box-sizing: border-box; -webkit-box-sizing: border-box; box-sizing: border-box } img {border: none; }\n        .logo {width: 117px; height: 38px; cursor: pointer }\n         #wrapper {_zoom: 1 }\n        #head {padding-left: 35px; margin-bottom: 20px; width: 900px }\n        .fm {clear: both; position: relative; z-index: 297 }\n        .btn, #more {font-size: 14px } \n        .s_btn {width: 95px; height: 32px; padding-top: 2px\\9; font-size: 14px; padding: 0; background-color: #ddd; background-position: 0 -48px; border: 0; cursor: pointer }\n        .s_btn_h {background-position: -240px -48px }\n        .s_btn_wr {width: 97px; height: 34px; display: inline-block; background-position: -120px -48px; *position: relative; z-index: 0; vertical-align: top }\n        #foot {}\n        #foot span {color: #666 }\n        .s_ipt_wr {height: 32px }\n        .s_form:after, .s_tab:after {content: \".\"; display: block; height: 0; clear: both; visibility: hidden }\n        .s_form {zoom: 1; height: 55px; padding: 0 0 0 10px }\n        #result_logo {float: left; margin: 7px 0 0 }\n        #result_logo img {width: 101px }\n        #head {padding: 0; margin: 0; width: 100%; position: absolute; z-index: 301; min-width: 1000px; background: #fff; border-bottom: 1px solid #ebebeb; position: fixed; _position: absolute; -webkit-transform: translateZ(0) }\n        #head .head_wrapper {_width: 1000px }\n        #head.s_down {box-shadow: 0 0 5px #888 }\n        .fm {clear: none; float: left; margin: 11px 0 0 10px }\n        #s_tab {background: #f8f8f8; line-height: 36px; height: 38px; padding: 55px 0 0 121px; float: none; zoom: 1 }\n        #s_tab a, #s_tab b {width: 54px; display: inline-block; text-decoration: none; text-align: center; color: #666; font-size: 14px }\n        #s_tab b {border-bottom: 2px solid #38f; font-weight: bold; color: #323232 }\n        #s_tab a:hover {color: #323232 }\n        #content_left {width: 540px; padding-left: 121px; padding-top: 5px }\n        .to_tieba, .to_zhidao_bottom {margin: 10px 0 0 121px }\n        #help {background: #f5f6f5; zoom: 1; padding: 0 0 0 50px; float: right }\n        #help a {color: #777; padding: 0 15px; text-decoration: none }\n        #help a:hover {color: #333 }\n        #foot {position: fixed; bottom:0; width: 100%; background: #f5f6f5; border-top: 1px solid #ebebeb; text-align: left; height: 42px; line-height: 42px; margin-top: 40px; *margin-top: 0; _position:absolute; _bottom:auto; _top:expression(eval(document.documentElement.scrollTop+document.documentElement.clientHeight-this.offsetHeight-(parseInt(this.currentStyle.marginTop,10)||0)-(parseInt(this.currentStyle.marginBottom,10)||0))); }\n\n        .content_none {padding: 45px 0 25px 121px } .s_ipt_wr.bg,\n        .s_btn_wr.bg, #su.bg {background-image: none }\n        .s_ipt_wr.bg {background: 0 }\n        .s_btn_wr {width: auto; height: auto; border-bottom: 1px solid transparent; *border-bottom: 0 }\n        .s_btn {width: 100px; height: 34px; color: white; letter-spacing: 1px; background: #3385ff; border-bottom: 1px solid #2d78f4; outline: medium; *border-bottom: 0; -webkit-appearance: none; -webkit-border-radius: 0 }\n        .s_btn:hover {background: #317ef3; border-bottom: 1px solid #2868c8; *border-bottom: 0; box-shadow: 1px 1px 1px #ccc }\n        .s_btn:active {background: #3075dc; box-shadow: inset 1px 1px 3px #2964bb; -webkit-box-shadow: inset 1px 1px 3px #2964bb; -moz-box-shadow: inset 1px 1px 3px #2964bb; -o-box-shadow: inset 1px 1px 3px #2964bb }\n        #lg {display: none }\n        #head .headBlock {margin: -5px 0 6px 121px }\n        #content_left .leftBlock {margin-bottom: 14px; padding-bottom: 5px; border-bottom: 1px solid #f3f3f3 }\n        .s_ipt_wr {border: 1px solid #b6b6b6; border-color: #7b7b7b #b6b6b6 #b6b6b6 #7b7b7b; background: #fff; display: inline-block; vertical-align: top; width: 539px; margin-right: 0; border-right-width: 0; border-color: #b8b8b8 transparent #ccc #b8b8b8; overflow: hidden }\n        .s_ipt_wr.ip_short {width: 439px; }\n        .s_ipt_wr:hover, .s_ipt_wr.ipthover {border-color: #999 transparent #b3b3b3 #999 }\n        .s_ipt_wr.iptfocus {border-color: #4791ff transparent #4791ff #4791ff }\n        .s_ipt_tip {color: #aaa; position: absolute; z-index: -10; font: 16px/22px arial; height: 32px; line-height: 32px; padding-left: 7px; overflow: hidden; width: 526px }\n        .s_ipt {width: 526px; height: 22px; font: 16px/18px arial; line-height: 22px\\9; margin: 6px 0 0 7px; padding: 0; background: transparent; border: 0; outline: 0; -webkit-appearance: none }\n        #kw {position: relative;display: inline-block;}\n        input::-ms-clear {display: none }\n        /*Error page css*/\n        .norsSuggest {display: inline-block; color: #333; font-family: arial; font-size: 13px; position: relative; } \n        .norsTitle {font-size: 22px; font-family: Microsoft Yahei; font-weight: normal; color: #333; margin: 35px 0 25px 0; }\n        .norsTitle2 {font-family: arial; font-size: 13px; color: #666; }\n        .norsSuggest ol {margin-left: 47px; }\n        .norsSuggest li {margin: 13px 0; }\n        #content_right {\n    border-left: 1px solid #e1e1e1;\n    width: 384px;\n    margin-top: 25px;\n    float: right;\n    padding-left: 17px;\n}\n#wrapper_wrapper {\n    width: 1212px;\n}\n.cr-content {\n    width: 351px;\n    font-size: 13px;\n    line-height: 1.54em;\n    color: #333;\n    margin-top: 6px;\n    margin-bottom: 28px;\n    word-wrap: break-word;\n    word-break: normal;\n}\n@media screen and (max-width: 1217px) {\n    #wrapper_wrapper {\n        width: 1002px;\n    }\n    #wrapper_wrapper #content_right {\n        width: 271px;\n    }\n    #wrapper_wrapper .cr-content {\n        width: 259px;\n    }\n}\n.opr-toplist-title {\n    position: relative;\n    font-size: 14px;\n    line-height: 1.29em;\n    font-weight: 700;\n    margin-bottom: 10px;\n}\n.opr-toplist-table {\n    width: 100%;\n    border-collapse: collapse;\n    border-spacing: 0;\n    font-size: 13px;\n}\n.opr-toplist-table th,td {\n    line-height: 1.54;\n    border-bottom: 1px solid #f3f3f3;\n    text-align: left;\n}\n.opr-toplist-table thead th {\n    padding-top: 4px;\n    padding-bottom: 4px;\n    font-weight: 400;\n    color: #666;\n    white-space: nowrap;\n    background-color: #fafafa;  \n}\n.opr-toplist-table .opr-toplist-right {\n    text-align: right;\n    white-space: nowrap;\n}\n.opr-toplist-table td {\n    width: 100%;\n    font-size: 13px;\n    padding-top: 6.5px;\n    padding-bottom: 6.5px;\n    vertical-align: top;\n}\n.opr-toplist-table a:hover {\n    text-decoration: underline;\n}\n.opr-index-item {\n    display: inline-block;\n    padding:1px 0;\n    color: #fff;\n    width: 14px;\n    line-height: 100%;\n    font-size: 12px;\n    text-align: center;\n    background-color: #8eb9f5;\n    margin-right: 5px;\n}\n.opr-index-hot1 {\n    background-color: #f54545;\n}\n\n.opr-index-hot2 {\n    background-color: #ff8547;\n}\n.opr-index-hot3 {\n    background-color: #ffac38;\n}\n.opr-item-text {\n    text-decoration: none;  \n}\n.opr-toplist-info {\n    color: #666;\n    text-align: right;\n    margin-top: 5px;\n}\n.opr-toplist-info&gt;a {\n    color: #666;\n}\n    </style>\n  </head>\n  <body link=\"#0000cc\">\n    <div class=\"wrapper_l\" id=\"wrapper\">\n      <div id=\"head\">\n        <div class=\"head_wrapper\">\n          <div class=\"s_form\">\n            <div class=\"s_form_wrapper\">\n              <a shape=\"rect\" id=\"result_logo\" href=\"//www.baidu.com/\">\n                <img src=\"//www.baidu.com/img/baidu_jgylogo3.gif\" alt=\"到百度首页\" title=\"到百度首页\"/>\n              </a>\n              <form enctype=\"application/x-www-form-urlencoded\" method=\"get\" class=\"fm\" id=\"form\" name=\"f\" action=\"//www.baidu.com/s\">\n                <input type=\"hidden\" name=\"ie\" value=\"utf-8\"/>\n                <input type=\"hidden\" name=\"f\" value=\"8\"/>\n                <input type=\"hidden\" name=\"rsv_bp\" value=\"1\"/>\n                <input type=\"hidden\" name=\"ch\" value=\"\"/>\n                <input type=\"hidden\" name=\"tn\" value=\"baiduerr\"/>\n                <input type=\"hidden\" name=\"bar\" value=\"\"/>\n                <span class=\"bg s_ipt_wr iptfocus\">\n                  <input maxlength=\"255\" type=\"text\" class=\"s_ipt\" id=\"kw\" name=\"wd\" value=\"\" autocomplete=\"off\" autofocus=\"autofocus\"/>\n                </span>\n                <span class=\"bg s_btn_wr\">\n                  <input type=\"submit\" class=\"bg s_btn\" id=\"su\" value=\"百度一下\"/>\n                </span>\n              </form>\n            </div>\n          </div>\n        </div>\n      </div>\n      <div class=\"s_tab\" id=\"s_tab\">\n        <b>网页</b>\n        <a shape=\"rect\" href=\"http://tieba.baidu.com/f?kw=&amp;fr=wwwt\" wdfield=\"kw\">贴吧</a>\n        <a shape=\"rect\" href=\"http://zhidao.baidu.com/q?ct=17&amp;pn=0&amp;tn=ikaslist&amp;rn=10&amp;word=&amp;fr=wwwt\" wdfield=\"word\">知道</a>\n        <a shape=\"rect\" href=\"http://music.baidu.com/search?fr=ps&amp;ie=utf-8&amp;key=\" wdfield=\"key\">音乐</a>\n        <a shape=\"rect\" href=\"http://image.baidu.com/i?tn=baiduimage&amp;ps=1&amp;ct=201326592&amp;lm=-1&amp;cl=2&amp;nc=1&amp;ie=utf-8&amp;word=\" wdfield=\"word\">图片</a>\n        <a shape=\"rect\" href=\"http://v.baidu.com/v?ct=301989888&amp;rn=20&amp;pn=0&amp;db=0&amp;s=25&amp;ie=utf-8&amp;word=\" wdfield=\"word\">视频</a>\n        <a shape=\"rect\" href=\"http://map.baidu.com/m?word=&amp;fr=ps01000\" wdfield=\"word\">地图</a>\n        <a shape=\"rect\" href=\"http://wenku.baidu.com/search?word=&amp;lm=0&amp;od=0&amp;ie=utf-8\" wdfield=\"word\">文库</a>\n        <a shape=\"rect\" href=\"//www.baidu.com/more/\">更多»</a>\n      </div>\n      <div id=\"wrapper_wrapper\">\n        <div id=\"content_left\">\n          <div class=\"nors\">\n            <div class=\"norsSuggest\">\n              <h3 class=\"norsTitle\">很抱歉，您要访问的页面不存在！</h3>\n              <p class=\"norsTitle2\">温馨提示：</p>\n              <ol>\n                <li>请检查您访问的网址是否正确</li>\n                <li>\n如果您不能确认访问的网址，请浏览                  <a shape=\"rect\" href=\"//www.baidu.com/more/index.html\">百度更多</a>\n页面查看更多网址。                </li>\n                <li>回到顶部重新发起搜索</li>\n                <li>\n如有任何意见或建议，请及时                  <a shape=\"rect\" href=\"http://qingting.baidu.com/index\">反馈给我们</a>\n。                </li>\n              </ol>\n            </div>\n          </div>\n        </div>\n      </div>\n      <div id=\"foot\">\n        <span id=\"help\" style=\"float:left;padding-left:121px\">\n          <a shape=\"rect\" href=\"http://help.baidu.com/question\" target=\"_blank\">帮助</a>\n          <a shape=\"rect\" href=\"http://www.baidu.com/search/jubao.html\" target=\"_blank\">举报</a>\n          <a shape=\"rect\" href=\"http://jianyi.baidu.com\" target=\"_blank\">给百度提建议</a>\n        </span>\n      </div>\n    </div>\n  </body>\n  <script>\n(function () {\n        var LOGURL = \'https://sp1.baidu.com/5b1ZeDe5KgQFm2e88IuM_a/cm.gif\';\n        var params = \'type=wwwerror&amp;terminal=www\';\n        var img = new Image();\n        img.src = LOGURL + \'?\' + params;\n    })();\n    (function () {\n        if(window.recommend &amp;&amp; window.recommend.query &amp;&amp; window.recommend.query.length &gt; 0) {\n            var recommendWrapper = document.createElement(\'div\');\n            var recommendHtml = \'&lt;div class=\"cr-content\"&gt;&lt;div class=\"opr-toplist-title\"&gt;\' + window.recommend.title + \'&lt;/div&gt;&lt;table class=\"opr-toplist-table\"&gt;&lt;thead&gt;&lt;tr&gt;&lt;th&gt;排名&lt;/th&gt;&lt;/tr&gt;&lt;/thead&gt;\';\n            var queryArray = window.recommend.query;\n            var itemUrl = \'\';\n            for(var i = 1; i &lt; (queryArray.length+1); i++) {\n                itemUrl = \'//www.baidu.com/s?word=\' + encodeURIComponent(queryArray[i-1].word) + \'&amp;sa=\' + queryArray[i-1].sa + \'&amp;tn=\' + queryArray[i-1].tn;\n                if (queryArray[i-1].rsv_dl) {\n                    itemUrl += \"&amp;rsv_dl=\" + queryArray[i-1].rsv_dl;\n                }\n                \n                if (i &lt; 4) {\n                    recommendHtml += \'&lt;tr&gt;&lt;td&gt;&lt;span class=\"opr-index-hot\' + i + \' opr-index-item\"&gt;\' + i + \'&lt;/span&gt;&lt;a target=\"_blank\" href=\"\' + itemUrl +\'\" class=\"opr-item-text\"&gt;\' + queryArray[i-1].word + \'&lt;/a&gt;&lt;/td&gt;&lt;/tr&gt;\';\n                } else {\n                    recommendHtml += \'&lt;tr&gt;&lt;td&gt;&lt;span class=\"opr-index-item\"&gt;\' + i + \'&lt;/span&gt;&lt;a target=\"_blank\" href=\"\' + itemUrl +\'\" class=\"opr-item-text\"&gt;\' + queryArray[i-1].word + \'&lt;/a&gt;&lt;/td&gt;&lt;/tr&gt;\';\n                }\n            }\n            recommendHtml += \'&lt;/tbody&gt;&lt;/table&gt;&lt;div class=\"opr-toplist-info\"&gt;&lt;span&gt;来源：&lt;/span&gt;&lt;a target=\"_blank\" href=\"http://www.baidu.com/link?url=sLR63PtaB7kc3YkTtzDy1k3mbTm1DXDMu-nLcijZx8DmWgOff4lBxqmY-LGDyHqw\"&gt;百度风云榜&lt;/a&gt;&lt;span&gt;&amp;nbsp;-&amp;nbsp;&lt;/span&gt;&lt;a target=\"_blank\" href=\"http://www.baidu.com/link?url=01vNBVXR2eaJxETl9PI3hcrvKCcwaJIKk5FkpO7l5YI_Q_pC24ogIBoZxI0LAu5oYpAdhRH42nzxAqfui0YnHK\"&gt;实时热点&lt;/a&gt;&lt;/div&gt;&lt;/div&gt;\';\n            recommendWrapper.setAttribute(\'id\', \'content_right\');\n            document.getElementById(\'wrapper_wrapper\').insertBefore(recommendWrapper, document.getElementById(\'content_left\'));\n            var recommend = document.getElementById(\'content_right\');\n            recommend.innerHTML = recommendHtml;\n        }\n})();\n(function(){\n    var bds = {\n        util: {}\n    };\n    var c = document.getElementById(\'kw\').parentNode;\n\n    bds.util.getWinWidth = function(){\n        return window.document.documentElement.clientWidth;\n    };\n\n    bds.util.setFormWidth = function(){\n        var width = bds.util.getWinWidth();\n        if(width &lt; 1217)    {bds.util.setClass(c, \'ip_short\', \'add\')}\n        else                {bds.util.setClass(c, \'ip_short\', \'remove\')};\n    };\n\n    bds.util.setClass = function(obj, class_name, set) {\n        var ori_class = obj.className,\n            has_class_p = -1,\n            ori_class_arr = [],\n            new_class = \'\';\n\n        if(ori_class.length) ori_class_arr = ori_class.split(\' \');\n\n        for( i in ori_class_arr) {\n            if(ori_class_arr[i] == class_name) has_class_p = i;\n        }\n\n        if( set == \'remove\' &amp;&amp; has_class_p &gt;= 0) {\n            ori_class_arr.splice(has_class_p, 1);\n            new_class = ori_class_arr.join(\' \');\n            obj.className = new_class;\n        } else if( set == \'add\' &amp;&amp; has_class_p &lt; 0) {\n            ori_class_arr.push(class_name);\n            new_class = ori_class_arr.join(\' \');\n            obj.className = new_class;\n        }\n    }\n    bds.util.setFormWidth();\n\n    if (typeof document.addEventListener != \"undefined\") {\n        window.addEventListener(\'resize\', bds.util.setFormWidth, false);\n        document.getElementById(\'kw\').addEventListener(\'focus\', function(){bds.util.setClass(c,\'iptfocus\', \'add\');}, false);\n        document.getElementById(\'kw\').addEventListener(\'blur\', function(){bds.util.setClass(c,\'iptfocus\', \'remove\');}, false);\n    } else {\n        window.attachEvent(\'onresize\', bds.util.setFormWidth, false);\n        document.getElementById(\'kw\').attachEvent(\'onfocus\', function(){bds.util.setClass(c,\'iptfocus\', \'add\');}, false);\n        document.getElementById(\'kw\').attachEvent(\'onblur\', function(){bds.util.setClass(c,\'iptfocus\', \'remove\');}, false);\n    } \n\n})();\n\n\n</script>\n</html>',15852,'[{\"key\":\"Accept-Ranges\",\"value\":\"bytes\"},{\"key\":\"Cache-Control\",\"value\":\"max-age=86400\"},{\"key\":\"Connection\",\"value\":\"Keep-Alive\"},{\"key\":\"Content-Encoding\",\"value\":\"gzip\"},{\"key\":\"Content-Length\",\"value\":\"4863\"},{\"key\":\"Content-Type\",\"value\":\"text/html\"},{\"key\":\"Date\",\"value\":\"Wed, 11 Mar 2020 03:31:12 GMT\"},{\"key\":\"Etag\",\"value\":\"\\\"3dec-57b3a9a43af80\\\"\"},{\"key\":\"Expires\",\"value\":\"Thu, 12 Mar 2020 03:31:12 GMT\"},{\"key\":\"Last-Modified\",\"value\":\"Thu, 22 Nov 2018 06:01:50 GMT\"},{\"key\":\"P3p\",\"value\":\"CP=\\\" OTI DSP COR IVA OUR IND COM \\\"\"},{\"key\":\"Server\",\"value\":\"Apache\"},{\"key\":\"Set-Cookie\",\"value\":\"BAIDUID=6833484548029D4C991E805180EAA9C8:FG=1; expires=Thu, 11-Mar-21 03:31:12 GMT; max-age=31536000; path=/; domain=.baidu.com; version=1\"},{\"key\":\"Vary\",\"value\":\"Accept-Encoding,User-Agent\"}]','[{\"dataSource\":\"bodyJson\",\"extractExpress\":\"error.code\",\"realType\":\"null\",\"realValue\":\"\",\"varName\":\"errorCode\"}]','[{\"dataSource\":\"bodyJson\",\"expectRelation\":\"等于\",\"expectValue\":\"说的是\",\"extractExpress\":\"result.list[0].pageName\",\"extractType\":\"string\",\"realType\":\"null\",\"realValue\":\"\",\"result\":false},{\"dataSource\":\"code\",\"expectRelation\":\"等于\",\"expectValue\":\"200\",\"extractExpress\":\"\",\"extractType\":\"number\",\"realType\":\"number\",\"realValue\":\"200\",\"result\":true},{\"dataSource\":\"bodyJson\",\"expectRelation\":\"等于\",\"expectValue\":\"401\",\"extractExpress\":\"error.code\",\"extractType\":\"number\",\"realType\":\"null\",\"realValue\":\"\",\"result\":false},{\"dataSource\":\"bodyReg\",\"expectRelation\":\"等于\",\"expectValue\":\"未登录或登陆失效，请先登录\",\"extractExpress\":\"\\\"message\\\": \\\"(.*?)\\\"\",\"extractType\":\"string\",\"realType\":\"null\",\"realValue\":\"\",\"result\":false},{\"dataSource\":\"header\",\"expectRelation\":\"等于\",\"expectValue\":\"231243\",\"extractExpress\":\"Date\",\"extractType\":\"string\",\"realType\":\"string\",\"realValue\":\"Wed, 11 Mar 2020 03:31:12 GMT\",\"result\":false}]',135,NULL,'2020-03-11 11:31:12.235'),(12,2,4,113,'正确的账号正确的密码',0,'GET','http://www.baidu.com/public/projectPage/listPage','[{\"key\":\"token\",\"value\":\"eyJhbGciOiJIUzI1NiJ9.eyJMT0dJTl9VU0VSX0tFWSI6Ijg4MjRlYTk3LTc5MzktNGYyYS1iM2M1LTU2MTYzOWUyZjY3MSJ9.3aonnRcqaQUorlaBQLH8dg3zrYiAlTDQlMMgJpiuf3g\"},{\"key\":\"errorCode\",\"value\":\"\"}]','[{\"key\":\"pageNum\",\"value\":\"1\"},{\"key\":\"pageSize\",\"value\":\"10\"},{\"key\":\"pageCount\",\"value\":\"14\"},{\"key\":\"serchData\",\"value\":\"%7B%22pageName%22:%22%22,%22projectId%22:2%7D\"}]','raw',NULL,NULL,200,'html','<html>\n  <head>\n    <meta http-equiv=\"X-UA-Compatible\" content=\"IE=edge,chrome=1\"/>\n    <meta http-equiv=\"content-type\" content=\"text/html;charset=utf-8\"/>\n    <meta name=\"referrer\" content=\"always\"/>\n    <script src=\"https://ss1.bdstatic.com/5eN1bjq8AAUYm2zgoY3K/r/www/nocache/imgdata/seErrorRec.js\"/>\n    <title>页面不存在_百度搜索</title>\n    <style data-for=\"result\">\n        body {color: #333; background: #fff; padding: 0; margin: 0; position: relative; min-width: 700px; font-family: arial; font-size: 12px }\n        p, form, ol, ul, li, dl, dt, dd, h3 {margin: 0; padding: 0; list-style: none }\n        input {padding-top: 0; padding-bottom: 0; -moz-box-sizing: border-box; -webkit-box-sizing: border-box; box-sizing: border-box } img {border: none; }\n        .logo {width: 117px; height: 38px; cursor: pointer }\n         #wrapper {_zoom: 1 }\n        #head {padding-left: 35px; margin-bottom: 20px; width: 900px }\n        .fm {clear: both; position: relative; z-index: 297 }\n        .btn, #more {font-size: 14px } \n        .s_btn {width: 95px; height: 32px; padding-top: 2px\\9; font-size: 14px; padding: 0; background-color: #ddd; background-position: 0 -48px; border: 0; cursor: pointer }\n        .s_btn_h {background-position: -240px -48px }\n        .s_btn_wr {width: 97px; height: 34px; display: inline-block; background-position: -120px -48px; *position: relative; z-index: 0; vertical-align: top }\n        #foot {}\n        #foot span {color: #666 }\n        .s_ipt_wr {height: 32px }\n        .s_form:after, .s_tab:after {content: \".\"; display: block; height: 0; clear: both; visibility: hidden }\n        .s_form {zoom: 1; height: 55px; padding: 0 0 0 10px }\n        #result_logo {float: left; margin: 7px 0 0 }\n        #result_logo img {width: 101px }\n        #head {padding: 0; margin: 0; width: 100%; position: absolute; z-index: 301; min-width: 1000px; background: #fff; border-bottom: 1px solid #ebebeb; position: fixed; _position: absolute; -webkit-transform: translateZ(0) }\n        #head .head_wrapper {_width: 1000px }\n        #head.s_down {box-shadow: 0 0 5px #888 }\n        .fm {clear: none; float: left; margin: 11px 0 0 10px }\n        #s_tab {background: #f8f8f8; line-height: 36px; height: 38px; padding: 55px 0 0 121px; float: none; zoom: 1 }\n        #s_tab a, #s_tab b {width: 54px; display: inline-block; text-decoration: none; text-align: center; color: #666; font-size: 14px }\n        #s_tab b {border-bottom: 2px solid #38f; font-weight: bold; color: #323232 }\n        #s_tab a:hover {color: #323232 }\n        #content_left {width: 540px; padding-left: 121px; padding-top: 5px }\n        .to_tieba, .to_zhidao_bottom {margin: 10px 0 0 121px }\n        #help {background: #f5f6f5; zoom: 1; padding: 0 0 0 50px; float: right }\n        #help a {color: #777; padding: 0 15px; text-decoration: none }\n        #help a:hover {color: #333 }\n        #foot {position: fixed; bottom:0; width: 100%; background: #f5f6f5; border-top: 1px solid #ebebeb; text-align: left; height: 42px; line-height: 42px; margin-top: 40px; *margin-top: 0; _position:absolute; _bottom:auto; _top:expression(eval(document.documentElement.scrollTop+document.documentElement.clientHeight-this.offsetHeight-(parseInt(this.currentStyle.marginTop,10)||0)-(parseInt(this.currentStyle.marginBottom,10)||0))); }\n\n        .content_none {padding: 45px 0 25px 121px } .s_ipt_wr.bg,\n        .s_btn_wr.bg, #su.bg {background-image: none }\n        .s_ipt_wr.bg {background: 0 }\n        .s_btn_wr {width: auto; height: auto; border-bottom: 1px solid transparent; *border-bottom: 0 }\n        .s_btn {width: 100px; height: 34px; color: white; letter-spacing: 1px; background: #3385ff; border-bottom: 1px solid #2d78f4; outline: medium; *border-bottom: 0; -webkit-appearance: none; -webkit-border-radius: 0 }\n        .s_btn:hover {background: #317ef3; border-bottom: 1px solid #2868c8; *border-bottom: 0; box-shadow: 1px 1px 1px #ccc }\n        .s_btn:active {background: #3075dc; box-shadow: inset 1px 1px 3px #2964bb; -webkit-box-shadow: inset 1px 1px 3px #2964bb; -moz-box-shadow: inset 1px 1px 3px #2964bb; -o-box-shadow: inset 1px 1px 3px #2964bb }\n        #lg {display: none }\n        #head .headBlock {margin: -5px 0 6px 121px }\n        #content_left .leftBlock {margin-bottom: 14px; padding-bottom: 5px; border-bottom: 1px solid #f3f3f3 }\n        .s_ipt_wr {border: 1px solid #b6b6b6; border-color: #7b7b7b #b6b6b6 #b6b6b6 #7b7b7b; background: #fff; display: inline-block; vertical-align: top; width: 539px; margin-right: 0; border-right-width: 0; border-color: #b8b8b8 transparent #ccc #b8b8b8; overflow: hidden }\n        .s_ipt_wr.ip_short {width: 439px; }\n        .s_ipt_wr:hover, .s_ipt_wr.ipthover {border-color: #999 transparent #b3b3b3 #999 }\n        .s_ipt_wr.iptfocus {border-color: #4791ff transparent #4791ff #4791ff }\n        .s_ipt_tip {color: #aaa; position: absolute; z-index: -10; font: 16px/22px arial; height: 32px; line-height: 32px; padding-left: 7px; overflow: hidden; width: 526px }\n        .s_ipt {width: 526px; height: 22px; font: 16px/18px arial; line-height: 22px\\9; margin: 6px 0 0 7px; padding: 0; background: transparent; border: 0; outline: 0; -webkit-appearance: none }\n        #kw {position: relative;display: inline-block;}\n        input::-ms-clear {display: none }\n        /*Error page css*/\n        .norsSuggest {display: inline-block; color: #333; font-family: arial; font-size: 13px; position: relative; } \n        .norsTitle {font-size: 22px; font-family: Microsoft Yahei; font-weight: normal; color: #333; margin: 35px 0 25px 0; }\n        .norsTitle2 {font-family: arial; font-size: 13px; color: #666; }\n        .norsSuggest ol {margin-left: 47px; }\n        .norsSuggest li {margin: 13px 0; }\n        #content_right {\n    border-left: 1px solid #e1e1e1;\n    width: 384px;\n    margin-top: 25px;\n    float: right;\n    padding-left: 17px;\n}\n#wrapper_wrapper {\n    width: 1212px;\n}\n.cr-content {\n    width: 351px;\n    font-size: 13px;\n    line-height: 1.54em;\n    color: #333;\n    margin-top: 6px;\n    margin-bottom: 28px;\n    word-wrap: break-word;\n    word-break: normal;\n}\n@media screen and (max-width: 1217px) {\n    #wrapper_wrapper {\n        width: 1002px;\n    }\n    #wrapper_wrapper #content_right {\n        width: 271px;\n    }\n    #wrapper_wrapper .cr-content {\n        width: 259px;\n    }\n}\n.opr-toplist-title {\n    position: relative;\n    font-size: 14px;\n    line-height: 1.29em;\n    font-weight: 700;\n    margin-bottom: 10px;\n}\n.opr-toplist-table {\n    width: 100%;\n    border-collapse: collapse;\n    border-spacing: 0;\n    font-size: 13px;\n}\n.opr-toplist-table th,td {\n    line-height: 1.54;\n    border-bottom: 1px solid #f3f3f3;\n    text-align: left;\n}\n.opr-toplist-table thead th {\n    padding-top: 4px;\n    padding-bottom: 4px;\n    font-weight: 400;\n    color: #666;\n    white-space: nowrap;\n    background-color: #fafafa;  \n}\n.opr-toplist-table .opr-toplist-right {\n    text-align: right;\n    white-space: nowrap;\n}\n.opr-toplist-table td {\n    width: 100%;\n    font-size: 13px;\n    padding-top: 6.5px;\n    padding-bottom: 6.5px;\n    vertical-align: top;\n}\n.opr-toplist-table a:hover {\n    text-decoration: underline;\n}\n.opr-index-item {\n    display: inline-block;\n    padding:1px 0;\n    color: #fff;\n    width: 14px;\n    line-height: 100%;\n    font-size: 12px;\n    text-align: center;\n    background-color: #8eb9f5;\n    margin-right: 5px;\n}\n.opr-index-hot1 {\n    background-color: #f54545;\n}\n\n.opr-index-hot2 {\n    background-color: #ff8547;\n}\n.opr-index-hot3 {\n    background-color: #ffac38;\n}\n.opr-item-text {\n    text-decoration: none;  \n}\n.opr-toplist-info {\n    color: #666;\n    text-align: right;\n    margin-top: 5px;\n}\n.opr-toplist-info&gt;a {\n    color: #666;\n}\n    </style>\n  </head>\n  <body link=\"#0000cc\">\n    <div class=\"wrapper_l\" id=\"wrapper\">\n      <div id=\"head\">\n        <div class=\"head_wrapper\">\n          <div class=\"s_form\">\n            <div class=\"s_form_wrapper\">\n              <a shape=\"rect\" id=\"result_logo\" href=\"//www.baidu.com/\">\n                <img src=\"//www.baidu.com/img/baidu_jgylogo3.gif\" alt=\"到百度首页\" title=\"到百度首页\"/>\n              </a>\n              <form enctype=\"application/x-www-form-urlencoded\" method=\"get\" class=\"fm\" id=\"form\" name=\"f\" action=\"//www.baidu.com/s\">\n                <input type=\"hidden\" name=\"ie\" value=\"utf-8\"/>\n                <input type=\"hidden\" name=\"f\" value=\"8\"/>\n                <input type=\"hidden\" name=\"rsv_bp\" value=\"1\"/>\n                <input type=\"hidden\" name=\"ch\" value=\"\"/>\n                <input type=\"hidden\" name=\"tn\" value=\"baiduerr\"/>\n                <input type=\"hidden\" name=\"bar\" value=\"\"/>\n                <span class=\"bg s_ipt_wr iptfocus\">\n                  <input maxlength=\"255\" type=\"text\" class=\"s_ipt\" id=\"kw\" name=\"wd\" value=\"\" autocomplete=\"off\" autofocus=\"autofocus\"/>\n                </span>\n                <span class=\"bg s_btn_wr\">\n                  <input type=\"submit\" class=\"bg s_btn\" id=\"su\" value=\"百度一下\"/>\n                </span>\n              </form>\n            </div>\n          </div>\n        </div>\n      </div>\n      <div class=\"s_tab\" id=\"s_tab\">\n        <b>网页</b>\n        <a shape=\"rect\" href=\"http://tieba.baidu.com/f?kw=&amp;fr=wwwt\" wdfield=\"kw\">贴吧</a>\n        <a shape=\"rect\" href=\"http://zhidao.baidu.com/q?ct=17&amp;pn=0&amp;tn=ikaslist&amp;rn=10&amp;word=&amp;fr=wwwt\" wdfield=\"word\">知道</a>\n        <a shape=\"rect\" href=\"http://music.baidu.com/search?fr=ps&amp;ie=utf-8&amp;key=\" wdfield=\"key\">音乐</a>\n        <a shape=\"rect\" href=\"http://image.baidu.com/i?tn=baiduimage&amp;ps=1&amp;ct=201326592&amp;lm=-1&amp;cl=2&amp;nc=1&amp;ie=utf-8&amp;word=\" wdfield=\"word\">图片</a>\n        <a shape=\"rect\" href=\"http://v.baidu.com/v?ct=301989888&amp;rn=20&amp;pn=0&amp;db=0&amp;s=25&amp;ie=utf-8&amp;word=\" wdfield=\"word\">视频</a>\n        <a shape=\"rect\" href=\"http://map.baidu.com/m?word=&amp;fr=ps01000\" wdfield=\"word\">地图</a>\n        <a shape=\"rect\" href=\"http://wenku.baidu.com/search?word=&amp;lm=0&amp;od=0&amp;ie=utf-8\" wdfield=\"word\">文库</a>\n        <a shape=\"rect\" href=\"//www.baidu.com/more/\">更多»</a>\n      </div>\n      <div id=\"wrapper_wrapper\">\n        <div id=\"content_left\">\n          <div class=\"nors\">\n            <div class=\"norsSuggest\">\n              <h3 class=\"norsTitle\">很抱歉，您要访问的页面不存在！</h3>\n              <p class=\"norsTitle2\">温馨提示：</p>\n              <ol>\n                <li>请检查您访问的网址是否正确</li>\n                <li>\n如果您不能确认访问的网址，请浏览                  <a shape=\"rect\" href=\"//www.baidu.com/more/index.html\">百度更多</a>\n页面查看更多网址。                </li>\n                <li>回到顶部重新发起搜索</li>\n                <li>\n如有任何意见或建议，请及时                  <a shape=\"rect\" href=\"http://qingting.baidu.com/index\">反馈给我们</a>\n。                </li>\n              </ol>\n            </div>\n          </div>\n        </div>\n      </div>\n      <div id=\"foot\">\n        <span id=\"help\" style=\"float:left;padding-left:121px\">\n          <a shape=\"rect\" href=\"http://help.baidu.com/question\" target=\"_blank\">帮助</a>\n          <a shape=\"rect\" href=\"http://www.baidu.com/search/jubao.html\" target=\"_blank\">举报</a>\n          <a shape=\"rect\" href=\"http://jianyi.baidu.com\" target=\"_blank\">给百度提建议</a>\n        </span>\n      </div>\n    </div>\n  </body>\n  <script>\n(function () {\n        var LOGURL = \'https://sp1.baidu.com/5b1ZeDe5KgQFm2e88IuM_a/cm.gif\';\n        var params = \'type=wwwerror&amp;terminal=www\';\n        var img = new Image();\n        img.src = LOGURL + \'?\' + params;\n    })();\n    (function () {\n        if(window.recommend &amp;&amp; window.recommend.query &amp;&amp; window.recommend.query.length &gt; 0) {\n            var recommendWrapper = document.createElement(\'div\');\n            var recommendHtml = \'&lt;div class=\"cr-content\"&gt;&lt;div class=\"opr-toplist-title\"&gt;\' + window.recommend.title + \'&lt;/div&gt;&lt;table class=\"opr-toplist-table\"&gt;&lt;thead&gt;&lt;tr&gt;&lt;th&gt;排名&lt;/th&gt;&lt;/tr&gt;&lt;/thead&gt;\';\n            var queryArray = window.recommend.query;\n            var itemUrl = \'\';\n            for(var i = 1; i &lt; (queryArray.length+1); i++) {\n                itemUrl = \'//www.baidu.com/s?word=\' + encodeURIComponent(queryArray[i-1].word) + \'&amp;sa=\' + queryArray[i-1].sa + \'&amp;tn=\' + queryArray[i-1].tn;\n                if (queryArray[i-1].rsv_dl) {\n                    itemUrl += \"&amp;rsv_dl=\" + queryArray[i-1].rsv_dl;\n                }\n                \n                if (i &lt; 4) {\n                    recommendHtml += \'&lt;tr&gt;&lt;td&gt;&lt;span class=\"opr-index-hot\' + i + \' opr-index-item\"&gt;\' + i + \'&lt;/span&gt;&lt;a target=\"_blank\" href=\"\' + itemUrl +\'\" class=\"opr-item-text\"&gt;\' + queryArray[i-1].word + \'&lt;/a&gt;&lt;/td&gt;&lt;/tr&gt;\';\n                } else {\n                    recommendHtml += \'&lt;tr&gt;&lt;td&gt;&lt;span class=\"opr-index-item\"&gt;\' + i + \'&lt;/span&gt;&lt;a target=\"_blank\" href=\"\' + itemUrl +\'\" class=\"opr-item-text\"&gt;\' + queryArray[i-1].word + \'&lt;/a&gt;&lt;/td&gt;&lt;/tr&gt;\';\n                }\n            }\n            recommendHtml += \'&lt;/tbody&gt;&lt;/table&gt;&lt;div class=\"opr-toplist-info\"&gt;&lt;span&gt;来源：&lt;/span&gt;&lt;a target=\"_blank\" href=\"http://www.baidu.com/link?url=sLR63PtaB7kc3YkTtzDy1k3mbTm1DXDMu-nLcijZx8DmWgOff4lBxqmY-LGDyHqw\"&gt;百度风云榜&lt;/a&gt;&lt;span&gt;&amp;nbsp;-&amp;nbsp;&lt;/span&gt;&lt;a target=\"_blank\" href=\"http://www.baidu.com/link?url=01vNBVXR2eaJxETl9PI3hcrvKCcwaJIKk5FkpO7l5YI_Q_pC24ogIBoZxI0LAu5oYpAdhRH42nzxAqfui0YnHK\"&gt;实时热点&lt;/a&gt;&lt;/div&gt;&lt;/div&gt;\';\n            recommendWrapper.setAttribute(\'id\', \'content_right\');\n            document.getElementById(\'wrapper_wrapper\').insertBefore(recommendWrapper, document.getElementById(\'content_left\'));\n            var recommend = document.getElementById(\'content_right\');\n            recommend.innerHTML = recommendHtml;\n        }\n})();\n(function(){\n    var bds = {\n        util: {}\n    };\n    var c = document.getElementById(\'kw\').parentNode;\n\n    bds.util.getWinWidth = function(){\n        return window.document.documentElement.clientWidth;\n    };\n\n    bds.util.setFormWidth = function(){\n        var width = bds.util.getWinWidth();\n        if(width &lt; 1217)    {bds.util.setClass(c, \'ip_short\', \'add\')}\n        else                {bds.util.setClass(c, \'ip_short\', \'remove\')};\n    };\n\n    bds.util.setClass = function(obj, class_name, set) {\n        var ori_class = obj.className,\n            has_class_p = -1,\n            ori_class_arr = [],\n            new_class = \'\';\n\n        if(ori_class.length) ori_class_arr = ori_class.split(\' \');\n\n        for( i in ori_class_arr) {\n            if(ori_class_arr[i] == class_name) has_class_p = i;\n        }\n\n        if( set == \'remove\' &amp;&amp; has_class_p &gt;= 0) {\n            ori_class_arr.splice(has_class_p, 1);\n            new_class = ori_class_arr.join(\' \');\n            obj.className = new_class;\n        } else if( set == \'add\' &amp;&amp; has_class_p &lt; 0) {\n            ori_class_arr.push(class_name);\n            new_class = ori_class_arr.join(\' \');\n            obj.className = new_class;\n        }\n    }\n    bds.util.setFormWidth();\n\n    if (typeof document.addEventListener != \"undefined\") {\n        window.addEventListener(\'resize\', bds.util.setFormWidth, false);\n        document.getElementById(\'kw\').addEventListener(\'focus\', function(){bds.util.setClass(c,\'iptfocus\', \'add\');}, false);\n        document.getElementById(\'kw\').addEventListener(\'blur\', function(){bds.util.setClass(c,\'iptfocus\', \'remove\');}, false);\n    } else {\n        window.attachEvent(\'onresize\', bds.util.setFormWidth, false);\n        document.getElementById(\'kw\').attachEvent(\'onfocus\', function(){bds.util.setClass(c,\'iptfocus\', \'add\');}, false);\n        document.getElementById(\'kw\').attachEvent(\'onblur\', function(){bds.util.setClass(c,\'iptfocus\', \'remove\');}, false);\n    } \n\n})();\n\n\n</script>\n</html>',15852,'[{\"key\":\"Accept-Ranges\",\"value\":\"bytes\"},{\"key\":\"Cache-Control\",\"value\":\"max-age=86400\"},{\"key\":\"Connection\",\"value\":\"Keep-Alive\"},{\"key\":\"Content-Encoding\",\"value\":\"gzip\"},{\"key\":\"Content-Length\",\"value\":\"4863\"},{\"key\":\"Content-Type\",\"value\":\"text/html\"},{\"key\":\"Date\",\"value\":\"Wed, 11 Mar 2020 03:31:13 GMT\"},{\"key\":\"Etag\",\"value\":\"\\\"3dec-57b3a9a43af80\\\"\"},{\"key\":\"Expires\",\"value\":\"Thu, 12 Mar 2020 03:31:13 GMT\"},{\"key\":\"Last-Modified\",\"value\":\"Thu, 22 Nov 2018 06:01:50 GMT\"},{\"key\":\"P3p\",\"value\":\"CP=\\\" OTI DSP COR IVA OUR IND COM \\\"\"},{\"key\":\"Server\",\"value\":\"Apache\"},{\"key\":\"Set-Cookie\",\"value\":\"BAIDUID=81DF13692945A7733FC24F5BCFBBE0FC:FG=1; expires=Thu, 11-Mar-21 03:31:13 GMT; max-age=31536000; path=/; domain=.baidu.com; version=1\"},{\"key\":\"Vary\",\"value\":\"Accept-Encoding,User-Agent\"}]','[]','[{\"dataSource\":\"bodyJson\",\"expectRelation\":\"等于\",\"expectValue\":\"说的是\",\"extractExpress\":\"result.list[0].pageName\",\"extractType\":\"string\",\"realType\":\"null\",\"realValue\":\"\",\"result\":false},{\"dataSource\":\"code\",\"expectRelation\":\"等于\",\"expectValue\":\"200\",\"extractExpress\":\"\",\"extractType\":\"number\",\"realType\":\"number\",\"realValue\":\"200\",\"result\":true},{\"dataSource\":\"bodyJson\",\"expectRelation\":\"等于\",\"expectValue\":\"401\",\"extractExpress\":\"error.code\",\"extractType\":\"number\",\"realType\":\"null\",\"realValue\":\"\",\"result\":false},{\"dataSource\":\"bodyReg\",\"expectRelation\":\"等于\",\"expectValue\":\"未登录或登陆失效，请先登录\",\"extractExpress\":\"\\\"message\\\": \\\"(.*?)\\\"\",\"extractType\":\"string\",\"realType\":\"null\",\"realValue\":\"\",\"result\":false},{\"dataSource\":\"header\",\"expectRelation\":\"等于\",\"expectValue\":\"231243\",\"extractExpress\":\"Date\",\"extractType\":\"string\",\"realType\":\"string\",\"realValue\":\"Wed, 11 Mar 2020 03:31:13 GMT\",\"result\":false}]',120,NULL,'2020-03-11 11:31:12.379'),(13,2,4,114,'元素列表，新建一个',0,'GET','http://www.baidu.com/public/projectPage/listPage','[{\"key\":\"token\",\"value\":\"eyJhbGciOiJIUzI1NiJ9.eyJMT0dJTl9VU0VSX0tFWSI6Ijg4MjRlYTk3LTc5MzktNGYyYS1iM2M1LTU2MTYzOWUyZjY3MSJ9.3aonnRcqaQUorlaBQLH8dg3zrYiAlTDQlMMgJpiuf3g\"}]','[{\"key\":\"pageNum\",\"value\":\"1\"},{\"key\":\"pageSize\",\"value\":\"10\"},{\"key\":\"pageCount\",\"value\":\"14\"},{\"key\":\"serchData\",\"value\":\"%7B%22pageName%22:%22%22,%22projectId%22:2%7D\"}]','raw',NULL,NULL,200,'html','<html>\n  <head>\n    <meta http-equiv=\"X-UA-Compatible\" content=\"IE=edge,chrome=1\"/>\n    <meta http-equiv=\"content-type\" content=\"text/html;charset=utf-8\"/>\n    <meta name=\"referrer\" content=\"always\"/>\n    <script src=\"https://ss1.bdstatic.com/5eN1bjq8AAUYm2zgoY3K/r/www/nocache/imgdata/seErrorRec.js\"/>\n    <title>页面不存在_百度搜索</title>\n    <style data-for=\"result\">\n        body {color: #333; background: #fff; padding: 0; margin: 0; position: relative; min-width: 700px; font-family: arial; font-size: 12px }\n        p, form, ol, ul, li, dl, dt, dd, h3 {margin: 0; padding: 0; list-style: none }\n        input {padding-top: 0; padding-bottom: 0; -moz-box-sizing: border-box; -webkit-box-sizing: border-box; box-sizing: border-box } img {border: none; }\n        .logo {width: 117px; height: 38px; cursor: pointer }\n         #wrapper {_zoom: 1 }\n        #head {padding-left: 35px; margin-bottom: 20px; width: 900px }\n        .fm {clear: both; position: relative; z-index: 297 }\n        .btn, #more {font-size: 14px } \n        .s_btn {width: 95px; height: 32px; padding-top: 2px\\9; font-size: 14px; padding: 0; background-color: #ddd; background-position: 0 -48px; border: 0; cursor: pointer }\n        .s_btn_h {background-position: -240px -48px }\n        .s_btn_wr {width: 97px; height: 34px; display: inline-block; background-position: -120px -48px; *position: relative; z-index: 0; vertical-align: top }\n        #foot {}\n        #foot span {color: #666 }\n        .s_ipt_wr {height: 32px }\n        .s_form:after, .s_tab:after {content: \".\"; display: block; height: 0; clear: both; visibility: hidden }\n        .s_form {zoom: 1; height: 55px; padding: 0 0 0 10px }\n        #result_logo {float: left; margin: 7px 0 0 }\n        #result_logo img {width: 101px }\n        #head {padding: 0; margin: 0; width: 100%; position: absolute; z-index: 301; min-width: 1000px; background: #fff; border-bottom: 1px solid #ebebeb; position: fixed; _position: absolute; -webkit-transform: translateZ(0) }\n        #head .head_wrapper {_width: 1000px }\n        #head.s_down {box-shadow: 0 0 5px #888 }\n        .fm {clear: none; float: left; margin: 11px 0 0 10px }\n        #s_tab {background: #f8f8f8; line-height: 36px; height: 38px; padding: 55px 0 0 121px; float: none; zoom: 1 }\n        #s_tab a, #s_tab b {width: 54px; display: inline-block; text-decoration: none; text-align: center; color: #666; font-size: 14px }\n        #s_tab b {border-bottom: 2px solid #38f; font-weight: bold; color: #323232 }\n        #s_tab a:hover {color: #323232 }\n        #content_left {width: 540px; padding-left: 121px; padding-top: 5px }\n        .to_tieba, .to_zhidao_bottom {margin: 10px 0 0 121px }\n        #help {background: #f5f6f5; zoom: 1; padding: 0 0 0 50px; float: right }\n        #help a {color: #777; padding: 0 15px; text-decoration: none }\n        #help a:hover {color: #333 }\n        #foot {position: fixed; bottom:0; width: 100%; background: #f5f6f5; border-top: 1px solid #ebebeb; text-align: left; height: 42px; line-height: 42px; margin-top: 40px; *margin-top: 0; _position:absolute; _bottom:auto; _top:expression(eval(document.documentElement.scrollTop+document.documentElement.clientHeight-this.offsetHeight-(parseInt(this.currentStyle.marginTop,10)||0)-(parseInt(this.currentStyle.marginBottom,10)||0))); }\n\n        .content_none {padding: 45px 0 25px 121px } .s_ipt_wr.bg,\n        .s_btn_wr.bg, #su.bg {background-image: none }\n        .s_ipt_wr.bg {background: 0 }\n        .s_btn_wr {width: auto; height: auto; border-bottom: 1px solid transparent; *border-bottom: 0 }\n        .s_btn {width: 100px; height: 34px; color: white; letter-spacing: 1px; background: #3385ff; border-bottom: 1px solid #2d78f4; outline: medium; *border-bottom: 0; -webkit-appearance: none; -webkit-border-radius: 0 }\n        .s_btn:hover {background: #317ef3; border-bottom: 1px solid #2868c8; *border-bottom: 0; box-shadow: 1px 1px 1px #ccc }\n        .s_btn:active {background: #3075dc; box-shadow: inset 1px 1px 3px #2964bb; -webkit-box-shadow: inset 1px 1px 3px #2964bb; -moz-box-shadow: inset 1px 1px 3px #2964bb; -o-box-shadow: inset 1px 1px 3px #2964bb }\n        #lg {display: none }\n        #head .headBlock {margin: -5px 0 6px 121px }\n        #content_left .leftBlock {margin-bottom: 14px; padding-bottom: 5px; border-bottom: 1px solid #f3f3f3 }\n        .s_ipt_wr {border: 1px solid #b6b6b6; border-color: #7b7b7b #b6b6b6 #b6b6b6 #7b7b7b; background: #fff; display: inline-block; vertical-align: top; width: 539px; margin-right: 0; border-right-width: 0; border-color: #b8b8b8 transparent #ccc #b8b8b8; overflow: hidden }\n        .s_ipt_wr.ip_short {width: 439px; }\n        .s_ipt_wr:hover, .s_ipt_wr.ipthover {border-color: #999 transparent #b3b3b3 #999 }\n        .s_ipt_wr.iptfocus {border-color: #4791ff transparent #4791ff #4791ff }\n        .s_ipt_tip {color: #aaa; position: absolute; z-index: -10; font: 16px/22px arial; height: 32px; line-height: 32px; padding-left: 7px; overflow: hidden; width: 526px }\n        .s_ipt {width: 526px; height: 22px; font: 16px/18px arial; line-height: 22px\\9; margin: 6px 0 0 7px; padding: 0; background: transparent; border: 0; outline: 0; -webkit-appearance: none }\n        #kw {position: relative;display: inline-block;}\n        input::-ms-clear {display: none }\n        /*Error page css*/\n        .norsSuggest {display: inline-block; color: #333; font-family: arial; font-size: 13px; position: relative; } \n        .norsTitle {font-size: 22px; font-family: Microsoft Yahei; font-weight: normal; color: #333; margin: 35px 0 25px 0; }\n        .norsTitle2 {font-family: arial; font-size: 13px; color: #666; }\n        .norsSuggest ol {margin-left: 47px; }\n        .norsSuggest li {margin: 13px 0; }\n        #content_right {\n    border-left: 1px solid #e1e1e1;\n    width: 384px;\n    margin-top: 25px;\n    float: right;\n    padding-left: 17px;\n}\n#wrapper_wrapper {\n    width: 1212px;\n}\n.cr-content {\n    width: 351px;\n    font-size: 13px;\n    line-height: 1.54em;\n    color: #333;\n    margin-top: 6px;\n    margin-bottom: 28px;\n    word-wrap: break-word;\n    word-break: normal;\n}\n@media screen and (max-width: 1217px) {\n    #wrapper_wrapper {\n        width: 1002px;\n    }\n    #wrapper_wrapper #content_right {\n        width: 271px;\n    }\n    #wrapper_wrapper .cr-content {\n        width: 259px;\n    }\n}\n.opr-toplist-title {\n    position: relative;\n    font-size: 14px;\n    line-height: 1.29em;\n    font-weight: 700;\n    margin-bottom: 10px;\n}\n.opr-toplist-table {\n    width: 100%;\n    border-collapse: collapse;\n    border-spacing: 0;\n    font-size: 13px;\n}\n.opr-toplist-table th,td {\n    line-height: 1.54;\n    border-bottom: 1px solid #f3f3f3;\n    text-align: left;\n}\n.opr-toplist-table thead th {\n    padding-top: 4px;\n    padding-bottom: 4px;\n    font-weight: 400;\n    color: #666;\n    white-space: nowrap;\n    background-color: #fafafa;  \n}\n.opr-toplist-table .opr-toplist-right {\n    text-align: right;\n    white-space: nowrap;\n}\n.opr-toplist-table td {\n    width: 100%;\n    font-size: 13px;\n    padding-top: 6.5px;\n    padding-bottom: 6.5px;\n    vertical-align: top;\n}\n.opr-toplist-table a:hover {\n    text-decoration: underline;\n}\n.opr-index-item {\n    display: inline-block;\n    padding:1px 0;\n    color: #fff;\n    width: 14px;\n    line-height: 100%;\n    font-size: 12px;\n    text-align: center;\n    background-color: #8eb9f5;\n    margin-right: 5px;\n}\n.opr-index-hot1 {\n    background-color: #f54545;\n}\n\n.opr-index-hot2 {\n    background-color: #ff8547;\n}\n.opr-index-hot3 {\n    background-color: #ffac38;\n}\n.opr-item-text {\n    text-decoration: none;  \n}\n.opr-toplist-info {\n    color: #666;\n    text-align: right;\n    margin-top: 5px;\n}\n.opr-toplist-info&gt;a {\n    color: #666;\n}\n    </style>\n  </head>\n  <body link=\"#0000cc\">\n    <div class=\"wrapper_l\" id=\"wrapper\">\n      <div id=\"head\">\n        <div class=\"head_wrapper\">\n          <div class=\"s_form\">\n            <div class=\"s_form_wrapper\">\n              <a shape=\"rect\" id=\"result_logo\" href=\"//www.baidu.com/\">\n                <img src=\"//www.baidu.com/img/baidu_jgylogo3.gif\" alt=\"到百度首页\" title=\"到百度首页\"/>\n              </a>\n              <form enctype=\"application/x-www-form-urlencoded\" method=\"get\" class=\"fm\" id=\"form\" name=\"f\" action=\"//www.baidu.com/s\">\n                <input type=\"hidden\" name=\"ie\" value=\"utf-8\"/>\n                <input type=\"hidden\" name=\"f\" value=\"8\"/>\n                <input type=\"hidden\" name=\"rsv_bp\" value=\"1\"/>\n                <input type=\"hidden\" name=\"ch\" value=\"\"/>\n                <input type=\"hidden\" name=\"tn\" value=\"baiduerr\"/>\n                <input type=\"hidden\" name=\"bar\" value=\"\"/>\n                <span class=\"bg s_ipt_wr iptfocus\">\n                  <input maxlength=\"255\" type=\"text\" class=\"s_ipt\" id=\"kw\" name=\"wd\" value=\"\" autocomplete=\"off\" autofocus=\"autofocus\"/>\n                </span>\n                <span class=\"bg s_btn_wr\">\n                  <input type=\"submit\" class=\"bg s_btn\" id=\"su\" value=\"百度一下\"/>\n                </span>\n              </form>\n            </div>\n          </div>\n        </div>\n      </div>\n      <div class=\"s_tab\" id=\"s_tab\">\n        <b>网页</b>\n        <a shape=\"rect\" href=\"http://tieba.baidu.com/f?kw=&amp;fr=wwwt\" wdfield=\"kw\">贴吧</a>\n        <a shape=\"rect\" href=\"http://zhidao.baidu.com/q?ct=17&amp;pn=0&amp;tn=ikaslist&amp;rn=10&amp;word=&amp;fr=wwwt\" wdfield=\"word\">知道</a>\n        <a shape=\"rect\" href=\"http://music.baidu.com/search?fr=ps&amp;ie=utf-8&amp;key=\" wdfield=\"key\">音乐</a>\n        <a shape=\"rect\" href=\"http://image.baidu.com/i?tn=baiduimage&amp;ps=1&amp;ct=201326592&amp;lm=-1&amp;cl=2&amp;nc=1&amp;ie=utf-8&amp;word=\" wdfield=\"word\">图片</a>\n        <a shape=\"rect\" href=\"http://v.baidu.com/v?ct=301989888&amp;rn=20&amp;pn=0&amp;db=0&amp;s=25&amp;ie=utf-8&amp;word=\" wdfield=\"word\">视频</a>\n        <a shape=\"rect\" href=\"http://map.baidu.com/m?word=&amp;fr=ps01000\" wdfield=\"word\">地图</a>\n        <a shape=\"rect\" href=\"http://wenku.baidu.com/search?word=&amp;lm=0&amp;od=0&amp;ie=utf-8\" wdfield=\"word\">文库</a>\n        <a shape=\"rect\" href=\"//www.baidu.com/more/\">更多»</a>\n      </div>\n      <div id=\"wrapper_wrapper\">\n        <div id=\"content_left\">\n          <div class=\"nors\">\n            <div class=\"norsSuggest\">\n              <h3 class=\"norsTitle\">很抱歉，您要访问的页面不存在！</h3>\n              <p class=\"norsTitle2\">温馨提示：</p>\n              <ol>\n                <li>请检查您访问的网址是否正确</li>\n                <li>\n如果您不能确认访问的网址，请浏览                  <a shape=\"rect\" href=\"//www.baidu.com/more/index.html\">百度更多</a>\n页面查看更多网址。                </li>\n                <li>回到顶部重新发起搜索</li>\n                <li>\n如有任何意见或建议，请及时                  <a shape=\"rect\" href=\"http://qingting.baidu.com/index\">反馈给我们</a>\n。                </li>\n              </ol>\n            </div>\n          </div>\n        </div>\n      </div>\n      <div id=\"foot\">\n        <span id=\"help\" style=\"float:left;padding-left:121px\">\n          <a shape=\"rect\" href=\"http://help.baidu.com/question\" target=\"_blank\">帮助</a>\n          <a shape=\"rect\" href=\"http://www.baidu.com/search/jubao.html\" target=\"_blank\">举报</a>\n          <a shape=\"rect\" href=\"http://jianyi.baidu.com\" target=\"_blank\">给百度提建议</a>\n        </span>\n      </div>\n    </div>\n  </body>\n  <script>\n(function () {\n        var LOGURL = \'https://sp1.baidu.com/5b1ZeDe5KgQFm2e88IuM_a/cm.gif\';\n        var params = \'type=wwwerror&amp;terminal=www\';\n        var img = new Image();\n        img.src = LOGURL + \'?\' + params;\n    })();\n    (function () {\n        if(window.recommend &amp;&amp; window.recommend.query &amp;&amp; window.recommend.query.length &gt; 0) {\n            var recommendWrapper = document.createElement(\'div\');\n            var recommendHtml = \'&lt;div class=\"cr-content\"&gt;&lt;div class=\"opr-toplist-title\"&gt;\' + window.recommend.title + \'&lt;/div&gt;&lt;table class=\"opr-toplist-table\"&gt;&lt;thead&gt;&lt;tr&gt;&lt;th&gt;排名&lt;/th&gt;&lt;/tr&gt;&lt;/thead&gt;\';\n            var queryArray = window.recommend.query;\n            var itemUrl = \'\';\n            for(var i = 1; i &lt; (queryArray.length+1); i++) {\n                itemUrl = \'//www.baidu.com/s?word=\' + encodeURIComponent(queryArray[i-1].word) + \'&amp;sa=\' + queryArray[i-1].sa + \'&amp;tn=\' + queryArray[i-1].tn;\n                if (queryArray[i-1].rsv_dl) {\n                    itemUrl += \"&amp;rsv_dl=\" + queryArray[i-1].rsv_dl;\n                }\n                \n                if (i &lt; 4) {\n                    recommendHtml += \'&lt;tr&gt;&lt;td&gt;&lt;span class=\"opr-index-hot\' + i + \' opr-index-item\"&gt;\' + i + \'&lt;/span&gt;&lt;a target=\"_blank\" href=\"\' + itemUrl +\'\" class=\"opr-item-text\"&gt;\' + queryArray[i-1].word + \'&lt;/a&gt;&lt;/td&gt;&lt;/tr&gt;\';\n                } else {\n                    recommendHtml += \'&lt;tr&gt;&lt;td&gt;&lt;span class=\"opr-index-item\"&gt;\' + i + \'&lt;/span&gt;&lt;a target=\"_blank\" href=\"\' + itemUrl +\'\" class=\"opr-item-text\"&gt;\' + queryArray[i-1].word + \'&lt;/a&gt;&lt;/td&gt;&lt;/tr&gt;\';\n                }\n            }\n            recommendHtml += \'&lt;/tbody&gt;&lt;/table&gt;&lt;div class=\"opr-toplist-info\"&gt;&lt;span&gt;来源：&lt;/span&gt;&lt;a target=\"_blank\" href=\"http://www.baidu.com/link?url=sLR63PtaB7kc3YkTtzDy1k3mbTm1DXDMu-nLcijZx8DmWgOff4lBxqmY-LGDyHqw\"&gt;百度风云榜&lt;/a&gt;&lt;span&gt;&amp;nbsp;-&amp;nbsp;&lt;/span&gt;&lt;a target=\"_blank\" href=\"http://www.baidu.com/link?url=01vNBVXR2eaJxETl9PI3hcrvKCcwaJIKk5FkpO7l5YI_Q_pC24ogIBoZxI0LAu5oYpAdhRH42nzxAqfui0YnHK\"&gt;实时热点&lt;/a&gt;&lt;/div&gt;&lt;/div&gt;\';\n            recommendWrapper.setAttribute(\'id\', \'content_right\');\n            document.getElementById(\'wrapper_wrapper\').insertBefore(recommendWrapper, document.getElementById(\'content_left\'));\n            var recommend = document.getElementById(\'content_right\');\n            recommend.innerHTML = recommendHtml;\n        }\n})();\n(function(){\n    var bds = {\n        util: {}\n    };\n    var c = document.getElementById(\'kw\').parentNode;\n\n    bds.util.getWinWidth = function(){\n        return window.document.documentElement.clientWidth;\n    };\n\n    bds.util.setFormWidth = function(){\n        var width = bds.util.getWinWidth();\n        if(width &lt; 1217)    {bds.util.setClass(c, \'ip_short\', \'add\')}\n        else                {bds.util.setClass(c, \'ip_short\', \'remove\')};\n    };\n\n    bds.util.setClass = function(obj, class_name, set) {\n        var ori_class = obj.className,\n            has_class_p = -1,\n            ori_class_arr = [],\n            new_class = \'\';\n\n        if(ori_class.length) ori_class_arr = ori_class.split(\' \');\n\n        for( i in ori_class_arr) {\n            if(ori_class_arr[i] == class_name) has_class_p = i;\n        }\n\n        if( set == \'remove\' &amp;&amp; has_class_p &gt;= 0) {\n            ori_class_arr.splice(has_class_p, 1);\n            new_class = ori_class_arr.join(\' \');\n            obj.className = new_class;\n        } else if( set == \'add\' &amp;&amp; has_class_p &lt; 0) {\n            ori_class_arr.push(class_name);\n            new_class = ori_class_arr.join(\' \');\n            obj.className = new_class;\n        }\n    }\n    bds.util.setFormWidth();\n\n    if (typeof document.addEventListener != \"undefined\") {\n        window.addEventListener(\'resize\', bds.util.setFormWidth, false);\n        document.getElementById(\'kw\').addEventListener(\'focus\', function(){bds.util.setClass(c,\'iptfocus\', \'add\');}, false);\n        document.getElementById(\'kw\').addEventListener(\'blur\', function(){bds.util.setClass(c,\'iptfocus\', \'remove\');}, false);\n    } else {\n        window.attachEvent(\'onresize\', bds.util.setFormWidth, false);\n        document.getElementById(\'kw\').attachEvent(\'onfocus\', function(){bds.util.setClass(c,\'iptfocus\', \'add\');}, false);\n        document.getElementById(\'kw\').attachEvent(\'onblur\', function(){bds.util.setClass(c,\'iptfocus\', \'remove\');}, false);\n    } \n\n})();\n\n\n</script>\n</html>',15852,'[{\"key\":\"Accept-Ranges\",\"value\":\"bytes\"},{\"key\":\"Cache-Control\",\"value\":\"max-age=86400\"},{\"key\":\"Content-Encoding\",\"value\":\"gzip\"},{\"key\":\"Content-Length\",\"value\":\"4863\"},{\"key\":\"Content-Type\",\"value\":\"text/html\"},{\"key\":\"Date\",\"value\":\"Wed, 11 Mar 2020 03:31:13 GMT\"},{\"key\":\"Etag\",\"value\":\"\\\"3dec-57b3a9a43af80\\\"\"},{\"key\":\"Expires\",\"value\":\"Thu, 12 Mar 2020 03:31:13 GMT\"},{\"key\":\"Last-Modified\",\"value\":\"Thu, 22 Nov 2018 06:01:50 GMT\"},{\"key\":\"P3p\",\"value\":\"CP=\\\" OTI DSP COR IVA OUR IND COM \\\"\"},{\"key\":\"Server\",\"value\":\"Apache\"},{\"key\":\"Set-Cookie\",\"value\":\"BAIDUID=DB0EA6D3689D256CC6A7E9906FC4A8A8:FG=1; expires=Thu, 11-Mar-21 03:31:13 GMT; max-age=31536000; path=/; domain=.baidu.com; version=1\"},{\"key\":\"Vary\",\"value\":\"Accept-Encoding,User-Agent\"}]','[{\"dataSource\":\"bodyJson\",\"extractExpress\":\"error.code\",\"realType\":\"null\",\"realValue\":\"\",\"varName\":\"errorCode\"}]','[{\"dataSource\":\"bodyJson\",\"expectRelation\":\"等于\",\"expectValue\":\"说的是\",\"extractExpress\":\"result.list[0].pageName\",\"extractType\":\"string\",\"realType\":\"null\",\"realValue\":\"\",\"result\":false},{\"dataSource\":\"code\",\"expectRelation\":\"等于\",\"expectValue\":\"200\",\"extractExpress\":\"\",\"extractType\":\"number\",\"realType\":\"number\",\"realValue\":\"200\",\"result\":true},{\"dataSource\":\"bodyJson\",\"expectRelation\":\"等于\",\"expectValue\":\"401\",\"extractExpress\":\"error.code\",\"extractType\":\"number\",\"realType\":\"null\",\"realValue\":\"\",\"result\":false},{\"dataSource\":\"bodyReg\",\"expectRelation\":\"包含\",\"expectValue\":\"未登录或登陆失效\",\"extractExpress\":\"\\\"message\\\": \\\"(.*?)\\\"\",\"extractType\":\"string\",\"realType\":\"null\",\"realValue\":\"\",\"result\":false},{\"dataSource\":\"header\",\"expectRelation\":\"等于\",\"expectValue\":\"231243\",\"extractExpress\":\"Date\",\"extractType\":\"string\",\"realType\":\"string\",\"realValue\":\"Wed, 11 Mar 2020 03:31:13 GMT\",\"result\":false}]',123,NULL,'2020-03-11 11:31:12.505'),(14,2,4,115,'你说一个接口',1,'GET','http://www.baidu.com/asdfasdf','[]','[]','raw',NULL,NULL,200,'html','<html>\n  <head>\n    <meta http-equiv=\"X-UA-Compatible\" content=\"IE=edge,chrome=1\"/>\n    <meta http-equiv=\"content-type\" content=\"text/html;charset=utf-8\"/>\n    <meta name=\"referrer\" content=\"always\"/>\n    <script src=\"https://ss1.bdstatic.com/5eN1bjq8AAUYm2zgoY3K/r/www/nocache/imgdata/seErrorRec.js\"/>\n    <title>页面不存在_百度搜索</title>\n    <style data-for=\"result\">\n        body {color: #333; background: #fff; padding: 0; margin: 0; position: relative; min-width: 700px; font-family: arial; font-size: 12px }\n        p, form, ol, ul, li, dl, dt, dd, h3 {margin: 0; padding: 0; list-style: none }\n        input {padding-top: 0; padding-bottom: 0; -moz-box-sizing: border-box; -webkit-box-sizing: border-box; box-sizing: border-box } img {border: none; }\n        .logo {width: 117px; height: 38px; cursor: pointer }\n         #wrapper {_zoom: 1 }\n        #head {padding-left: 35px; margin-bottom: 20px; width: 900px }\n        .fm {clear: both; position: relative; z-index: 297 }\n        .btn, #more {font-size: 14px } \n        .s_btn {width: 95px; height: 32px; padding-top: 2px\\9; font-size: 14px; padding: 0; background-color: #ddd; background-position: 0 -48px; border: 0; cursor: pointer }\n        .s_btn_h {background-position: -240px -48px }\n        .s_btn_wr {width: 97px; height: 34px; display: inline-block; background-position: -120px -48px; *position: relative; z-index: 0; vertical-align: top }\n        #foot {}\n        #foot span {color: #666 }\n        .s_ipt_wr {height: 32px }\n        .s_form:after, .s_tab:after {content: \".\"; display: block; height: 0; clear: both; visibility: hidden }\n        .s_form {zoom: 1; height: 55px; padding: 0 0 0 10px }\n        #result_logo {float: left; margin: 7px 0 0 }\n        #result_logo img {width: 101px }\n        #head {padding: 0; margin: 0; width: 100%; position: absolute; z-index: 301; min-width: 1000px; background: #fff; border-bottom: 1px solid #ebebeb; position: fixed; _position: absolute; -webkit-transform: translateZ(0) }\n        #head .head_wrapper {_width: 1000px }\n        #head.s_down {box-shadow: 0 0 5px #888 }\n        .fm {clear: none; float: left; margin: 11px 0 0 10px }\n        #s_tab {background: #f8f8f8; line-height: 36px; height: 38px; padding: 55px 0 0 121px; float: none; zoom: 1 }\n        #s_tab a, #s_tab b {width: 54px; display: inline-block; text-decoration: none; text-align: center; color: #666; font-size: 14px }\n        #s_tab b {border-bottom: 2px solid #38f; font-weight: bold; color: #323232 }\n        #s_tab a:hover {color: #323232 }\n        #content_left {width: 540px; padding-left: 121px; padding-top: 5px }\n        .to_tieba, .to_zhidao_bottom {margin: 10px 0 0 121px }\n        #help {background: #f5f6f5; zoom: 1; padding: 0 0 0 50px; float: right }\n        #help a {color: #777; padding: 0 15px; text-decoration: none }\n        #help a:hover {color: #333 }\n        #foot {position: fixed; bottom:0; width: 100%; background: #f5f6f5; border-top: 1px solid #ebebeb; text-align: left; height: 42px; line-height: 42px; margin-top: 40px; *margin-top: 0; _position:absolute; _bottom:auto; _top:expression(eval(document.documentElement.scrollTop+document.documentElement.clientHeight-this.offsetHeight-(parseInt(this.currentStyle.marginTop,10)||0)-(parseInt(this.currentStyle.marginBottom,10)||0))); }\n\n        .content_none {padding: 45px 0 25px 121px } .s_ipt_wr.bg,\n        .s_btn_wr.bg, #su.bg {background-image: none }\n        .s_ipt_wr.bg {background: 0 }\n        .s_btn_wr {width: auto; height: auto; border-bottom: 1px solid transparent; *border-bottom: 0 }\n        .s_btn {width: 100px; height: 34px; color: white; letter-spacing: 1px; background: #3385ff; border-bottom: 1px solid #2d78f4; outline: medium; *border-bottom: 0; -webkit-appearance: none; -webkit-border-radius: 0 }\n        .s_btn:hover {background: #317ef3; border-bottom: 1px solid #2868c8; *border-bottom: 0; box-shadow: 1px 1px 1px #ccc }\n        .s_btn:active {background: #3075dc; box-shadow: inset 1px 1px 3px #2964bb; -webkit-box-shadow: inset 1px 1px 3px #2964bb; -moz-box-shadow: inset 1px 1px 3px #2964bb; -o-box-shadow: inset 1px 1px 3px #2964bb }\n        #lg {display: none }\n        #head .headBlock {margin: -5px 0 6px 121px }\n        #content_left .leftBlock {margin-bottom: 14px; padding-bottom: 5px; border-bottom: 1px solid #f3f3f3 }\n        .s_ipt_wr {border: 1px solid #b6b6b6; border-color: #7b7b7b #b6b6b6 #b6b6b6 #7b7b7b; background: #fff; display: inline-block; vertical-align: top; width: 539px; margin-right: 0; border-right-width: 0; border-color: #b8b8b8 transparent #ccc #b8b8b8; overflow: hidden }\n        .s_ipt_wr.ip_short {width: 439px; }\n        .s_ipt_wr:hover, .s_ipt_wr.ipthover {border-color: #999 transparent #b3b3b3 #999 }\n        .s_ipt_wr.iptfocus {border-color: #4791ff transparent #4791ff #4791ff }\n        .s_ipt_tip {color: #aaa; position: absolute; z-index: -10; font: 16px/22px arial; height: 32px; line-height: 32px; padding-left: 7px; overflow: hidden; width: 526px }\n        .s_ipt {width: 526px; height: 22px; font: 16px/18px arial; line-height: 22px\\9; margin: 6px 0 0 7px; padding: 0; background: transparent; border: 0; outline: 0; -webkit-appearance: none }\n        #kw {position: relative;display: inline-block;}\n        input::-ms-clear {display: none }\n        /*Error page css*/\n        .norsSuggest {display: inline-block; color: #333; font-family: arial; font-size: 13px; position: relative; } \n        .norsTitle {font-size: 22px; font-family: Microsoft Yahei; font-weight: normal; color: #333; margin: 35px 0 25px 0; }\n        .norsTitle2 {font-family: arial; font-size: 13px; color: #666; }\n        .norsSuggest ol {margin-left: 47px; }\n        .norsSuggest li {margin: 13px 0; }\n        #content_right {\n    border-left: 1px solid #e1e1e1;\n    width: 384px;\n    margin-top: 25px;\n    float: right;\n    padding-left: 17px;\n}\n#wrapper_wrapper {\n    width: 1212px;\n}\n.cr-content {\n    width: 351px;\n    font-size: 13px;\n    line-height: 1.54em;\n    color: #333;\n    margin-top: 6px;\n    margin-bottom: 28px;\n    word-wrap: break-word;\n    word-break: normal;\n}\n@media screen and (max-width: 1217px) {\n    #wrapper_wrapper {\n        width: 1002px;\n    }\n    #wrapper_wrapper #content_right {\n        width: 271px;\n    }\n    #wrapper_wrapper .cr-content {\n        width: 259px;\n    }\n}\n.opr-toplist-title {\n    position: relative;\n    font-size: 14px;\n    line-height: 1.29em;\n    font-weight: 700;\n    margin-bottom: 10px;\n}\n.opr-toplist-table {\n    width: 100%;\n    border-collapse: collapse;\n    border-spacing: 0;\n    font-size: 13px;\n}\n.opr-toplist-table th,td {\n    line-height: 1.54;\n    border-bottom: 1px solid #f3f3f3;\n    text-align: left;\n}\n.opr-toplist-table thead th {\n    padding-top: 4px;\n    padding-bottom: 4px;\n    font-weight: 400;\n    color: #666;\n    white-space: nowrap;\n    background-color: #fafafa;  \n}\n.opr-toplist-table .opr-toplist-right {\n    text-align: right;\n    white-space: nowrap;\n}\n.opr-toplist-table td {\n    width: 100%;\n    font-size: 13px;\n    padding-top: 6.5px;\n    padding-bottom: 6.5px;\n    vertical-align: top;\n}\n.opr-toplist-table a:hover {\n    text-decoration: underline;\n}\n.opr-index-item {\n    display: inline-block;\n    padding:1px 0;\n    color: #fff;\n    width: 14px;\n    line-height: 100%;\n    font-size: 12px;\n    text-align: center;\n    background-color: #8eb9f5;\n    margin-right: 5px;\n}\n.opr-index-hot1 {\n    background-color: #f54545;\n}\n\n.opr-index-hot2 {\n    background-color: #ff8547;\n}\n.opr-index-hot3 {\n    background-color: #ffac38;\n}\n.opr-item-text {\n    text-decoration: none;  \n}\n.opr-toplist-info {\n    color: #666;\n    text-align: right;\n    margin-top: 5px;\n}\n.opr-toplist-info&gt;a {\n    color: #666;\n}\n    </style>\n  </head>\n  <body link=\"#0000cc\">\n    <div class=\"wrapper_l\" id=\"wrapper\">\n      <div id=\"head\">\n        <div class=\"head_wrapper\">\n          <div class=\"s_form\">\n            <div class=\"s_form_wrapper\">\n              <a shape=\"rect\" id=\"result_logo\" href=\"//www.baidu.com/\">\n                <img src=\"//www.baidu.com/img/baidu_jgylogo3.gif\" alt=\"到百度首页\" title=\"到百度首页\"/>\n              </a>\n              <form enctype=\"application/x-www-form-urlencoded\" method=\"get\" class=\"fm\" id=\"form\" name=\"f\" action=\"//www.baidu.com/s\">\n                <input type=\"hidden\" name=\"ie\" value=\"utf-8\"/>\n                <input type=\"hidden\" name=\"f\" value=\"8\"/>\n                <input type=\"hidden\" name=\"rsv_bp\" value=\"1\"/>\n                <input type=\"hidden\" name=\"ch\" value=\"\"/>\n                <input type=\"hidden\" name=\"tn\" value=\"baiduerr\"/>\n                <input type=\"hidden\" name=\"bar\" value=\"\"/>\n                <span class=\"bg s_ipt_wr iptfocus\">\n                  <input maxlength=\"255\" type=\"text\" class=\"s_ipt\" id=\"kw\" name=\"wd\" value=\"\" autocomplete=\"off\" autofocus=\"autofocus\"/>\n                </span>\n                <span class=\"bg s_btn_wr\">\n                  <input type=\"submit\" class=\"bg s_btn\" id=\"su\" value=\"百度一下\"/>\n                </span>\n              </form>\n            </div>\n          </div>\n        </div>\n      </div>\n      <div class=\"s_tab\" id=\"s_tab\">\n        <b>网页</b>\n        <a shape=\"rect\" href=\"http://tieba.baidu.com/f?kw=&amp;fr=wwwt\" wdfield=\"kw\">贴吧</a>\n        <a shape=\"rect\" href=\"http://zhidao.baidu.com/q?ct=17&amp;pn=0&amp;tn=ikaslist&amp;rn=10&amp;word=&amp;fr=wwwt\" wdfield=\"word\">知道</a>\n        <a shape=\"rect\" href=\"http://music.baidu.com/search?fr=ps&amp;ie=utf-8&amp;key=\" wdfield=\"key\">音乐</a>\n        <a shape=\"rect\" href=\"http://image.baidu.com/i?tn=baiduimage&amp;ps=1&amp;ct=201326592&amp;lm=-1&amp;cl=2&amp;nc=1&amp;ie=utf-8&amp;word=\" wdfield=\"word\">图片</a>\n        <a shape=\"rect\" href=\"http://v.baidu.com/v?ct=301989888&amp;rn=20&amp;pn=0&amp;db=0&amp;s=25&amp;ie=utf-8&amp;word=\" wdfield=\"word\">视频</a>\n        <a shape=\"rect\" href=\"http://map.baidu.com/m?word=&amp;fr=ps01000\" wdfield=\"word\">地图</a>\n        <a shape=\"rect\" href=\"http://wenku.baidu.com/search?word=&amp;lm=0&amp;od=0&amp;ie=utf-8\" wdfield=\"word\">文库</a>\n        <a shape=\"rect\" href=\"//www.baidu.com/more/\">更多»</a>\n      </div>\n      <div id=\"wrapper_wrapper\">\n        <div id=\"content_left\">\n          <div class=\"nors\">\n            <div class=\"norsSuggest\">\n              <h3 class=\"norsTitle\">很抱歉，您要访问的页面不存在！</h3>\n              <p class=\"norsTitle2\">温馨提示：</p>\n              <ol>\n                <li>请检查您访问的网址是否正确</li>\n                <li>\n如果您不能确认访问的网址，请浏览                  <a shape=\"rect\" href=\"//www.baidu.com/more/index.html\">百度更多</a>\n页面查看更多网址。                </li>\n                <li>回到顶部重新发起搜索</li>\n                <li>\n如有任何意见或建议，请及时                  <a shape=\"rect\" href=\"http://qingting.baidu.com/index\">反馈给我们</a>\n。                </li>\n              </ol>\n            </div>\n          </div>\n        </div>\n      </div>\n      <div id=\"foot\">\n        <span id=\"help\" style=\"float:left;padding-left:121px\">\n          <a shape=\"rect\" href=\"http://help.baidu.com/question\" target=\"_blank\">帮助</a>\n          <a shape=\"rect\" href=\"http://www.baidu.com/search/jubao.html\" target=\"_blank\">举报</a>\n          <a shape=\"rect\" href=\"http://jianyi.baidu.com\" target=\"_blank\">给百度提建议</a>\n        </span>\n      </div>\n    </div>\n  </body>\n  <script>\n(function () {\n        var LOGURL = \'https://sp1.baidu.com/5b1ZeDe5KgQFm2e88IuM_a/cm.gif\';\n        var params = \'type=wwwerror&amp;terminal=www\';\n        var img = new Image();\n        img.src = LOGURL + \'?\' + params;\n    })();\n    (function () {\n        if(window.recommend &amp;&amp; window.recommend.query &amp;&amp; window.recommend.query.length &gt; 0) {\n            var recommendWrapper = document.createElement(\'div\');\n            var recommendHtml = \'&lt;div class=\"cr-content\"&gt;&lt;div class=\"opr-toplist-title\"&gt;\' + window.recommend.title + \'&lt;/div&gt;&lt;table class=\"opr-toplist-table\"&gt;&lt;thead&gt;&lt;tr&gt;&lt;th&gt;排名&lt;/th&gt;&lt;/tr&gt;&lt;/thead&gt;\';\n            var queryArray = window.recommend.query;\n            var itemUrl = \'\';\n            for(var i = 1; i &lt; (queryArray.length+1); i++) {\n                itemUrl = \'//www.baidu.com/s?word=\' + encodeURIComponent(queryArray[i-1].word) + \'&amp;sa=\' + queryArray[i-1].sa + \'&amp;tn=\' + queryArray[i-1].tn;\n                if (queryArray[i-1].rsv_dl) {\n                    itemUrl += \"&amp;rsv_dl=\" + queryArray[i-1].rsv_dl;\n                }\n                \n                if (i &lt; 4) {\n                    recommendHtml += \'&lt;tr&gt;&lt;td&gt;&lt;span class=\"opr-index-hot\' + i + \' opr-index-item\"&gt;\' + i + \'&lt;/span&gt;&lt;a target=\"_blank\" href=\"\' + itemUrl +\'\" class=\"opr-item-text\"&gt;\' + queryArray[i-1].word + \'&lt;/a&gt;&lt;/td&gt;&lt;/tr&gt;\';\n                } else {\n                    recommendHtml += \'&lt;tr&gt;&lt;td&gt;&lt;span class=\"opr-index-item\"&gt;\' + i + \'&lt;/span&gt;&lt;a target=\"_blank\" href=\"\' + itemUrl +\'\" class=\"opr-item-text\"&gt;\' + queryArray[i-1].word + \'&lt;/a&gt;&lt;/td&gt;&lt;/tr&gt;\';\n                }\n            }\n            recommendHtml += \'&lt;/tbody&gt;&lt;/table&gt;&lt;div class=\"opr-toplist-info\"&gt;&lt;span&gt;来源：&lt;/span&gt;&lt;a target=\"_blank\" href=\"http://www.baidu.com/link?url=sLR63PtaB7kc3YkTtzDy1k3mbTm1DXDMu-nLcijZx8DmWgOff4lBxqmY-LGDyHqw\"&gt;百度风云榜&lt;/a&gt;&lt;span&gt;&amp;nbsp;-&amp;nbsp;&lt;/span&gt;&lt;a target=\"_blank\" href=\"http://www.baidu.com/link?url=01vNBVXR2eaJxETl9PI3hcrvKCcwaJIKk5FkpO7l5YI_Q_pC24ogIBoZxI0LAu5oYpAdhRH42nzxAqfui0YnHK\"&gt;实时热点&lt;/a&gt;&lt;/div&gt;&lt;/div&gt;\';\n            recommendWrapper.setAttribute(\'id\', \'content_right\');\n            document.getElementById(\'wrapper_wrapper\').insertBefore(recommendWrapper, document.getElementById(\'content_left\'));\n            var recommend = document.getElementById(\'content_right\');\n            recommend.innerHTML = recommendHtml;\n        }\n})();\n(function(){\n    var bds = {\n        util: {}\n    };\n    var c = document.getElementById(\'kw\').parentNode;\n\n    bds.util.getWinWidth = function(){\n        return window.document.documentElement.clientWidth;\n    };\n\n    bds.util.setFormWidth = function(){\n        var width = bds.util.getWinWidth();\n        if(width &lt; 1217)    {bds.util.setClass(c, \'ip_short\', \'add\')}\n        else                {bds.util.setClass(c, \'ip_short\', \'remove\')};\n    };\n\n    bds.util.setClass = function(obj, class_name, set) {\n        var ori_class = obj.className,\n            has_class_p = -1,\n            ori_class_arr = [],\n            new_class = \'\';\n\n        if(ori_class.length) ori_class_arr = ori_class.split(\' \');\n\n        for( i in ori_class_arr) {\n            if(ori_class_arr[i] == class_name) has_class_p = i;\n        }\n\n        if( set == \'remove\' &amp;&amp; has_class_p &gt;= 0) {\n            ori_class_arr.splice(has_class_p, 1);\n            new_class = ori_class_arr.join(\' \');\n            obj.className = new_class;\n        } else if( set == \'add\' &amp;&amp; has_class_p &lt; 0) {\n            ori_class_arr.push(class_name);\n            new_class = ori_class_arr.join(\' \');\n            obj.className = new_class;\n        }\n    }\n    bds.util.setFormWidth();\n\n    if (typeof document.addEventListener != \"undefined\") {\n        window.addEventListener(\'resize\', bds.util.setFormWidth, false);\n        document.getElementById(\'kw\').addEventListener(\'focus\', function(){bds.util.setClass(c,\'iptfocus\', \'add\');}, false);\n        document.getElementById(\'kw\').addEventListener(\'blur\', function(){bds.util.setClass(c,\'iptfocus\', \'remove\');}, false);\n    } else {\n        window.attachEvent(\'onresize\', bds.util.setFormWidth, false);\n        document.getElementById(\'kw\').attachEvent(\'onfocus\', function(){bds.util.setClass(c,\'iptfocus\', \'add\');}, false);\n        document.getElementById(\'kw\').attachEvent(\'onblur\', function(){bds.util.setClass(c,\'iptfocus\', \'remove\');}, false);\n    } \n\n})();\n\n\n</script>\n</html>',15852,'[{\"key\":\"Accept-Ranges\",\"value\":\"bytes\"},{\"key\":\"Cache-Control\",\"value\":\"max-age=86400\"},{\"key\":\"Content-Encoding\",\"value\":\"gzip\"},{\"key\":\"Content-Length\",\"value\":\"4863\"},{\"key\":\"Content-Type\",\"value\":\"text/html\"},{\"key\":\"Date\",\"value\":\"Wed, 11 Mar 2020 03:31:13 GMT\"},{\"key\":\"Etag\",\"value\":\"\\\"3dec-57b3a9a43af80\\\"\"},{\"key\":\"Expires\",\"value\":\"Thu, 12 Mar 2020 03:31:13 GMT\"},{\"key\":\"Last-Modified\",\"value\":\"Thu, 22 Nov 2018 06:01:50 GMT\"},{\"key\":\"P3p\",\"value\":\"CP=\\\" OTI DSP COR IVA OUR IND COM \\\"\"},{\"key\":\"Server\",\"value\":\"Apache\"},{\"key\":\"Set-Cookie\",\"value\":\"BAIDUID=DB0EA6D3689D256C892D46AC500623C2:FG=1; expires=Thu, 11-Mar-21 03:31:13 GMT; max-age=31536000; path=/; domain=.baidu.com; version=1\"},{\"key\":\"Vary\",\"value\":\"Accept-Encoding,User-Agent\"}]','[]','[]',139,NULL,'2020-03-11 11:31:12.636'),(15,2,4,117,'元素列表，新建一个',0,'GET','http://www.baidu.com/public/projectPage/listPage','[{\"key\":\"token\",\"value\":\"eyJhbGciOiJIUzI1NiJ9.eyJMT0dJTl9VU0VSX0tFWSI6Ijg4MjRlYTk3LTc5MzktNGYyYS1iM2M1LTU2MTYzOWUyZjY3MSJ9.3aonnRcqaQUorlaBQLH8dg3zrYiAlTDQlMMgJpiuf3g\"}]','[{\"key\":\"pageNum\",\"value\":\"1\"},{\"key\":\"pageSize\",\"value\":\"10\"},{\"key\":\"pageCount\",\"value\":\"14\"},{\"key\":\"serchData\",\"value\":\"%7B%22pageName%22:%22%22,%22projectId%22:2%7D\"}]','raw',NULL,NULL,200,'html','<html>\n  <head>\n    <meta http-equiv=\"X-UA-Compatible\" content=\"IE=edge,chrome=1\"/>\n    <meta http-equiv=\"content-type\" content=\"text/html;charset=utf-8\"/>\n    <meta name=\"referrer\" content=\"always\"/>\n    <script src=\"https://ss1.bdstatic.com/5eN1bjq8AAUYm2zgoY3K/r/www/nocache/imgdata/seErrorRec.js\"/>\n    <title>页面不存在_百度搜索</title>\n    <style data-for=\"result\">\n        body {color: #333; background: #fff; padding: 0; margin: 0; position: relative; min-width: 700px; font-family: arial; font-size: 12px }\n        p, form, ol, ul, li, dl, dt, dd, h3 {margin: 0; padding: 0; list-style: none }\n        input {padding-top: 0; padding-bottom: 0; -moz-box-sizing: border-box; -webkit-box-sizing: border-box; box-sizing: border-box } img {border: none; }\n        .logo {width: 117px; height: 38px; cursor: pointer }\n         #wrapper {_zoom: 1 }\n        #head {padding-left: 35px; margin-bottom: 20px; width: 900px }\n        .fm {clear: both; position: relative; z-index: 297 }\n        .btn, #more {font-size: 14px } \n        .s_btn {width: 95px; height: 32px; padding-top: 2px\\9; font-size: 14px; padding: 0; background-color: #ddd; background-position: 0 -48px; border: 0; cursor: pointer }\n        .s_btn_h {background-position: -240px -48px }\n        .s_btn_wr {width: 97px; height: 34px; display: inline-block; background-position: -120px -48px; *position: relative; z-index: 0; vertical-align: top }\n        #foot {}\n        #foot span {color: #666 }\n        .s_ipt_wr {height: 32px }\n        .s_form:after, .s_tab:after {content: \".\"; display: block; height: 0; clear: both; visibility: hidden }\n        .s_form {zoom: 1; height: 55px; padding: 0 0 0 10px }\n        #result_logo {float: left; margin: 7px 0 0 }\n        #result_logo img {width: 101px }\n        #head {padding: 0; margin: 0; width: 100%; position: absolute; z-index: 301; min-width: 1000px; background: #fff; border-bottom: 1px solid #ebebeb; position: fixed; _position: absolute; -webkit-transform: translateZ(0) }\n        #head .head_wrapper {_width: 1000px }\n        #head.s_down {box-shadow: 0 0 5px #888 }\n        .fm {clear: none; float: left; margin: 11px 0 0 10px }\n        #s_tab {background: #f8f8f8; line-height: 36px; height: 38px; padding: 55px 0 0 121px; float: none; zoom: 1 }\n        #s_tab a, #s_tab b {width: 54px; display: inline-block; text-decoration: none; text-align: center; color: #666; font-size: 14px }\n        #s_tab b {border-bottom: 2px solid #38f; font-weight: bold; color: #323232 }\n        #s_tab a:hover {color: #323232 }\n        #content_left {width: 540px; padding-left: 121px; padding-top: 5px }\n        .to_tieba, .to_zhidao_bottom {margin: 10px 0 0 121px }\n        #help {background: #f5f6f5; zoom: 1; padding: 0 0 0 50px; float: right }\n        #help a {color: #777; padding: 0 15px; text-decoration: none }\n        #help a:hover {color: #333 }\n        #foot {position: fixed; bottom:0; width: 100%; background: #f5f6f5; border-top: 1px solid #ebebeb; text-align: left; height: 42px; line-height: 42px; margin-top: 40px; *margin-top: 0; _position:absolute; _bottom:auto; _top:expression(eval(document.documentElement.scrollTop+document.documentElement.clientHeight-this.offsetHeight-(parseInt(this.currentStyle.marginTop,10)||0)-(parseInt(this.currentStyle.marginBottom,10)||0))); }\n\n        .content_none {padding: 45px 0 25px 121px } .s_ipt_wr.bg,\n        .s_btn_wr.bg, #su.bg {background-image: none }\n        .s_ipt_wr.bg {background: 0 }\n        .s_btn_wr {width: auto; height: auto; border-bottom: 1px solid transparent; *border-bottom: 0 }\n        .s_btn {width: 100px; height: 34px; color: white; letter-spacing: 1px; background: #3385ff; border-bottom: 1px solid #2d78f4; outline: medium; *border-bottom: 0; -webkit-appearance: none; -webkit-border-radius: 0 }\n        .s_btn:hover {background: #317ef3; border-bottom: 1px solid #2868c8; *border-bottom: 0; box-shadow: 1px 1px 1px #ccc }\n        .s_btn:active {background: #3075dc; box-shadow: inset 1px 1px 3px #2964bb; -webkit-box-shadow: inset 1px 1px 3px #2964bb; -moz-box-shadow: inset 1px 1px 3px #2964bb; -o-box-shadow: inset 1px 1px 3px #2964bb }\n        #lg {display: none }\n        #head .headBlock {margin: -5px 0 6px 121px }\n        #content_left .leftBlock {margin-bottom: 14px; padding-bottom: 5px; border-bottom: 1px solid #f3f3f3 }\n        .s_ipt_wr {border: 1px solid #b6b6b6; border-color: #7b7b7b #b6b6b6 #b6b6b6 #7b7b7b; background: #fff; display: inline-block; vertical-align: top; width: 539px; margin-right: 0; border-right-width: 0; border-color: #b8b8b8 transparent #ccc #b8b8b8; overflow: hidden }\n        .s_ipt_wr.ip_short {width: 439px; }\n        .s_ipt_wr:hover, .s_ipt_wr.ipthover {border-color: #999 transparent #b3b3b3 #999 }\n        .s_ipt_wr.iptfocus {border-color: #4791ff transparent #4791ff #4791ff }\n        .s_ipt_tip {color: #aaa; position: absolute; z-index: -10; font: 16px/22px arial; height: 32px; line-height: 32px; padding-left: 7px; overflow: hidden; width: 526px }\n        .s_ipt {width: 526px; height: 22px; font: 16px/18px arial; line-height: 22px\\9; margin: 6px 0 0 7px; padding: 0; background: transparent; border: 0; outline: 0; -webkit-appearance: none }\n        #kw {position: relative;display: inline-block;}\n        input::-ms-clear {display: none }\n        /*Error page css*/\n        .norsSuggest {display: inline-block; color: #333; font-family: arial; font-size: 13px; position: relative; } \n        .norsTitle {font-size: 22px; font-family: Microsoft Yahei; font-weight: normal; color: #333; margin: 35px 0 25px 0; }\n        .norsTitle2 {font-family: arial; font-size: 13px; color: #666; }\n        .norsSuggest ol {margin-left: 47px; }\n        .norsSuggest li {margin: 13px 0; }\n        #content_right {\n    border-left: 1px solid #e1e1e1;\n    width: 384px;\n    margin-top: 25px;\n    float: right;\n    padding-left: 17px;\n}\n#wrapper_wrapper {\n    width: 1212px;\n}\n.cr-content {\n    width: 351px;\n    font-size: 13px;\n    line-height: 1.54em;\n    color: #333;\n    margin-top: 6px;\n    margin-bottom: 28px;\n    word-wrap: break-word;\n    word-break: normal;\n}\n@media screen and (max-width: 1217px) {\n    #wrapper_wrapper {\n        width: 1002px;\n    }\n    #wrapper_wrapper #content_right {\n        width: 271px;\n    }\n    #wrapper_wrapper .cr-content {\n        width: 259px;\n    }\n}\n.opr-toplist-title {\n    position: relative;\n    font-size: 14px;\n    line-height: 1.29em;\n    font-weight: 700;\n    margin-bottom: 10px;\n}\n.opr-toplist-table {\n    width: 100%;\n    border-collapse: collapse;\n    border-spacing: 0;\n    font-size: 13px;\n}\n.opr-toplist-table th,td {\n    line-height: 1.54;\n    border-bottom: 1px solid #f3f3f3;\n    text-align: left;\n}\n.opr-toplist-table thead th {\n    padding-top: 4px;\n    padding-bottom: 4px;\n    font-weight: 400;\n    color: #666;\n    white-space: nowrap;\n    background-color: #fafafa;  \n}\n.opr-toplist-table .opr-toplist-right {\n    text-align: right;\n    white-space: nowrap;\n}\n.opr-toplist-table td {\n    width: 100%;\n    font-size: 13px;\n    padding-top: 6.5px;\n    padding-bottom: 6.5px;\n    vertical-align: top;\n}\n.opr-toplist-table a:hover {\n    text-decoration: underline;\n}\n.opr-index-item {\n    display: inline-block;\n    padding:1px 0;\n    color: #fff;\n    width: 14px;\n    line-height: 100%;\n    font-size: 12px;\n    text-align: center;\n    background-color: #8eb9f5;\n    margin-right: 5px;\n}\n.opr-index-hot1 {\n    background-color: #f54545;\n}\n\n.opr-index-hot2 {\n    background-color: #ff8547;\n}\n.opr-index-hot3 {\n    background-color: #ffac38;\n}\n.opr-item-text {\n    text-decoration: none;  \n}\n.opr-toplist-info {\n    color: #666;\n    text-align: right;\n    margin-top: 5px;\n}\n.opr-toplist-info&gt;a {\n    color: #666;\n}\n    </style>\n  </head>\n  <body link=\"#0000cc\">\n    <div class=\"wrapper_l\" id=\"wrapper\">\n      <div id=\"head\">\n        <div class=\"head_wrapper\">\n          <div class=\"s_form\">\n            <div class=\"s_form_wrapper\">\n              <a shape=\"rect\" id=\"result_logo\" href=\"//www.baidu.com/\">\n                <img src=\"//www.baidu.com/img/baidu_jgylogo3.gif\" alt=\"到百度首页\" title=\"到百度首页\"/>\n              </a>\n              <form enctype=\"application/x-www-form-urlencoded\" method=\"get\" class=\"fm\" id=\"form\" name=\"f\" action=\"//www.baidu.com/s\">\n                <input type=\"hidden\" name=\"ie\" value=\"utf-8\"/>\n                <input type=\"hidden\" name=\"f\" value=\"8\"/>\n                <input type=\"hidden\" name=\"rsv_bp\" value=\"1\"/>\n                <input type=\"hidden\" name=\"ch\" value=\"\"/>\n                <input type=\"hidden\" name=\"tn\" value=\"baiduerr\"/>\n                <input type=\"hidden\" name=\"bar\" value=\"\"/>\n                <span class=\"bg s_ipt_wr iptfocus\">\n                  <input maxlength=\"255\" type=\"text\" class=\"s_ipt\" id=\"kw\" name=\"wd\" value=\"\" autocomplete=\"off\" autofocus=\"autofocus\"/>\n                </span>\n                <span class=\"bg s_btn_wr\">\n                  <input type=\"submit\" class=\"bg s_btn\" id=\"su\" value=\"百度一下\"/>\n                </span>\n              </form>\n            </div>\n          </div>\n        </div>\n      </div>\n      <div class=\"s_tab\" id=\"s_tab\">\n        <b>网页</b>\n        <a shape=\"rect\" href=\"http://tieba.baidu.com/f?kw=&amp;fr=wwwt\" wdfield=\"kw\">贴吧</a>\n        <a shape=\"rect\" href=\"http://zhidao.baidu.com/q?ct=17&amp;pn=0&amp;tn=ikaslist&amp;rn=10&amp;word=&amp;fr=wwwt\" wdfield=\"word\">知道</a>\n        <a shape=\"rect\" href=\"http://music.baidu.com/search?fr=ps&amp;ie=utf-8&amp;key=\" wdfield=\"key\">音乐</a>\n        <a shape=\"rect\" href=\"http://image.baidu.com/i?tn=baiduimage&amp;ps=1&amp;ct=201326592&amp;lm=-1&amp;cl=2&amp;nc=1&amp;ie=utf-8&amp;word=\" wdfield=\"word\">图片</a>\n        <a shape=\"rect\" href=\"http://v.baidu.com/v?ct=301989888&amp;rn=20&amp;pn=0&amp;db=0&amp;s=25&amp;ie=utf-8&amp;word=\" wdfield=\"word\">视频</a>\n        <a shape=\"rect\" href=\"http://map.baidu.com/m?word=&amp;fr=ps01000\" wdfield=\"word\">地图</a>\n        <a shape=\"rect\" href=\"http://wenku.baidu.com/search?word=&amp;lm=0&amp;od=0&amp;ie=utf-8\" wdfield=\"word\">文库</a>\n        <a shape=\"rect\" href=\"//www.baidu.com/more/\">更多»</a>\n      </div>\n      <div id=\"wrapper_wrapper\">\n        <div id=\"content_left\">\n          <div class=\"nors\">\n            <div class=\"norsSuggest\">\n              <h3 class=\"norsTitle\">很抱歉，您要访问的页面不存在！</h3>\n              <p class=\"norsTitle2\">温馨提示：</p>\n              <ol>\n                <li>请检查您访问的网址是否正确</li>\n                <li>\n如果您不能确认访问的网址，请浏览                  <a shape=\"rect\" href=\"//www.baidu.com/more/index.html\">百度更多</a>\n页面查看更多网址。                </li>\n                <li>回到顶部重新发起搜索</li>\n                <li>\n如有任何意见或建议，请及时                  <a shape=\"rect\" href=\"http://qingting.baidu.com/index\">反馈给我们</a>\n。                </li>\n              </ol>\n            </div>\n          </div>\n        </div>\n      </div>\n      <div id=\"foot\">\n        <span id=\"help\" style=\"float:left;padding-left:121px\">\n          <a shape=\"rect\" href=\"http://help.baidu.com/question\" target=\"_blank\">帮助</a>\n          <a shape=\"rect\" href=\"http://www.baidu.com/search/jubao.html\" target=\"_blank\">举报</a>\n          <a shape=\"rect\" href=\"http://jianyi.baidu.com\" target=\"_blank\">给百度提建议</a>\n        </span>\n      </div>\n    </div>\n  </body>\n  <script>\n(function () {\n        var LOGURL = \'https://sp1.baidu.com/5b1ZeDe5KgQFm2e88IuM_a/cm.gif\';\n        var params = \'type=wwwerror&amp;terminal=www\';\n        var img = new Image();\n        img.src = LOGURL + \'?\' + params;\n    })();\n    (function () {\n        if(window.recommend &amp;&amp; window.recommend.query &amp;&amp; window.recommend.query.length &gt; 0) {\n            var recommendWrapper = document.createElement(\'div\');\n            var recommendHtml = \'&lt;div class=\"cr-content\"&gt;&lt;div class=\"opr-toplist-title\"&gt;\' + window.recommend.title + \'&lt;/div&gt;&lt;table class=\"opr-toplist-table\"&gt;&lt;thead&gt;&lt;tr&gt;&lt;th&gt;排名&lt;/th&gt;&lt;/tr&gt;&lt;/thead&gt;\';\n            var queryArray = window.recommend.query;\n            var itemUrl = \'\';\n            for(var i = 1; i &lt; (queryArray.length+1); i++) {\n                itemUrl = \'//www.baidu.com/s?word=\' + encodeURIComponent(queryArray[i-1].word) + \'&amp;sa=\' + queryArray[i-1].sa + \'&amp;tn=\' + queryArray[i-1].tn;\n                if (queryArray[i-1].rsv_dl) {\n                    itemUrl += \"&amp;rsv_dl=\" + queryArray[i-1].rsv_dl;\n                }\n                \n                if (i &lt; 4) {\n                    recommendHtml += \'&lt;tr&gt;&lt;td&gt;&lt;span class=\"opr-index-hot\' + i + \' opr-index-item\"&gt;\' + i + \'&lt;/span&gt;&lt;a target=\"_blank\" href=\"\' + itemUrl +\'\" class=\"opr-item-text\"&gt;\' + queryArray[i-1].word + \'&lt;/a&gt;&lt;/td&gt;&lt;/tr&gt;\';\n                } else {\n                    recommendHtml += \'&lt;tr&gt;&lt;td&gt;&lt;span class=\"opr-index-item\"&gt;\' + i + \'&lt;/span&gt;&lt;a target=\"_blank\" href=\"\' + itemUrl +\'\" class=\"opr-item-text\"&gt;\' + queryArray[i-1].word + \'&lt;/a&gt;&lt;/td&gt;&lt;/tr&gt;\';\n                }\n            }\n            recommendHtml += \'&lt;/tbody&gt;&lt;/table&gt;&lt;div class=\"opr-toplist-info\"&gt;&lt;span&gt;来源：&lt;/span&gt;&lt;a target=\"_blank\" href=\"http://www.baidu.com/link?url=sLR63PtaB7kc3YkTtzDy1k3mbTm1DXDMu-nLcijZx8DmWgOff4lBxqmY-LGDyHqw\"&gt;百度风云榜&lt;/a&gt;&lt;span&gt;&amp;nbsp;-&amp;nbsp;&lt;/span&gt;&lt;a target=\"_blank\" href=\"http://www.baidu.com/link?url=01vNBVXR2eaJxETl9PI3hcrvKCcwaJIKk5FkpO7l5YI_Q_pC24ogIBoZxI0LAu5oYpAdhRH42nzxAqfui0YnHK\"&gt;实时热点&lt;/a&gt;&lt;/div&gt;&lt;/div&gt;\';\n            recommendWrapper.setAttribute(\'id\', \'content_right\');\n            document.getElementById(\'wrapper_wrapper\').insertBefore(recommendWrapper, document.getElementById(\'content_left\'));\n            var recommend = document.getElementById(\'content_right\');\n            recommend.innerHTML = recommendHtml;\n        }\n})();\n(function(){\n    var bds = {\n        util: {}\n    };\n    var c = document.getElementById(\'kw\').parentNode;\n\n    bds.util.getWinWidth = function(){\n        return window.document.documentElement.clientWidth;\n    };\n\n    bds.util.setFormWidth = function(){\n        var width = bds.util.getWinWidth();\n        if(width &lt; 1217)    {bds.util.setClass(c, \'ip_short\', \'add\')}\n        else                {bds.util.setClass(c, \'ip_short\', \'remove\')};\n    };\n\n    bds.util.setClass = function(obj, class_name, set) {\n        var ori_class = obj.className,\n            has_class_p = -1,\n            ori_class_arr = [],\n            new_class = \'\';\n\n        if(ori_class.length) ori_class_arr = ori_class.split(\' \');\n\n        for( i in ori_class_arr) {\n            if(ori_class_arr[i] == class_name) has_class_p = i;\n        }\n\n        if( set == \'remove\' &amp;&amp; has_class_p &gt;= 0) {\n            ori_class_arr.splice(has_class_p, 1);\n            new_class = ori_class_arr.join(\' \');\n            obj.className = new_class;\n        } else if( set == \'add\' &amp;&amp; has_class_p &lt; 0) {\n            ori_class_arr.push(class_name);\n            new_class = ori_class_arr.join(\' \');\n            obj.className = new_class;\n        }\n    }\n    bds.util.setFormWidth();\n\n    if (typeof document.addEventListener != \"undefined\") {\n        window.addEventListener(\'resize\', bds.util.setFormWidth, false);\n        document.getElementById(\'kw\').addEventListener(\'focus\', function(){bds.util.setClass(c,\'iptfocus\', \'add\');}, false);\n        document.getElementById(\'kw\').addEventListener(\'blur\', function(){bds.util.setClass(c,\'iptfocus\', \'remove\');}, false);\n    } else {\n        window.attachEvent(\'onresize\', bds.util.setFormWidth, false);\n        document.getElementById(\'kw\').attachEvent(\'onfocus\', function(){bds.util.setClass(c,\'iptfocus\', \'add\');}, false);\n        document.getElementById(\'kw\').attachEvent(\'onblur\', function(){bds.util.setClass(c,\'iptfocus\', \'remove\');}, false);\n    } \n\n})();\n\n\n</script>\n</html>',15852,'[{\"key\":\"Accept-Ranges\",\"value\":\"bytes\"},{\"key\":\"Cache-Control\",\"value\":\"max-age=86400\"},{\"key\":\"Content-Encoding\",\"value\":\"gzip\"},{\"key\":\"Content-Length\",\"value\":\"4863\"},{\"key\":\"Content-Type\",\"value\":\"text/html\"},{\"key\":\"Date\",\"value\":\"Wed, 11 Mar 2020 03:31:13 GMT\"},{\"key\":\"Etag\",\"value\":\"\\\"3dec-57b3a9a43af80\\\"\"},{\"key\":\"Expires\",\"value\":\"Thu, 12 Mar 2020 03:31:13 GMT\"},{\"key\":\"Last-Modified\",\"value\":\"Thu, 22 Nov 2018 06:01:50 GMT\"},{\"key\":\"P3p\",\"value\":\"CP=\\\" OTI DSP COR IVA OUR IND COM \\\"\"},{\"key\":\"Server\",\"value\":\"Apache\"},{\"key\":\"Set-Cookie\",\"value\":\"BAIDUID=7313D7D190381DAC6236D972E1DA4EC7:FG=1; expires=Thu, 11-Mar-21 03:31:13 GMT; max-age=31536000; path=/; domain=.baidu.com; version=1\"},{\"key\":\"Vary\",\"value\":\"Accept-Encoding,User-Agent\"}]','[{\"dataSource\":\"bodyJson\",\"extractExpress\":\"error.code\",\"realType\":\"null\",\"realValue\":\"\",\"varName\":\"errorCode\"}]','[{\"dataSource\":\"bodyJson\",\"expectRelation\":\"等于\",\"expectValue\":\"说的是\",\"extractExpress\":\"result.list[0].pageName\",\"extractType\":\"string\",\"realType\":\"null\",\"realValue\":\"\",\"result\":false},{\"dataSource\":\"code\",\"expectRelation\":\"等于\",\"expectValue\":\"200\",\"extractExpress\":\"\",\"extractType\":\"number\",\"realType\":\"number\",\"realValue\":\"200\",\"result\":true},{\"dataSource\":\"bodyJson\",\"expectRelation\":\"等于\",\"expectValue\":\"401\",\"extractExpress\":\"error.code\",\"extractType\":\"number\",\"realType\":\"null\",\"realValue\":\"\",\"result\":false},{\"dataSource\":\"bodyReg\",\"expectRelation\":\"包含\",\"expectValue\":\"未登录或登陆失效\",\"extractExpress\":\"\\\"message\\\": \\\"(.*?)\\\"\",\"extractType\":\"string\",\"realType\":\"null\",\"realValue\":\"\",\"result\":false},{\"dataSource\":\"header\",\"expectRelation\":\"等于\",\"expectValue\":\"231243\",\"extractExpress\":\"Date\",\"extractType\":\"string\",\"realType\":\"string\",\"realValue\":\"Wed, 11 Mar 2020 03:31:13 GMT\",\"result\":false}]',117,NULL,'2020-03-11 11:31:12.782'),(16,2,4,118,'你说一个接口',1,'GET','http://www.baidu.com/asdfasdf','[]','[]','raw',NULL,NULL,200,'html','<html>\n  <head>\n    <meta http-equiv=\"X-UA-Compatible\" content=\"IE=edge,chrome=1\"/>\n    <meta http-equiv=\"content-type\" content=\"text/html;charset=utf-8\"/>\n    <meta name=\"referrer\" content=\"always\"/>\n    <script src=\"https://ss1.bdstatic.com/5eN1bjq8AAUYm2zgoY3K/r/www/nocache/imgdata/seErrorRec.js\"/>\n    <title>页面不存在_百度搜索</title>\n    <style data-for=\"result\">\n        body {color: #333; background: #fff; padding: 0; margin: 0; position: relative; min-width: 700px; font-family: arial; font-size: 12px }\n        p, form, ol, ul, li, dl, dt, dd, h3 {margin: 0; padding: 0; list-style: none }\n        input {padding-top: 0; padding-bottom: 0; -moz-box-sizing: border-box; -webkit-box-sizing: border-box; box-sizing: border-box } img {border: none; }\n        .logo {width: 117px; height: 38px; cursor: pointer }\n         #wrapper {_zoom: 1 }\n        #head {padding-left: 35px; margin-bottom: 20px; width: 900px }\n        .fm {clear: both; position: relative; z-index: 297 }\n        .btn, #more {font-size: 14px } \n        .s_btn {width: 95px; height: 32px; padding-top: 2px\\9; font-size: 14px; padding: 0; background-color: #ddd; background-position: 0 -48px; border: 0; cursor: pointer }\n        .s_btn_h {background-position: -240px -48px }\n        .s_btn_wr {width: 97px; height: 34px; display: inline-block; background-position: -120px -48px; *position: relative; z-index: 0; vertical-align: top }\n        #foot {}\n        #foot span {color: #666 }\n        .s_ipt_wr {height: 32px }\n        .s_form:after, .s_tab:after {content: \".\"; display: block; height: 0; clear: both; visibility: hidden }\n        .s_form {zoom: 1; height: 55px; padding: 0 0 0 10px }\n        #result_logo {float: left; margin: 7px 0 0 }\n        #result_logo img {width: 101px }\n        #head {padding: 0; margin: 0; width: 100%; position: absolute; z-index: 301; min-width: 1000px; background: #fff; border-bottom: 1px solid #ebebeb; position: fixed; _position: absolute; -webkit-transform: translateZ(0) }\n        #head .head_wrapper {_width: 1000px }\n        #head.s_down {box-shadow: 0 0 5px #888 }\n        .fm {clear: none; float: left; margin: 11px 0 0 10px }\n        #s_tab {background: #f8f8f8; line-height: 36px; height: 38px; padding: 55px 0 0 121px; float: none; zoom: 1 }\n        #s_tab a, #s_tab b {width: 54px; display: inline-block; text-decoration: none; text-align: center; color: #666; font-size: 14px }\n        #s_tab b {border-bottom: 2px solid #38f; font-weight: bold; color: #323232 }\n        #s_tab a:hover {color: #323232 }\n        #content_left {width: 540px; padding-left: 121px; padding-top: 5px }\n        .to_tieba, .to_zhidao_bottom {margin: 10px 0 0 121px }\n        #help {background: #f5f6f5; zoom: 1; padding: 0 0 0 50px; float: right }\n        #help a {color: #777; padding: 0 15px; text-decoration: none }\n        #help a:hover {color: #333 }\n        #foot {position: fixed; bottom:0; width: 100%; background: #f5f6f5; border-top: 1px solid #ebebeb; text-align: left; height: 42px; line-height: 42px; margin-top: 40px; *margin-top: 0; _position:absolute; _bottom:auto; _top:expression(eval(document.documentElement.scrollTop+document.documentElement.clientHeight-this.offsetHeight-(parseInt(this.currentStyle.marginTop,10)||0)-(parseInt(this.currentStyle.marginBottom,10)||0))); }\n\n        .content_none {padding: 45px 0 25px 121px } .s_ipt_wr.bg,\n        .s_btn_wr.bg, #su.bg {background-image: none }\n        .s_ipt_wr.bg {background: 0 }\n        .s_btn_wr {width: auto; height: auto; border-bottom: 1px solid transparent; *border-bottom: 0 }\n        .s_btn {width: 100px; height: 34px; color: white; letter-spacing: 1px; background: #3385ff; border-bottom: 1px solid #2d78f4; outline: medium; *border-bottom: 0; -webkit-appearance: none; -webkit-border-radius: 0 }\n        .s_btn:hover {background: #317ef3; border-bottom: 1px solid #2868c8; *border-bottom: 0; box-shadow: 1px 1px 1px #ccc }\n        .s_btn:active {background: #3075dc; box-shadow: inset 1px 1px 3px #2964bb; -webkit-box-shadow: inset 1px 1px 3px #2964bb; -moz-box-shadow: inset 1px 1px 3px #2964bb; -o-box-shadow: inset 1px 1px 3px #2964bb }\n        #lg {display: none }\n        #head .headBlock {margin: -5px 0 6px 121px }\n        #content_left .leftBlock {margin-bottom: 14px; padding-bottom: 5px; border-bottom: 1px solid #f3f3f3 }\n        .s_ipt_wr {border: 1px solid #b6b6b6; border-color: #7b7b7b #b6b6b6 #b6b6b6 #7b7b7b; background: #fff; display: inline-block; vertical-align: top; width: 539px; margin-right: 0; border-right-width: 0; border-color: #b8b8b8 transparent #ccc #b8b8b8; overflow: hidden }\n        .s_ipt_wr.ip_short {width: 439px; }\n        .s_ipt_wr:hover, .s_ipt_wr.ipthover {border-color: #999 transparent #b3b3b3 #999 }\n        .s_ipt_wr.iptfocus {border-color: #4791ff transparent #4791ff #4791ff }\n        .s_ipt_tip {color: #aaa; position: absolute; z-index: -10; font: 16px/22px arial; height: 32px; line-height: 32px; padding-left: 7px; overflow: hidden; width: 526px }\n        .s_ipt {width: 526px; height: 22px; font: 16px/18px arial; line-height: 22px\\9; margin: 6px 0 0 7px; padding: 0; background: transparent; border: 0; outline: 0; -webkit-appearance: none }\n        #kw {position: relative;display: inline-block;}\n        input::-ms-clear {display: none }\n        /*Error page css*/\n        .norsSuggest {display: inline-block; color: #333; font-family: arial; font-size: 13px; position: relative; } \n        .norsTitle {font-size: 22px; font-family: Microsoft Yahei; font-weight: normal; color: #333; margin: 35px 0 25px 0; }\n        .norsTitle2 {font-family: arial; font-size: 13px; color: #666; }\n        .norsSuggest ol {margin-left: 47px; }\n        .norsSuggest li {margin: 13px 0; }\n        #content_right {\n    border-left: 1px solid #e1e1e1;\n    width: 384px;\n    margin-top: 25px;\n    float: right;\n    padding-left: 17px;\n}\n#wrapper_wrapper {\n    width: 1212px;\n}\n.cr-content {\n    width: 351px;\n    font-size: 13px;\n    line-height: 1.54em;\n    color: #333;\n    margin-top: 6px;\n    margin-bottom: 28px;\n    word-wrap: break-word;\n    word-break: normal;\n}\n@media screen and (max-width: 1217px) {\n    #wrapper_wrapper {\n        width: 1002px;\n    }\n    #wrapper_wrapper #content_right {\n        width: 271px;\n    }\n    #wrapper_wrapper .cr-content {\n        width: 259px;\n    }\n}\n.opr-toplist-title {\n    position: relative;\n    font-size: 14px;\n    line-height: 1.29em;\n    font-weight: 700;\n    margin-bottom: 10px;\n}\n.opr-toplist-table {\n    width: 100%;\n    border-collapse: collapse;\n    border-spacing: 0;\n    font-size: 13px;\n}\n.opr-toplist-table th,td {\n    line-height: 1.54;\n    border-bottom: 1px solid #f3f3f3;\n    text-align: left;\n}\n.opr-toplist-table thead th {\n    padding-top: 4px;\n    padding-bottom: 4px;\n    font-weight: 400;\n    color: #666;\n    white-space: nowrap;\n    background-color: #fafafa;  \n}\n.opr-toplist-table .opr-toplist-right {\n    text-align: right;\n    white-space: nowrap;\n}\n.opr-toplist-table td {\n    width: 100%;\n    font-size: 13px;\n    padding-top: 6.5px;\n    padding-bottom: 6.5px;\n    vertical-align: top;\n}\n.opr-toplist-table a:hover {\n    text-decoration: underline;\n}\n.opr-index-item {\n    display: inline-block;\n    padding:1px 0;\n    color: #fff;\n    width: 14px;\n    line-height: 100%;\n    font-size: 12px;\n    text-align: center;\n    background-color: #8eb9f5;\n    margin-right: 5px;\n}\n.opr-index-hot1 {\n    background-color: #f54545;\n}\n\n.opr-index-hot2 {\n    background-color: #ff8547;\n}\n.opr-index-hot3 {\n    background-color: #ffac38;\n}\n.opr-item-text {\n    text-decoration: none;  \n}\n.opr-toplist-info {\n    color: #666;\n    text-align: right;\n    margin-top: 5px;\n}\n.opr-toplist-info&gt;a {\n    color: #666;\n}\n    </style>\n  </head>\n  <body link=\"#0000cc\">\n    <div class=\"wrapper_l\" id=\"wrapper\">\n      <div id=\"head\">\n        <div class=\"head_wrapper\">\n          <div class=\"s_form\">\n            <div class=\"s_form_wrapper\">\n              <a shape=\"rect\" id=\"result_logo\" href=\"//www.baidu.com/\">\n                <img src=\"//www.baidu.com/img/baidu_jgylogo3.gif\" alt=\"到百度首页\" title=\"到百度首页\"/>\n              </a>\n              <form enctype=\"application/x-www-form-urlencoded\" method=\"get\" class=\"fm\" id=\"form\" name=\"f\" action=\"//www.baidu.com/s\">\n                <input type=\"hidden\" name=\"ie\" value=\"utf-8\"/>\n                <input type=\"hidden\" name=\"f\" value=\"8\"/>\n                <input type=\"hidden\" name=\"rsv_bp\" value=\"1\"/>\n                <input type=\"hidden\" name=\"ch\" value=\"\"/>\n                <input type=\"hidden\" name=\"tn\" value=\"baiduerr\"/>\n                <input type=\"hidden\" name=\"bar\" value=\"\"/>\n                <span class=\"bg s_ipt_wr iptfocus\">\n                  <input maxlength=\"255\" type=\"text\" class=\"s_ipt\" id=\"kw\" name=\"wd\" value=\"\" autocomplete=\"off\" autofocus=\"autofocus\"/>\n                </span>\n                <span class=\"bg s_btn_wr\">\n                  <input type=\"submit\" class=\"bg s_btn\" id=\"su\" value=\"百度一下\"/>\n                </span>\n              </form>\n            </div>\n          </div>\n        </div>\n      </div>\n      <div class=\"s_tab\" id=\"s_tab\">\n        <b>网页</b>\n        <a shape=\"rect\" href=\"http://tieba.baidu.com/f?kw=&amp;fr=wwwt\" wdfield=\"kw\">贴吧</a>\n        <a shape=\"rect\" href=\"http://zhidao.baidu.com/q?ct=17&amp;pn=0&amp;tn=ikaslist&amp;rn=10&amp;word=&amp;fr=wwwt\" wdfield=\"word\">知道</a>\n        <a shape=\"rect\" href=\"http://music.baidu.com/search?fr=ps&amp;ie=utf-8&amp;key=\" wdfield=\"key\">音乐</a>\n        <a shape=\"rect\" href=\"http://image.baidu.com/i?tn=baiduimage&amp;ps=1&amp;ct=201326592&amp;lm=-1&amp;cl=2&amp;nc=1&amp;ie=utf-8&amp;word=\" wdfield=\"word\">图片</a>\n        <a shape=\"rect\" href=\"http://v.baidu.com/v?ct=301989888&amp;rn=20&amp;pn=0&amp;db=0&amp;s=25&amp;ie=utf-8&amp;word=\" wdfield=\"word\">视频</a>\n        <a shape=\"rect\" href=\"http://map.baidu.com/m?word=&amp;fr=ps01000\" wdfield=\"word\">地图</a>\n        <a shape=\"rect\" href=\"http://wenku.baidu.com/search?word=&amp;lm=0&amp;od=0&amp;ie=utf-8\" wdfield=\"word\">文库</a>\n        <a shape=\"rect\" href=\"//www.baidu.com/more/\">更多»</a>\n      </div>\n      <div id=\"wrapper_wrapper\">\n        <div id=\"content_left\">\n          <div class=\"nors\">\n            <div class=\"norsSuggest\">\n              <h3 class=\"norsTitle\">很抱歉，您要访问的页面不存在！</h3>\n              <p class=\"norsTitle2\">温馨提示：</p>\n              <ol>\n                <li>请检查您访问的网址是否正确</li>\n                <li>\n如果您不能确认访问的网址，请浏览                  <a shape=\"rect\" href=\"//www.baidu.com/more/index.html\">百度更多</a>\n页面查看更多网址。                </li>\n                <li>回到顶部重新发起搜索</li>\n                <li>\n如有任何意见或建议，请及时                  <a shape=\"rect\" href=\"http://qingting.baidu.com/index\">反馈给我们</a>\n。                </li>\n              </ol>\n            </div>\n          </div>\n        </div>\n      </div>\n      <div id=\"foot\">\n        <span id=\"help\" style=\"float:left;padding-left:121px\">\n          <a shape=\"rect\" href=\"http://help.baidu.com/question\" target=\"_blank\">帮助</a>\n          <a shape=\"rect\" href=\"http://www.baidu.com/search/jubao.html\" target=\"_blank\">举报</a>\n          <a shape=\"rect\" href=\"http://jianyi.baidu.com\" target=\"_blank\">给百度提建议</a>\n        </span>\n      </div>\n    </div>\n  </body>\n  <script>\n(function () {\n        var LOGURL = \'https://sp1.baidu.com/5b1ZeDe5KgQFm2e88IuM_a/cm.gif\';\n        var params = \'type=wwwerror&amp;terminal=www\';\n        var img = new Image();\n        img.src = LOGURL + \'?\' + params;\n    })();\n    (function () {\n        if(window.recommend &amp;&amp; window.recommend.query &amp;&amp; window.recommend.query.length &gt; 0) {\n            var recommendWrapper = document.createElement(\'div\');\n            var recommendHtml = \'&lt;div class=\"cr-content\"&gt;&lt;div class=\"opr-toplist-title\"&gt;\' + window.recommend.title + \'&lt;/div&gt;&lt;table class=\"opr-toplist-table\"&gt;&lt;thead&gt;&lt;tr&gt;&lt;th&gt;排名&lt;/th&gt;&lt;/tr&gt;&lt;/thead&gt;\';\n            var queryArray = window.recommend.query;\n            var itemUrl = \'\';\n            for(var i = 1; i &lt; (queryArray.length+1); i++) {\n                itemUrl = \'//www.baidu.com/s?word=\' + encodeURIComponent(queryArray[i-1].word) + \'&amp;sa=\' + queryArray[i-1].sa + \'&amp;tn=\' + queryArray[i-1].tn;\n                if (queryArray[i-1].rsv_dl) {\n                    itemUrl += \"&amp;rsv_dl=\" + queryArray[i-1].rsv_dl;\n                }\n                \n                if (i &lt; 4) {\n                    recommendHtml += \'&lt;tr&gt;&lt;td&gt;&lt;span class=\"opr-index-hot\' + i + \' opr-index-item\"&gt;\' + i + \'&lt;/span&gt;&lt;a target=\"_blank\" href=\"\' + itemUrl +\'\" class=\"opr-item-text\"&gt;\' + queryArray[i-1].word + \'&lt;/a&gt;&lt;/td&gt;&lt;/tr&gt;\';\n                } else {\n                    recommendHtml += \'&lt;tr&gt;&lt;td&gt;&lt;span class=\"opr-index-item\"&gt;\' + i + \'&lt;/span&gt;&lt;a target=\"_blank\" href=\"\' + itemUrl +\'\" class=\"opr-item-text\"&gt;\' + queryArray[i-1].word + \'&lt;/a&gt;&lt;/td&gt;&lt;/tr&gt;\';\n                }\n            }\n            recommendHtml += \'&lt;/tbody&gt;&lt;/table&gt;&lt;div class=\"opr-toplist-info\"&gt;&lt;span&gt;来源：&lt;/span&gt;&lt;a target=\"_blank\" href=\"http://www.baidu.com/link?url=sLR63PtaB7kc3YkTtzDy1k3mbTm1DXDMu-nLcijZx8DmWgOff4lBxqmY-LGDyHqw\"&gt;百度风云榜&lt;/a&gt;&lt;span&gt;&amp;nbsp;-&amp;nbsp;&lt;/span&gt;&lt;a target=\"_blank\" href=\"http://www.baidu.com/link?url=01vNBVXR2eaJxETl9PI3hcrvKCcwaJIKk5FkpO7l5YI_Q_pC24ogIBoZxI0LAu5oYpAdhRH42nzxAqfui0YnHK\"&gt;实时热点&lt;/a&gt;&lt;/div&gt;&lt;/div&gt;\';\n            recommendWrapper.setAttribute(\'id\', \'content_right\');\n            document.getElementById(\'wrapper_wrapper\').insertBefore(recommendWrapper, document.getElementById(\'content_left\'));\n            var recommend = document.getElementById(\'content_right\');\n            recommend.innerHTML = recommendHtml;\n        }\n})();\n(function(){\n    var bds = {\n        util: {}\n    };\n    var c = document.getElementById(\'kw\').parentNode;\n\n    bds.util.getWinWidth = function(){\n        return window.document.documentElement.clientWidth;\n    };\n\n    bds.util.setFormWidth = function(){\n        var width = bds.util.getWinWidth();\n        if(width &lt; 1217)    {bds.util.setClass(c, \'ip_short\', \'add\')}\n        else                {bds.util.setClass(c, \'ip_short\', \'remove\')};\n    };\n\n    bds.util.setClass = function(obj, class_name, set) {\n        var ori_class = obj.className,\n            has_class_p = -1,\n            ori_class_arr = [],\n            new_class = \'\';\n\n        if(ori_class.length) ori_class_arr = ori_class.split(\' \');\n\n        for( i in ori_class_arr) {\n            if(ori_class_arr[i] == class_name) has_class_p = i;\n        }\n\n        if( set == \'remove\' &amp;&amp; has_class_p &gt;= 0) {\n            ori_class_arr.splice(has_class_p, 1);\n            new_class = ori_class_arr.join(\' \');\n            obj.className = new_class;\n        } else if( set == \'add\' &amp;&amp; has_class_p &lt; 0) {\n            ori_class_arr.push(class_name);\n            new_class = ori_class_arr.join(\' \');\n            obj.className = new_class;\n        }\n    }\n    bds.util.setFormWidth();\n\n    if (typeof document.addEventListener != \"undefined\") {\n        window.addEventListener(\'resize\', bds.util.setFormWidth, false);\n        document.getElementById(\'kw\').addEventListener(\'focus\', function(){bds.util.setClass(c,\'iptfocus\', \'add\');}, false);\n        document.getElementById(\'kw\').addEventListener(\'blur\', function(){bds.util.setClass(c,\'iptfocus\', \'remove\');}, false);\n    } else {\n        window.attachEvent(\'onresize\', bds.util.setFormWidth, false);\n        document.getElementById(\'kw\').attachEvent(\'onfocus\', function(){bds.util.setClass(c,\'iptfocus\', \'add\');}, false);\n        document.getElementById(\'kw\').attachEvent(\'onblur\', function(){bds.util.setClass(c,\'iptfocus\', \'remove\');}, false);\n    } \n\n})();\n\n\n</script>\n</html>',15852,'[{\"key\":\"Accept-Ranges\",\"value\":\"bytes\"},{\"key\":\"Cache-Control\",\"value\":\"max-age=86400\"},{\"key\":\"Content-Encoding\",\"value\":\"gzip\"},{\"key\":\"Content-Length\",\"value\":\"4863\"},{\"key\":\"Content-Type\",\"value\":\"text/html\"},{\"key\":\"Date\",\"value\":\"Wed, 11 Mar 2020 03:31:13 GMT\"},{\"key\":\"Etag\",\"value\":\"\\\"3dec-57b3a9a43af80\\\"\"},{\"key\":\"Expires\",\"value\":\"Thu, 12 Mar 2020 03:31:13 GMT\"},{\"key\":\"Last-Modified\",\"value\":\"Thu, 22 Nov 2018 06:01:50 GMT\"},{\"key\":\"P3p\",\"value\":\"CP=\\\" OTI DSP COR IVA OUR IND COM \\\"\"},{\"key\":\"Server\",\"value\":\"Apache\"},{\"key\":\"Set-Cookie\",\"value\":\"BAIDUID=1D8FA25CED8B94EDC0D7D85B4949ACFE:FG=1; expires=Thu, 11-Mar-21 03:31:13 GMT; max-age=31536000; path=/; domain=.baidu.com; version=1\"},{\"key\":\"Vary\",\"value\":\"Accept-Encoding,User-Agent\"}]','[]','[]',136,NULL,'2020-03-11 11:31:12.905');

/*Table structure for table `t_api_suite` */

DROP TABLE IF EXISTS `t_api_suite`;

CREATE TABLE `t_api_suite` (
  `id` bigint(11) NOT NULL AUTO_INCREMENT COMMENT 'id',
  `name` varchar(100) NOT NULL DEFAULT '' COMMENT '接口名称',
  `project_id` bigint(11) NOT NULL DEFAULT '0' COMMENT '项目id',
  `remark` text,
  `create_by` varchar(50) DEFAULT 'system' COMMENT 'createBy',
  `create_time` timestamp NOT NULL DEFAULT CURRENT_TIMESTAMP COMMENT 'createTime',
  `update_by` varchar(50) DEFAULT 'system' COMMENT 'updateBy',
  `update_time` timestamp NULL DEFAULT CURRENT_TIMESTAMP ON UPDATE CURRENT_TIMESTAMP COMMENT 'updateTime',
  PRIMARY KEY (`id`),
  KEY `project_id` (`project_id`)
) ENGINE=InnoDB AUTO_INCREMENT=33 DEFAULT CHARSET=utf8mb4 COMMENT='ui自动化测试计划日志';

/*Data for the table `t_api_suite` */

insert  into `t_api_suite`(`id`,`name`,`project_id`,`remark`,`create_by`,`create_time`,`update_by`,`update_time`) values (1,'公共分类',1,'你好',NULL,'2019-12-30 11:02:49','admin',NULL),(32,'你好',1,'1','admin','2020-03-19 19:53:24','admin','2020-03-19 19:53:24');

/*Table structure for table `t_client` */

DROP TABLE IF EXISTS `t_client`;

CREATE TABLE `t_client` (
  `id` bigint(11) NOT NULL AUTO_INCREMENT COMMENT 'id',
  `name` varchar(50) NOT NULL DEFAULT '' COMMENT '客户端名称',
  `project_ids` varchar(100) NOT NULL DEFAULT '' COMMENT '所属项目',
  `client_ip` varchar(50) NOT NULL DEFAULT '' COMMENT '客户端ip',
  `client_port` int(11) NOT NULL DEFAULT '-1' COMMENT '客户端端口',
  `is_enable` int(11) DEFAULT '1' COMMENT '1：有效',
  `status` int(11) DEFAULT '1' COMMENT '客户端状态 1 正常 2 链接失败 3 状态未知',
  `java_version` varchar(128) DEFAULT '' COMMENT 'java版本',
  `jmeter_version` varchar(128) DEFAULT '' COMMENT 'jmeter版本',
  `appium_version` varchar(128) DEFAULT '' COMMENT 'appium版本',
  `os_name` varchar(50) DEFAULT '' COMMENT '操作系统',
  `remark` varchar(50) DEFAULT '' COMMENT '备注',
  `create_by` varchar(50) DEFAULT '' COMMENT 'createBy',
  `create_time` timestamp NULL DEFAULT CURRENT_TIMESTAMP COMMENT 'createTime',
  `update_by` varchar(50) DEFAULT '' COMMENT 'updateBy',
  `update_time` timestamp NULL DEFAULT CURRENT_TIMESTAMP ON UPDATE CURRENT_TIMESTAMP COMMENT 'updateTime',
  PRIMARY KEY (`id`)
) ENGINE=InnoDB AUTO_INCREMENT=23 DEFAULT CHARSET=utf8mb4 COMMENT='t_client';

/*Data for the table `t_client` */

insert  into `t_client`(`id`,`name`,`project_ids`,`client_ip`,`client_port`,`is_enable`,`status`,`java_version`,`jmeter_version`,`appium_version`,`os_name`,`remark`,`create_by`,`create_time`,`update_by`,`update_time`) values (14,'127.0.0.1:8879','1','127.0.0.1',8879,1,2,'1.8.0_161','5.1.1','1.16.0','Windows 10','本地调试','','2019-11-12 10:41:05','admin','2020-03-25 17:10:07'),(22,'127.0.0.1:8999','','127.0.0.1',8999,1,2,'1.8.0_161','5.1.1','1.16.0','Windows 10','','','2020-03-02 16:28:13','','2020-03-25 18:05:55');

/*Table structure for table `t_custom_action` */

DROP TABLE IF EXISTS `t_custom_action`;

CREATE TABLE `t_custom_action` (
  `id` bigint(11) NOT NULL AUTO_INCREMENT COMMENT 'id',
  `project_id` bigint(11) NOT NULL DEFAULT '0' COMMENT '项目id',
  `dict_value_id` int(2) DEFAULT '0' COMMENT '字典id',
  `dict_value_key` text COMMENT '字典key',
  `dict_value_name` varchar(100) DEFAULT '' COMMENT '字典name',
  `dict_value_remark` text COMMENT '字典描述',
  `code` text COMMENT '脚本内容',
  `type` int(2) DEFAULT '1' COMMENT '类型 1：ui',
  `create_by` varchar(50) DEFAULT 'system' COMMENT 'createBy',
  `create_time` timestamp NOT NULL DEFAULT CURRENT_TIMESTAMP COMMENT 'createTime',
  `update_by` varchar(50) DEFAULT 'system' COMMENT 'update_by',
  `update_time` timestamp NULL DEFAULT CURRENT_TIMESTAMP COMMENT 'update_time',
  PRIMARY KEY (`id`)
) ENGINE=InnoDB AUTO_INCREMENT=29 DEFAULT CHARSET=utf8mb4 COMMENT='ui自动化测试计划日志';

/*Data for the table `t_custom_action` */

insert  into `t_custom_action`(`id`,`project_id`,`dict_value_id`,`dict_value_key`,`dict_value_name`,`dict_value_remark`,`code`,`type`,`create_by`,`create_time`,`update_by`,`update_time`) values (28,1,0,'<?xml version=\"1.0\" encoding=\"utf-8\"?>\n\n<jmeterTestPlan version=\"1.2\" properties=\"4.0\" jmeter=\"5.0 r1823414\"> \n测试中文，我发现中文也没问题，搞定算法\n</jmeterTestPlan>\n','result - 副本3.csv,',NULL,NULL,214124,'system','2019-09-27 10:29:36','admin','2019-09-27 10:29:36');

/*Table structure for table `t_env` */

DROP TABLE IF EXISTS `t_env`;

CREATE TABLE `t_env` (
  `id` bigint(11) NOT NULL AUTO_INCREMENT,
  `name` varchar(100) NOT NULL COMMENT '环境名字',
  `remark` varchar(512) DEFAULT NULL,
  `project_id` bigint(11) NOT NULL DEFAULT '0' COMMENT '所属项目的id',
  `create_by` varchar(32) DEFAULT 'system' COMMENT '创建人',
  `create_time` timestamp NOT NULL DEFAULT CURRENT_TIMESTAMP COMMENT '创建时间',
  PRIMARY KEY (`id`),
  KEY `project_id` (`project_id`)
) ENGINE=InnoDB AUTO_INCREMENT=3 DEFAULT CHARSET=utf8mb4 COMMENT='分类表';

/*Data for the table `t_env` */

insert  into `t_env`(`id`,`name`,`remark`,`project_id`,`create_by`,`create_time`) values (1,'sit环境','备注',1,NULL,'2020-02-01 10:12:12'),(2,'beta环境',NULL,1,'admin','2020-02-09 15:56:02');

/*Table structure for table `t_file_info` */

DROP TABLE IF EXISTS `t_file_info`;

CREATE TABLE `t_file_info` (
  `id` bigint(11) NOT NULL AUTO_INCREMENT,
  `name` varchar(128) DEFAULT '',
  `project_id` bigint(11) DEFAULT '0',
  `md5` varchar(32) NOT NULL DEFAULT '' COMMENT '文件md5',
  `content_type` varchar(128) NOT NULL DEFAULT '',
  `size` bigint(11) NOT NULL DEFAULT '0',
  `source_id` bigint(11) NOT NULL DEFAULT '0',
  `source_type` int(2) NOT NULL DEFAULT '0' COMMENT '1、ui  2、接口 3、接口用例 4、接口用例步骤',
  `path` varchar(255) NOT NULL DEFAULT '' COMMENT '物理路径',
  `type` int(1) NOT NULL DEFAULT '0' COMMENT '0 非图片 1图片',
  `create_by` varchar(50) DEFAULT 'system',
  `create_time` timestamp NULL DEFAULT CURRENT_TIMESTAMP,
  `update_by` varchar(50) DEFAULT 'system',
  `update_time` timestamp NULL DEFAULT CURRENT_TIMESTAMP,
  PRIMARY KEY (`id`)
) ENGINE=InnoDB AUTO_INCREMENT=15 DEFAULT CHARSET=utf8mb4;

/*Data for the table `t_file_info` */

insert  into `t_file_info`(`id`,`name`,`project_id`,`md5`,`content_type`,`size`,`source_id`,`source_type`,`path`,`type`,`create_by`,`create_time`,`update_by`,`update_time`) values (14,'测试文件',1,'ff9a2dc8d68f62947c7e2d5291fe6e74','application/vnd.openxmlformats-officedocument.spreadsheetml.sheet',11194,12,1,'2019\\12\\25\\测试文件.xlsx',0,'admin',NULL,'admin',NULL);

/*Table structure for table `t_flag` */

DROP TABLE IF EXISTS `t_flag`;

CREATE TABLE `t_flag` (
  `id` bigint(11) NOT NULL AUTO_INCREMENT,
  `name` varchar(100) NOT NULL COMMENT 'flag名字',
  `type` int(4) NOT NULL COMMENT '类型：1.接口用例,2.api用例集，3.web用例',
  `remark` varchar(512) DEFAULT NULL,
  `project_id` bigint(11) NOT NULL DEFAULT '0' COMMENT '所属项目的id',
  `is_valid` int(2) DEFAULT '1' COMMENT '1启用，0禁用',
  `create_by` varchar(32) DEFAULT 'system' COMMENT '创建人',
  `create_time` timestamp NULL DEFAULT CURRENT_TIMESTAMP COMMENT '创建时间',
  PRIMARY KEY (`id`) USING BTREE,
  KEY `type` (`type`),
  KEY `project_id` (`project_id`)
) ENGINE=InnoDB AUTO_INCREMENT=10 DEFAULT CHARSET=utf8mb4 COMMENT='分类表';

/*Data for the table `t_flag` */

insert  into `t_flag`(`id`,`name`,`type`,`remark`,`project_id`,`is_valid`,`create_by`,`create_time`) values (1,'订单',1,'备注',1,1,NULL,NULL),(4,'测试',1,NULL,1,1,'admin','2020-02-20 14:22:56'),(5,'新建一个标签',1,NULL,1,1,'admin','2020-02-20 14:34:53'),(9,'新的模块',1,NULL,1,1,'admin','2020-03-19 18:03:50');

/*Table structure for table `t_global_param` */

DROP TABLE IF EXISTS `t_global_param`;

CREATE TABLE `t_global_param` (
  `id` bigint(11) NOT NULL AUTO_INCREMENT COMMENT 'id',
  `param_name` varchar(50) NOT NULL DEFAULT '' COMMENT '参数名称',
  `project_id` bigint(11) DEFAULT '-1',
  `param_type` int(2) NOT NULL DEFAULT '1' COMMENT '参数类型：1、字符串 2、数值 3、数据库 4、布尔 5、函数',
  `param_value` varchar(512) DEFAULT '' COMMENT '参数值',
  `env_vars` text COMMENT '环境变量',
  `type` int(2) NOT NULL DEFAULT '1' COMMENT '类型：1、ui自动化  2、接口自动化 、3 、app自动化',
  `remark` varchar(50) DEFAULT '' COMMENT '备注',
  `create_by` varchar(50) DEFAULT '' COMMENT 'createBy',
  `create_time` timestamp NOT NULL DEFAULT CURRENT_TIMESTAMP COMMENT 'createTime',
  `update_by` varchar(50) DEFAULT '' COMMENT 'updateBy',
  `update_time` timestamp NULL DEFAULT CURRENT_TIMESTAMP ON UPDATE CURRENT_TIMESTAMP COMMENT 'updateTime',
  PRIMARY KEY (`id`)
) ENGINE=InnoDB AUTO_INCREMENT=13 DEFAULT CHARSET=utf8mb4 COMMENT='t_client';

/*Data for the table `t_global_param` */

insert  into `t_global_param`(`id`,`param_name`,`project_id`,`param_type`,`param_value`,`env_vars`,`type`,`remark`,`create_by`,`create_time`,`update_by`,`update_time`) values (1,'test',1,1,'一个字符串','[{\"envId\":1,\"value\":\"55555\"}]',1,'备注',NULL,'2020-02-04 10:35:06','admin',NULL),(3,'名称',1,2,'12341243',NULL,1,'备注11',NULL,'2019-09-11 16:30:34','admin',NULL),(4,'一个布尔值',1,3,'true',NULL,1,'发阿发',NULL,'2020-02-03 17:15:28','admin',NULL),(10,'domain',1,1,'http://www.baidu.com','[]',1,'',NULL,'2020-02-05 20:09:45','admin',NULL),(12,'domain',1,1,'http://www.baidu.com','[{\"envId\":1,\"value\":\"http://www.rabbittest.xyz\"},{\"envId\":2,\"value\":\"http://www.baidu.com\"}]',2,'',NULL,'2020-02-09 16:00:55','admin',NULL);

/*Table structure for table `t_jmeter_exc_detail` */

DROP TABLE IF EXISTS `t_jmeter_exc_detail`;

CREATE TABLE `t_jmeter_exc_detail` (
  `id` bigint(11) NOT NULL AUTO_INCREMENT COMMENT 'id',
  `name` varchar(100) NOT NULL DEFAULT '' COMMENT '接口名称',
  `task_id` bigint(11) DEFAULT NULL COMMENT '任务id',
  `jmeter_id` bigint(11) DEFAULT NULL COMMENT 'jmeter脚本id',
  `type` int(2) DEFAULT NULL COMMENT '1、debug 2、任务执行',
  `meta_validation` text,
  `meta_url` varchar(100) DEFAULT NULL COMMENT '请求url',
  `meta_request_headers` text COMMENT '请求头',
  `meta_request_body` text COMMENT '请求体',
  `meta_request_at` timestamp NULL DEFAULT CURRENT_TIMESTAMP COMMENT '请求时间',
  `meta_cookies` text COMMENT 'cookies',
  `meta_method` varchar(50) DEFAULT NULL COMMENT '请求方式',
  `meta_status_code` varchar(100) DEFAULT NULL COMMENT '响应码',
  `meta_response_headers` text COMMENT '响应头',
  `meta_response_body` text COMMENT '响应体',
  `meta_response_time` bigint(20) DEFAULT NULL COMMENT '耗时，毫秒',
  `meta_extracted_vars` text COMMENT '外部变量',
  `attachment` varchar(100) DEFAULT '' COMMENT '附件',
  `status` int(11) DEFAULT '0' COMMENT '状态 0 成功 1 失败',
  `remark` varchar(50) DEFAULT '' COMMENT '备注',
  `create_by` varchar(50) DEFAULT 'system' COMMENT 'createBy',
  `create_time` timestamp NOT NULL DEFAULT CURRENT_TIMESTAMP COMMENT 'createTime',
  PRIMARY KEY (`id`)
) ENGINE=InnoDB DEFAULT CHARSET=utf8mb4 COMMENT='ui自动化测试计划日志';

/*Data for the table `t_jmeter_exc_detail` */

/*Table structure for table `t_jmeter_script` */

DROP TABLE IF EXISTS `t_jmeter_script`;

CREATE TABLE `t_jmeter_script` (
  `id` bigint(11) NOT NULL AUTO_INCREMENT COMMENT 'id',
  `name` varchar(100) NOT NULL DEFAULT '' COMMENT 'job名称',
  `project_id` bigint(11) NOT NULL DEFAULT '0' COMMENT '项目id',
  `type` int(2) DEFAULT '0' COMMENT '类型 0公共脚本  1业务流脚本',
  `script_content` text COMMENT '脚本内容',
  `data_path` varchar(100) DEFAULT '' COMMENT '数据路径',
  `script_path` varchar(100) DEFAULT '' COMMENT '脚本路径',
  `remark` varchar(50) DEFAULT '' COMMENT '备注',
  `create_by` varchar(50) DEFAULT 'system' COMMENT 'createBy',
  `create_time` timestamp NOT NULL DEFAULT CURRENT_TIMESTAMP COMMENT 'createTime',
  `update_by` varchar(50) DEFAULT 'system' COMMENT 'update_by',
  `update_time` timestamp NULL DEFAULT CURRENT_TIMESTAMP COMMENT 'update_time',
  `debug_status` int(2) DEFAULT '0' COMMENT '状态 0初始状态 1调试中 2成功 3失败',
  `debug_start_time` timestamp NULL DEFAULT NULL COMMENT 'debug开始时间',
  `debug_end_time` timestamp NULL DEFAULT NULL COMMENT 'debug结束时间',
  `debug_by` varchar(50) DEFAULT 'system' COMMENT 'debug_by',
  `debug_success` int(11) DEFAULT '0' COMMENT 'debug成功数',
  `debug_total` int(11) DEFAULT '0' COMMENT 'debug总数',
  `debug_fail` int(11) DEFAULT '0' COMMENT 'debug失败数',
  `debug_duration` bigint(20) DEFAULT '0' COMMENT 'debug耗时，毫秒',
  PRIMARY KEY (`id`)
) ENGINE=InnoDB AUTO_INCREMENT=29 DEFAULT CHARSET=utf8mb4 COMMENT='ui自动化测试计划日志';

/*Data for the table `t_jmeter_script` */

insert  into `t_jmeter_script`(`id`,`name`,`project_id`,`type`,`script_content`,`data_path`,`script_path`,`remark`,`create_by`,`create_time`,`update_by`,`update_time`,`debug_status`,`debug_start_time`,`debug_end_time`,`debug_by`,`debug_success`,`debug_total`,`debug_fail`,`debug_duration`) values (28,'test11123',1,0,'<?xml version=\"1.0\" encoding=\"utf-8\"?>\n\n<jmeterTestPlan version=\"1.2\" properties=\"4.0\" jmeter=\"5.0 r1823414\"> \n测试中文，我发现中文也没问题，搞定\n</jmeterTestPlan>\n','result - 副本3.csv,','9999ba15c01b454ca639bbfb5e5a5c4f.zip','214124','system','2019-09-27 10:29:36','admin','2019-09-27 10:29:36',0,NULL,NULL,'system',0,0,0,0);

/*Table structure for table `t_page_element` */

DROP TABLE IF EXISTS `t_page_element`;

CREATE TABLE `t_page_element` (
  `id` bigint(11) NOT NULL AUTO_INCREMENT COMMENT 'id',
  `page_id` bigint(11) DEFAULT NULL,
  `element_name` varchar(50) NOT NULL DEFAULT '' COMMENT '元素名称',
  `by_type` varchar(20) NOT NULL DEFAULT '' COMMENT '定位方式',
  `by_value` varchar(512) DEFAULT '' COMMENT '定位值',
  `is_enable` int(11) DEFAULT '1' COMMENT '1：有效',
  `remark` text COMMENT '备注',
  `create_by` varchar(50) DEFAULT '' COMMENT 'createBy',
  `create_time` timestamp NOT NULL DEFAULT CURRENT_TIMESTAMP COMMENT 'createTime',
  `update_by` varchar(50) DEFAULT '' COMMENT 'updateBy',
  `update_time` timestamp NULL DEFAULT CURRENT_TIMESTAMP ON UPDATE CURRENT_TIMESTAMP COMMENT 'updateTime',
  PRIMARY KEY (`id`)
) ENGINE=InnoDB AUTO_INCREMENT=28 DEFAULT CHARSET=utf8mb4 COMMENT='t_client';

/*Data for the table `t_page_element` */

insert  into `t_page_element`(`id`,`page_id`,`element_name`,`by_type`,`by_value`,`is_enable`,`remark`,`create_by`,`create_time`,`update_by`,`update_time`) values (6,4,'用户名','id','id',1,'','admin','2019-05-29 09:54:18','admin','2019-06-02 14:44:09'),(7,4,'密码','id','password',1,'','admin','2019-05-29 09:55:29','admin','2019-06-02 14:44:10'),(8,4,'登录按钮','id','login-btn',1,'','admin','2019-05-29 09:56:33','admin','2019-06-02 14:44:12'),(10,6,'用户名','id','id',1,'我来备注一下',NULL,'2019-06-04 17:00:57','admin',NULL),(11,6,'密码','id','account',1,'','admin','2019-06-04 17:03:19','admin','2019-06-04 17:03:19'),(12,7,'百度关键字输入框','id','kw',1,'','admin','2019-06-11 11:35:21','admin','2019-06-11 11:35:21'),(13,7,'百度搜索按钮','id','su',1,'','admin','2019-06-11 11:35:52','admin','2019-06-11 11:35:52'),(14,7,'首页tile新闻链接','name','tj_trnews',1,'','admin','2019-12-02 15:53:18','admin','2019-12-02 15:53:18'),(23,7,'百度关键字输入框css','cssSelector','#kw',1,NULL,NULL,'2020-01-06 16:36:23','admin',NULL),(24,8,'用户名','name','username',1,NULL,'admin','2020-03-25 13:37:19','admin','2020-03-25 13:37:19'),(25,8,'密码','name','password',1,NULL,'admin','2020-03-25 13:37:35','admin','2020-03-25 13:37:35'),(26,8,'登录按钮','cssSelector','#app > div > div.login-container > form > button',1,NULL,'admin','2020-03-25 13:38:16','admin','2020-03-25 13:38:16'),(27,9,'单选下拉','cssSelector','#app > div > div.main-container.hasTagsView > section > div > div > div.el-card__header > div > form > div:nth-child(3) > div > div',1,NULL,'admin','2020-03-25 14:23:39','admin','2020-03-25 14:23:39');

/*Table structure for table `t_plan_business_ui` */

DROP TABLE IF EXISTS `t_plan_business_ui`;

CREATE TABLE `t_plan_business_ui` (
  `id` bigint(11) NOT NULL AUTO_INCREMENT,
  `job_id` bigint(11) DEFAULT NULL,
  `business_id` bigint(11) DEFAULT NULL,
  `sort` int(11) NOT NULL DEFAULT '0',
  `is_valid` int(4) DEFAULT '1' COMMENT '1:有效，2：无效',
  PRIMARY KEY (`id`)
) ENGINE=InnoDB AUTO_INCREMENT=53 DEFAULT CHARSET=utf8;

/*Data for the table `t_plan_business_ui` */

insert  into `t_plan_business_ui`(`id`,`job_id`,`business_id`,`sort`,`is_valid`) values (50,107,1,1,0),(51,107,4,1,1),(52,107,4,0,0);

/*Table structure for table `t_plan_suite_api` */

DROP TABLE IF EXISTS `t_plan_suite_api`;

CREATE TABLE `t_plan_suite_api` (
  `id` bigint(11) NOT NULL AUTO_INCREMENT,
  `job_id` bigint(11) DEFAULT NULL,
  `suite_id` bigint(11) DEFAULT NULL,
  `sort` int(11) NOT NULL DEFAULT '0',
  `is_valid` int(4) DEFAULT '1' COMMENT '1:有效，2：无效',
  PRIMARY KEY (`id`)
) ENGINE=InnoDB AUTO_INCREMENT=63 DEFAULT CHARSET=utf8;

/*Data for the table `t_plan_suite_api` */

insert  into `t_plan_suite_api`(`id`,`job_id`,`suite_id`,`sort`,`is_valid`) values (61,133,9,0,1),(62,133,9,1,1);

/*Table structure for table `t_plan_suite_ui` */

DROP TABLE IF EXISTS `t_plan_suite_ui`;

CREATE TABLE `t_plan_suite_ui` (
  `id` bigint(11) NOT NULL AUTO_INCREMENT,
  `job_id` bigint(11) DEFAULT NULL,
  `suite_id` bigint(11) DEFAULT NULL,
  `sort` int(11) NOT NULL DEFAULT '0',
  `is_valid` int(4) DEFAULT '1' COMMENT '1:有效，2：无效',
  PRIMARY KEY (`id`)
) ENGINE=InnoDB AUTO_INCREMENT=56 DEFAULT CHARSET=utf8;

/*Data for the table `t_plan_suite_ui` */

insert  into `t_plan_suite_ui`(`id`,`job_id`,`suite_id`,`sort`,`is_valid`) values (42,128,8,0,1),(55,127,8,0,1);

/*Table structure for table `t_project_page` */

DROP TABLE IF EXISTS `t_project_page`;

CREATE TABLE `t_project_page` (
  `id` bigint(11) NOT NULL AUTO_INCREMENT COMMENT 'id',
  `project_id` bigint(11) NOT NULL DEFAULT '-1' COMMENT 'projectId',
  `page_name` varchar(50) NOT NULL DEFAULT '' COMMENT '页面名称',
  `is_enable` int(11) DEFAULT '1' COMMENT '1：有效',
  `remark` varchar(50) DEFAULT '' COMMENT '备注',
  `create_by` varchar(50) DEFAULT '' COMMENT 'createBy',
  `create_time` timestamp NOT NULL DEFAULT CURRENT_TIMESTAMP COMMENT 'createTime',
  `update_by` varchar(50) DEFAULT '' COMMENT 'updateBy',
  `update_time` timestamp NULL DEFAULT CURRENT_TIMESTAMP ON UPDATE CURRENT_TIMESTAMP COMMENT 'updateTime',
  PRIMARY KEY (`id`)
) ENGINE=InnoDB AUTO_INCREMENT=10 DEFAULT CHARSET=utf8mb4 COMMENT='t_client';

/*Data for the table `t_project_page` */

insert  into `t_project_page`(`id`,`project_id`,`page_name`,`is_enable`,`remark`,`create_by`,`create_time`,`update_by`,`update_time`) values (4,1,'登录',1,'true',NULL,'2019-05-31 14:48:00','admin','2019-12-27 12:53:20'),(6,4,'登陆',1,'备注',NULL,'2019-06-03 07:26:20','admin','2019-06-03 22:29:48'),(7,1,'百度页面',1,'百度页面',NULL,'2019-06-04 20:08:44','admin','2019-06-11 11:34:35'),(8,1,'测试登陆页面',1,'','admin','2020-03-25 13:36:40','admin','2020-03-25 13:36:40'),(9,1,'下拉测试',1,'','admin','2020-03-25 13:38:35','admin','2020-03-25 13:38:35');

/*Table structure for table `t_step_api` */

DROP TABLE IF EXISTS `t_step_api`;

CREATE TABLE `t_step_api` (
  `id` bigint(18) NOT NULL AUTO_INCREMENT,
  `name` varchar(64) DEFAULT NULL COMMENT '步骤名称',
  `type` int(1) DEFAULT NULL COMMENT '1:api',
  `testcase_id` bigint(18) NOT NULL COMMENT '用例id',
  `source_id` bigint(18) DEFAULT NULL COMMENT 'type为1则为api_id',
  `status` int(2) NOT NULL DEFAULT '1' COMMENT '状态：1启用 0禁用',
  `method` varchar(11) DEFAULT NULL COMMENT '请求类型',
  `domain` varchar(128) DEFAULT '' COMMENT '请求的协议+域名',
  `path` varchar(1024) DEFAULT '' COMMENT '请求路径',
  `api_params` text COMMENT 'api请求参数',
  `before_excs` text COMMENT '前置执行器',
  `req_header` text COMMENT '请求头',
  `req_query` text COMMENT '请求query',
  `req_body_data` text COMMENT '请求body from-data格式',
  `req_body_json` text COMMENT '请求body json格式',
  `req_body_type` varchar(24) DEFAULT 'raw' COMMENT '请求body的类型',
  `req_extract` text COMMENT '请求提取参数',
  `req_assert` text COMMENT '请求断言',
  `create_by` varchar(64) DEFAULT NULL,
  `create_time` timestamp NOT NULL DEFAULT CURRENT_TIMESTAMP,
  `update_by` varchar(64) DEFAULT NULL,
  `update_time` timestamp NULL DEFAULT CURRENT_TIMESTAMP ON UPDATE CURRENT_TIMESTAMP,
  `sort` int(8) DEFAULT '0',
  PRIMARY KEY (`id`),
  KEY `testcase_id` (`testcase_id`)
) ENGINE=InnoDB AUTO_INCREMENT=167 DEFAULT CHARSET=utf8;

/*Data for the table `t_step_api` */

insert  into `t_step_api`(`id`,`name`,`type`,`testcase_id`,`source_id`,`status`,`method`,`domain`,`path`,`api_params`,`before_excs`,`req_header`,`req_query`,`req_body_data`,`req_body_json`,`req_body_type`,`req_extract`,`req_assert`,`create_by`,`create_time`,`update_by`,`update_time`,`sort`) values (163,'登陆接口',1,30,64,1,'POST','@{domain}/public','/login','[]','[]','[]','[]','[{\"key\":\"username\",\"remark\":\"\",\"type\":\"text\",\"value\":\"admin\"},{\"key\":\"password\",\"remark\":\"\",\"type\":\"text\",\"value\":\"admin1\"}]','[]','form','[{\"dataSource\":\"bodyJson\",\"extractExpress\":\"result.token\",\"varName\":\"token\"}]','[]',NULL,'2020-03-17 17:52:10','admin','2020-03-17 17:52:10',1),(164,'查询接口',1,30,65,1,'GET','@{domain}/public','/projects/listPage?pageNum=1&pageSize=10&pageCount=2&serchData={\"projectName\":\"\",\"description\":\"\"}','[{\"key\":\"%.token\",\"type\":1,\"value\":\"${token}\"},{\"key\":\"#.serchData\",\"type\":1,\"value\":\" {\\\"projectName\\\":\\\"1\\\",\\\"description\\\":\\\"\\\"}\"}]','[]','[{\"key\":\"token\",\"value\":\"eyJhbGciOiJIUzI1NiJ9.eyJMT0dJTl9VU0VSX0tFWSI6IjkyZjliZjdjLTI0MjItNDM3NS1hZTk2LTJjOWJkNDI2ZjRlOSJ9.A6ckJIXsIr-7qn7brpLYkSLgOq5tbLAt1pOYTXprIrM\"}]','[{\"key\":\"pageNum\",\"value\":\"1\"},{\"key\":\"pageSize\",\"value\":\"10\"},{\"key\":\"pageCount\",\"value\":\"2\"},{\"key\":\"serchData\",\"value\":\"{\\\"projectName\\\":\\\"\\\",\\\"description\\\":\\\"\\\"}\"}]',NULL,NULL,'raw','[]','[]',NULL,'2020-03-17 17:52:10','admin','2020-03-17 17:52:10',2),(166,'新建一个post接口',1,30,67,1,'POST','@{domain}','aaa',NULL,'[]','[]','[]',NULL,'[\r\n  {\r\n    \"aaa\": 111,\r\n    \"bbb\": 111\r\n  },\r\n  {\r\n    \"ccc\": 222,\r\n    \"dddd\": 222\r\n  }\r\n]','raw','[]','[]',NULL,'2020-03-18 22:25:41',NULL,'2020-03-18 22:25:41',3);

/*Table structure for table `t_step_ui` */

DROP TABLE IF EXISTS `t_step_ui`;

CREATE TABLE `t_step_ui` (
  `id` bigint(18) NOT NULL AUTO_INCREMENT,
  `name` varchar(64) DEFAULT NULL COMMENT '描述',
  `action_type` varchar(64) DEFAULT '' COMMENT '关键字分类',
  `action` varchar(64) NOT NULL DEFAULT '' COMMENT '关键字',
  `action_remark` text COMMENT '关键字描述',
  `testcase_id` bigint(18) NOT NULL,
  `page_id` bigint(18) DEFAULT '0',
  `element_id` bigint(18) DEFAULT NULL,
  `path` varchar(64) DEFAULT NULL COMMENT '元素',
  `option_data` varchar(128) DEFAULT NULL,
  `type` int(1) DEFAULT NULL COMMENT '1: UI 2: APP 3:接口',
  `create_by` varchar(64) DEFAULT NULL,
  `create_time` timestamp NULL DEFAULT CURRENT_TIMESTAMP,
  `update_by` varchar(64) DEFAULT NULL,
  `update_time` timestamp NULL DEFAULT CURRENT_TIMESTAMP ON UPDATE CURRENT_TIMESTAMP,
  `sort` bigint(8) DEFAULT '0',
  PRIMARY KEY (`id`)
) ENGINE=InnoDB AUTO_INCREMENT=478 DEFAULT CHARSET=utf8;

/*Data for the table `t_step_ui` */

insert  into `t_step_ui`(`id`,`name`,`action_type`,`action`,`action_remark`,`testcase_id`,`page_id`,`element_id`,`path`,`option_data`,`type`,`create_by`,`create_time`,`update_by`,`update_time`,`sort`) values (365,'打开登录链接',NULL,'openURL',NULL,6,-1,NULL,NULL,'http://cm.midea.com/beta/signin.html?redirect_url=http://cm.midea.com/beta/index.html',1,'admin','2019-05-29 09:58:36','admin','2019-05-29 09:58:36',0),(366,'输入账号',NULL,'input',NULL,6,6,10,NULL,'tcadmin',1,'admin','2019-05-29 09:58:36','admin','2019-05-29 09:58:36',0),(367,'输入密码',NULL,'input',NULL,6,6,10,NULL,'@midea2014@',1,'admin','2019-05-29 09:58:36','admin','2019-05-29 09:58:36',0),(368,'点击登录',NULL,'click',NULL,6,6,10,NULL,NULL,1,'admin','2019-05-29 09:58:36','admin','2019-05-29 09:58:36',0),(471,'进入百度','uiAction','openURL','描述：打开网页\n元素：必填\n操作数据：需要打开的网址',5,-1,NULL,NULL,'https://www.baidu.com/',1,'admin','2019-05-20 17:49:23','admin','2019-05-27 14:12:26',0),(472,'输入关键字','uiAction','input','元素：无\n操作数据：需要向元素输入的值',5,7,12,NULL,'自动化测试',1,'admin','2019-05-28 21:10:44','admin','2019-05-28 21:10:44',1),(473,'点击搜索按钮','uiAction','click','元素：必填\n操作数据：无',5,7,13,NULL,NULL,1,'admin','2019-05-28 21:10:44','admin','2019-05-28 21:10:44',2),(474,'等待3秒','uiAction','sleep','描述：固定等待时间\n元素：无\n操作数据：等待的毫秒值',5,0,NULL,NULL,'3000',1,'admin','2019-06-18 23:29:19','admin','2019-06-18 23:29:19',3),(475,'输入关键字','uiAction','input','描述：向input框输入值\n元素：无\n操作数据：需要向元素输入的值',5,7,12,NULL,'测试一下',1,'admin','2019-06-19 20:44:03','admin','2019-06-19 20:44:03',4),(476,'点击搜索按钮','uiAction','click','描述：点击元素\n元素：必填\n操作数据：无',5,7,13,NULL,NULL,1,'admin','2019-06-19 20:50:44','admin','2019-06-19 20:50:44',5),(477,'等待3秒','uiAction','sleep','描述：固定等待时间\n元素：无\n操作数据：等待的毫秒值',5,0,NULL,NULL,'3000',1,'admin','2019-06-19 20:44:03','admin','2019-06-19 20:44:03',6);

/*Table structure for table `t_step_ui_new` */

DROP TABLE IF EXISTS `t_step_ui_new`;

CREATE TABLE `t_step_ui_new` (
  `id` bigint(18) NOT NULL AUTO_INCREMENT,
  `name` varchar(64) DEFAULT NULL COMMENT '描述',
  `action_type` varchar(64) DEFAULT '' COMMENT '关键字分类',
  `action` varchar(64) NOT NULL DEFAULT '' COMMENT '关键字',
  `action_remark` text COMMENT '关键字描述',
  `testcase_id` bigint(18) NOT NULL,
  `page_id` bigint(18) DEFAULT '0',
  `element_id` bigint(18) DEFAULT NULL COMMENT '元素id或数据库id',
  `option_data` text,
  `type` int(1) DEFAULT NULL COMMENT '1: UI 2: APP 3:接口',
  `create_by` varchar(64) DEFAULT NULL,
  `create_time` timestamp NOT NULL DEFAULT CURRENT_TIMESTAMP,
  `update_by` varchar(64) DEFAULT NULL,
  `update_time` timestamp NULL DEFAULT CURRENT_TIMESTAMP ON UPDATE CURRENT_TIMESTAMP,
  `sort` bigint(8) DEFAULT '0',
  PRIMARY KEY (`id`)
) ENGINE=InnoDB AUTO_INCREMENT=86 DEFAULT CHARSET=utf8;

/*Data for the table `t_step_ui_new` */

insert  into `t_step_ui_new`(`id`,`name`,`action_type`,`action`,`action_remark`,`testcase_id`,`page_id`,`element_id`,`option_data`,`type`,`create_by`,`create_time`,`update_by`,`update_time`,`sort`) values (37,'输入账号','uiAction','input','描述：向input框输入值\n元素：无\n操作数据：需要向元素输入的值',10,4,6,'${账号}',1,'admin','2019-12-09 20:09:46','admin','2019-12-09 20:09:46',0),(38,'输入密码','uiAction','input','描述：向input框输入值\n元素：无\n操作数据：需要向元素输入的值',10,4,7,'${密码}',1,'admin','2019-12-09 20:09:46','admin','2019-12-09 20:09:46',1),(39,'点击登陆按钮','uiAction','click','描述：点击元素\n元素：必填\n操作数据：无',10,4,8,NULL,1,'admin','2019-12-09 20:09:46','admin','2019-12-09 20:09:46',2),(40,'等待登陆按钮消失','uiAction2','waitForElementDisappear','描述：等待元素是否在设定的时间内消失\n元素：必填\n操作数据：等待的时间（秒）,如果不填，默认60S',10,4,8,'60',1,'admin','2019-12-09 20:09:46','admin','2019-12-09 20:09:46',3),(57,'登陆页面','uiAction','openURL','描述：打开网页\n元素：必填\n操作数据：需要打开的网址',22,NULL,NULL,'${url}',1,'admin','2020-01-06 11:47:16','admin','2020-01-06 11:47:16',0),(59,'输入账号','uiAction12','excBusiness','描述：调用业务\n元素：选择业务\n操作数据：业务用例的业务参数，如果有多个用“;;”号隔开',22,7,10,'admin;;admin1',1,'admin','2020-01-12 22:19:58','admin','2020-01-12 22:19:58',1),(77,'缓存子元素个数','uiAction4','bufferElementSize','描述：把元素的子元素个数存入用例变量\n元素：必填\n操作数据：变量名，用来保存变量的文本值',22,7,14,'size',1,'admin','2020-03-20 09:18:13','admin','2020-03-20 09:18:13',2),(80,'进入网站','uiAction','openURL','描述：打开网页\n元素：必填\n操作数据：需要打开的网址',27,0,NULL,'http://rabbittest.xyz/public',1,'admin','2020-03-25 14:25:51','admin','2020-03-25 14:25:51',0),(81,'输入账号','uiAction','input','描述：向input框输入值\n元素：无\n操作数据：需要向元素输入的值',27,8,24,'admin',1,'admin','2020-03-25 14:25:51','admin','2020-03-25 14:25:51',1),(82,'输入密码','uiAction','input','描述：向input框输入值\n元素：无\n操作数据：需要向元素输入的值',27,8,25,'admin1',1,'admin','2020-03-25 14:25:51','admin','2020-03-25 14:25:51',2),(83,'点击登陆','uiAction','click','描述：点击元素\n元素：必填\n操作数据：无',27,8,26,NULL,1,'admin','2020-03-25 14:25:51','admin','2020-03-25 14:25:51',3),(84,'进入网站','uiAction','openURL','描述：打开网页\n元素：必填\n操作数据：需要打开的网址',27,0,NULL,'http://rabbittest.xyz/public/#/publicConfig/client',1,'admin','2020-03-25 14:25:51','admin','2020-03-25 14:25:51',4),(85,'下拉测试','uiAction8','elSelectOptionByText','描述：操作element-ui的下拉组件\n元素：下拉元素的框，定位到el-select\n操作数据：选择的下拉文本',27,9,27,'aaa',1,'admin','2020-03-25 14:30:55','admin','2020-03-25 14:30:55',5);

/*Table structure for table `t_suite_case_api` */

DROP TABLE IF EXISTS `t_suite_case_api`;

CREATE TABLE `t_suite_case_api` (
  `id` bigint(11) NOT NULL AUTO_INCREMENT,
  `suite_id` bigint(11) DEFAULT NULL,
  `case_id` bigint(11) DEFAULT NULL,
  `sort` int(11) NOT NULL DEFAULT '0',
  `is_valid` int(4) DEFAULT '1' COMMENT '1:有效，2：无效',
  PRIMARY KEY (`id`)
) ENGINE=InnoDB AUTO_INCREMENT=40 DEFAULT CHARSET=utf8;

/*Data for the table `t_suite_case_api` */

insert  into `t_suite_case_api`(`id`,`suite_id`,`case_id`,`sort`,`is_valid`) values (39,9,30,0,1);

/*Table structure for table `t_suite_case_ui` */

DROP TABLE IF EXISTS `t_suite_case_ui`;

CREATE TABLE `t_suite_case_ui` (
  `id` bigint(11) NOT NULL AUTO_INCREMENT,
  `suite_id` bigint(11) DEFAULT NULL,
  `case_id` bigint(11) DEFAULT NULL,
  `sort` int(11) NOT NULL DEFAULT '0',
  `is_valid` int(4) DEFAULT '1' COMMENT '1:有效，2：无效',
  PRIMARY KEY (`id`)
) ENGINE=InnoDB AUTO_INCREMENT=36 DEFAULT CHARSET=utf8;

/*Data for the table `t_suite_case_ui` */

insert  into `t_suite_case_ui`(`id`,`suite_id`,`case_id`,`sort`,`is_valid`) values (35,8,22,0,1);

/*Table structure for table `t_test_business_ui_log` */

DROP TABLE IF EXISTS `t_test_business_ui_log`;

CREATE TABLE `t_test_business_ui_log` (
  `id` bigint(11) NOT NULL AUTO_INCREMENT COMMENT 'id',
  `business_id` bigint(11) NOT NULL,
  `business_name` varchar(150) NOT NULL DEFAULT '' COMMENT '业务名称',
  `plan_id` bigint(50) NOT NULL COMMENT '计划id',
  `project_id` bigint(11) NOT NULL DEFAULT '0' COMMENT '项目id',
  `status` int(11) NOT NULL DEFAULT '0' COMMENT '执行状态 0成功 1失败 2跳过',
  `case_total_count` int(8) NOT NULL DEFAULT '0' COMMENT '用例总数',
  `case_succ_count` int(8) DEFAULT '0' COMMENT '成功数',
  `case_fail_count` int(8) DEFAULT '0' COMMENT '失败数',
  `case_skip_count` int(8) DEFAULT '0' COMMENT '未执行用例',
  `end_time` datetime DEFAULT NULL COMMENT '结束时间',
  `remark` varchar(50) DEFAULT '' COMMENT '备注',
  `create_by` varchar(50) DEFAULT 'system' COMMENT 'createBy',
  `create_time` timestamp NOT NULL DEFAULT CURRENT_TIMESTAMP COMMENT 'createTime',
  `update_by` varchar(50) DEFAULT 'system' COMMENT 'updateBy',
  `update_time` timestamp NULL DEFAULT CURRENT_TIMESTAMP ON UPDATE CURRENT_TIMESTAMP COMMENT 'updateTime',
  PRIMARY KEY (`id`)
) ENGINE=InnoDB AUTO_INCREMENT=15 DEFAULT CHARSET=utf8mb4 COMMENT='ui自动化业务流日志';

/*Data for the table `t_test_business_ui_log` */

insert  into `t_test_business_ui_log`(`id`,`business_id`,`business_name`,`plan_id`,`project_id`,`status`,`case_total_count`,`case_succ_count`,`case_fail_count`,`case_skip_count`,`end_time`,`remark`,`create_by`,`create_time`,`update_by`,`update_time`) values (8,1,'测试一下百度',8,1,0,1,1,0,0,'2019-09-03 14:47:23','','system','2019-09-03 14:47:05','system','2019-09-03 14:47:25'),(9,1,'测试一下百度',9,1,0,1,1,0,0,'2019-09-03 14:56:04','','system','2019-09-03 14:55:46','system','2019-09-03 14:56:06'),(10,1,'测试一下百度',10,1,1,2,1,1,0,'2019-09-03 17:46:32','','system','2019-09-03 17:45:56','system','2019-09-03 17:46:34'),(11,1,'测试一下百度',11,1,1,2,1,1,0,'2019-09-03 17:49:45','','system','2019-09-03 17:49:07','system','2019-09-03 17:49:47'),(14,1,'测试一下百度',14,1,1,2,0,2,0,'2019-09-09 13:46:29','','system','2019-09-09 13:46:03','system','2019-09-09 13:46:30');

/*Table structure for table `t_test_case_ui_log` */

DROP TABLE IF EXISTS `t_test_case_ui_log`;

CREATE TABLE `t_test_case_ui_log` (
  `id` bigint(11) NOT NULL AUTO_INCREMENT COMMENT 'id',
  `plan_id` bigint(11) NOT NULL COMMENT '计划id',
  `case_id` bigint(11) NOT NULL,
  `case_name` varchar(150) NOT NULL DEFAULT '' COMMENT '用例名称',
  `business_id` bigint(50) NOT NULL COMMENT '业务流id',
  `business_log_id` bigint(11) DEFAULT NULL COMMENT '测试业务日志id',
  `status` int(11) NOT NULL DEFAULT '0' COMMENT '执行状态 0成功 1失败 2跳过',
  `end_time` datetime DEFAULT NULL COMMENT '结束时间',
  `remark` varchar(50) DEFAULT '' COMMENT '备注',
  `create_by` varchar(50) DEFAULT 'system' COMMENT 'createBy',
  `create_time` timestamp NOT NULL DEFAULT CURRENT_TIMESTAMP COMMENT 'createTime',
  `update_by` varchar(50) DEFAULT 'system' COMMENT 'updateBy',
  `update_time` timestamp NULL DEFAULT CURRENT_TIMESTAMP ON UPDATE CURRENT_TIMESTAMP COMMENT 'updateTime',
  PRIMARY KEY (`id`)
) ENGINE=InnoDB AUTO_INCREMENT=19 DEFAULT CHARSET=utf8mb4 COMMENT='ui自动化用例日志';

/*Data for the table `t_test_case_ui_log` */

insert  into `t_test_case_ui_log`(`id`,`plan_id`,`case_id`,`case_name`,`business_id`,`business_log_id`,`status`,`end_time`,`remark`,`create_by`,`create_time`,`update_by`,`update_time`) values (10,8,5,'百度一下',1,8,0,'2019-09-03 14:47:23','','system','2019-09-03 14:47:11','system','2019-09-03 14:47:24'),(11,9,5,'百度一下',1,9,0,'2019-09-03 14:56:04','','system','2019-09-03 14:55:52','system','2019-09-03 14:56:05'),(12,10,5,'百度一下',1,10,0,'2019-09-03 17:46:15','','system','2019-09-03 17:46:03','system','2019-09-03 17:46:16'),(13,10,1,'登陆',1,10,1,'2019-09-03 17:46:32','','system','2019-09-03 17:46:16','system','2019-09-03 17:46:33'),(14,11,5,'百度一下',1,11,0,'2019-09-03 17:49:29','','system','2019-09-03 17:49:12','system','2019-09-03 17:49:30'),(15,11,1,'登陆',1,11,1,'2019-09-03 17:49:45','','system','2019-09-03 17:49:30','system','2019-09-03 17:49:46'),(17,14,5,'百度一下',1,14,1,'2019-09-09 13:46:13','','system','2019-09-09 13:46:11','system','2019-09-09 13:46:13'),(18,14,1,'登陆',1,14,1,'2019-09-09 13:46:29','','system','2019-09-09 13:46:13','system','2019-09-09 13:46:29');

/*Table structure for table `t_test_case_ui_new_log` */

DROP TABLE IF EXISTS `t_test_case_ui_new_log`;

CREATE TABLE `t_test_case_ui_new_log` (
  `id` bigint(11) NOT NULL AUTO_INCREMENT COMMENT 'id',
  `plan_log_id` bigint(11) NOT NULL COMMENT '计划日志id',
  `suite_log_id` bigint(11) NOT NULL COMMENT '测试业务日志id',
  `suite_id` bigint(11) DEFAULT NULL,
  `suite_name` varchar(150) DEFAULT NULL,
  `case_id` bigint(11) NOT NULL,
  `case_name` varchar(150) NOT NULL DEFAULT '' COMMENT '用例名称',
  `status` int(11) NOT NULL DEFAULT '0' COMMENT '执行状态 0成功 1失败 2跳过',
  `end_time` datetime(3) DEFAULT NULL COMMENT '结束时间',
  `remark` varchar(50) DEFAULT '' COMMENT '备注',
  `create_by` varchar(50) DEFAULT 'system' COMMENT 'createBy',
  `create_time` timestamp(3) NOT NULL DEFAULT CURRENT_TIMESTAMP(3) COMMENT 'createTime',
  PRIMARY KEY (`id`)
) ENGINE=InnoDB AUTO_INCREMENT=87 DEFAULT CHARSET=utf8mb4 COMMENT='ui自动化用例日志';

/*Data for the table `t_test_case_ui_new_log` */

insert  into `t_test_case_ui_new_log`(`id`,`plan_log_id`,`suite_log_id`,`suite_id`,`suite_name`,`case_id`,`case_name`,`status`,`end_time`,`remark`,`create_by`,`create_time`) values (79,55,50,8,'随便建一个用例集',1,'百度关键字',0,'2019-12-18 18:58:03.384','','system','2019-12-18 18:57:53.322'),(80,56,51,8,'随便建一个用例集',1,'百度关键字',0,'2019-12-18 20:35:39.871','','system','2019-12-18 20:35:30.825'),(83,60,54,8,'随便建一个用例集',1,'百度关键字',0,'2019-12-19 16:49:06.295','','system','2019-12-19 16:48:52.062'),(85,72,56,8,'随便建一个用例集',22,'新建用例',0,'2020-03-06 09:29:54.539','','system','2020-03-06 09:29:37.875'),(86,72,56,8,'随便建一个用例集',22,'新建用例',0,'2020-03-06 09:30:11.061','','system','2020-03-06 09:29:54.550');

/*Table structure for table `t_test_databese` */

DROP TABLE IF EXISTS `t_test_databese`;

CREATE TABLE `t_test_databese` (
  `id` bigint(11) NOT NULL AUTO_INCREMENT COMMENT 'id',
  `name` varchar(100) NOT NULL DEFAULT '' COMMENT '数据库名称',
  `connect_url` varchar(500) NOT NULL COMMENT '数据库连接',
  `username` varchar(100) NOT NULL COMMENT '用户',
  `password` varchar(100) NOT NULL COMMENT '密码',
  `project_id` bigint(11) NOT NULL DEFAULT '0' COMMENT '项目id',
  `type` int(2) NOT NULL DEFAULT '0' COMMENT '类型 0 mysql  1 oracle',
  `status` int(2) NOT NULL DEFAULT '0' COMMENT '状态 0正常 1失效',
  `remark` varchar(50) DEFAULT '' COMMENT '备注',
  `create_by` varchar(50) DEFAULT 'system' COMMENT 'createBy',
  `create_time` timestamp NOT NULL DEFAULT CURRENT_TIMESTAMP COMMENT 'createTime',
  `update_by` varchar(50) DEFAULT 'system' COMMENT 'updateBy',
  `update_time` timestamp NULL DEFAULT CURRENT_TIMESTAMP ON UPDATE CURRENT_TIMESTAMP COMMENT 'updateTime',
  PRIMARY KEY (`id`)
) ENGINE=InnoDB AUTO_INCREMENT=2 DEFAULT CHARSET=utf8mb4 COMMENT='ui自动化测试计划日志';

/*Data for the table `t_test_databese` */

insert  into `t_test_databese`(`id`,`name`,`connect_url`,`username`,`password`,`project_id`,`type`,`status`,`remark`,`create_by`,`create_time`,`update_by`,`update_time`) values (1,'测试数据库','jdbc:mysql://192.168.233.131:3306/rabbit-v2?useUnicode=true&characterEncoding=utf-8&allowMultiQueries=true&useSSL=false&serverTimezone=UTC','root','QEwd/DWmy/4yGncCqBofQQ==',1,0,1,'备注',NULL,'2020-02-18 20:36:27','admin',NULL);

/*Table structure for table `t_test_interface` */

DROP TABLE IF EXISTS `t_test_interface`;

CREATE TABLE `t_test_interface` (
  `id` bigint(11) NOT NULL AUTO_INCREMENT COMMENT 'id',
  `name` varchar(100) NOT NULL DEFAULT '' COMMENT '接口名称',
  `business_id` bigint(11) DEFAULT NULL COMMENT '业务流id',
  `business_name` varchar(100) DEFAULT NULL COMMENT '业务流名称',
  `project_id` bigint(11) NOT NULL DEFAULT '0' COMMENT '项目id',
  `type` int(2) NOT NULL DEFAULT '0' COMMENT '类型 0公共接口  业务流接口',
  `status` int(2) NOT NULL DEFAULT '0' COMMENT '状态 0启用 1禁用',
  `remark` varchar(50) DEFAULT '' COMMENT '备注',
  `create_by` varchar(50) DEFAULT 'system' COMMENT 'createBy',
  `create_time` timestamp NOT NULL DEFAULT CURRENT_TIMESTAMP COMMENT 'createTime',
  `sort` int(10) DEFAULT '0' COMMENT '排序',
  `update_by` varchar(50) DEFAULT 'system' COMMENT 'updateBy',
  `update_time` timestamp NULL DEFAULT CURRENT_TIMESTAMP ON UPDATE CURRENT_TIMESTAMP COMMENT 'updateTime',
  PRIMARY KEY (`id`)
) ENGINE=InnoDB DEFAULT CHARSET=utf8mb4 COMMENT='ui自动化测试计划日志';

/*Data for the table `t_test_interface` */

/*Table structure for table `t_test_plan_result_api` */

DROP TABLE IF EXISTS `t_test_plan_result_api`;

CREATE TABLE `t_test_plan_result_api` (
  `id` bigint(18) NOT NULL AUTO_INCREMENT,
  `name` varchar(100) DEFAULT NULL COMMENT '任务名称',
  `job_id` bigint(18) DEFAULT NULL COMMENT '任务id',
  `project_id` bigint(18) DEFAULT NULL COMMENT '项目id',
  `status` int(2) DEFAULT NULL COMMENT '状态 0未执行 1执行中 2执行完成 3任务超时中断 4连接客户端失败, 5执行失败',
  `suite_total_count` int(8) DEFAULT '0' COMMENT '用例集总数',
  `suite_succ_count` int(8) DEFAULT '0' COMMENT '成功数',
  `suite_fail_count` int(8) DEFAULT '0' COMMENT '失败数',
  `end_time` datetime(3) DEFAULT NULL COMMENT '结束时间',
  `remark` varchar(50) DEFAULT NULL COMMENT '备注',
  `create_time` timestamp(3) NOT NULL DEFAULT CURRENT_TIMESTAMP(3) COMMENT 'createTime',
  PRIMARY KEY (`id`)
) ENGINE=InnoDB AUTO_INCREMENT=3 DEFAULT CHARSET=utf8;

/*Data for the table `t_test_plan_result_api` */

insert  into `t_test_plan_result_api`(`id`,`name`,`job_id`,`project_id`,`status`,`suite_total_count`,`suite_succ_count`,`suite_fail_count`,`end_time`,`remark`,`create_time`) values (1,'新建一个任务',133,1,5,2,0,2,'2020-03-03 17:48:47.343','执行结果失败','2020-03-03 17:48:43.064'),(2,'新建一个任务',133,1,5,2,0,2,'2020-03-11 11:31:13.413','执行结果失败','2020-03-11 11:31:10.820');

/*Table structure for table `t_test_plan_ui_log` */

DROP TABLE IF EXISTS `t_test_plan_ui_log`;

CREATE TABLE `t_test_plan_ui_log` (
  `id` bigint(11) NOT NULL AUTO_INCREMENT COMMENT 'id',
  `name` varchar(100) NOT NULL DEFAULT '' COMMENT '任务名称',
  `job_id` bigint(8) NOT NULL DEFAULT '0' COMMENT 'jobid',
  `project_id` bigint(11) NOT NULL DEFAULT '0' COMMENT '项目id',
  `status` int(2) NOT NULL DEFAULT '0' COMMENT '状态 0未执行 1执行中 2执行完成 3任务超时中断 4连接客户端失败, 5执行失败',
  `business_total_count` int(8) DEFAULT '0' COMMENT '业务流总数',
  `business_succ_count` int(8) NOT NULL DEFAULT '0' COMMENT '成功数',
  `business_fail_count` int(8) DEFAULT '0' COMMENT '失败数',
  `business_skip_count` int(8) DEFAULT '0' COMMENT '未执行用例',
  `end_time` datetime DEFAULT NULL COMMENT '结束时间',
  `remark` varchar(50) DEFAULT '' COMMENT '备注',
  `create_by` varchar(50) DEFAULT 'system' COMMENT 'createBy',
  `create_time` timestamp NOT NULL DEFAULT CURRENT_TIMESTAMP COMMENT 'createTime',
  `update_by` varchar(50) DEFAULT 'system' COMMENT 'updateBy',
  `update_time` timestamp NULL DEFAULT CURRENT_TIMESTAMP ON UPDATE CURRENT_TIMESTAMP COMMENT 'updateTime',
  PRIMARY KEY (`id`)
) ENGINE=InnoDB AUTO_INCREMENT=18 DEFAULT CHARSET=utf8mb4 COMMENT='ui自动化测试计划日志';

/*Data for the table `t_test_plan_ui_log` */

insert  into `t_test_plan_ui_log`(`id`,`name`,`job_id`,`project_id`,`status`,`business_total_count`,`business_succ_count`,`business_fail_count`,`business_skip_count`,`end_time`,`remark`,`create_by`,`create_time`,`update_by`,`update_time`) values (8,'测试一下本地客户端百度_190903144704',121,1,2,1,1,0,0,'2019-09-03 14:47:24','执行完毕','system','2019-09-03 14:47:05','system','2019-09-03 14:47:25'),(9,'测试一下本地客户端百度_190903145545',121,1,2,1,1,0,0,'2019-09-03 14:56:05','执行完毕','system','2019-09-03 14:55:46','system','2019-09-03 14:56:06'),(10,'测试一下本地客户端百度_190903174554',121,1,5,1,0,1,0,'2019-09-03 17:46:33','执行结果失败','system','2019-09-03 17:45:56','system','2019-09-03 17:46:34'),(11,'测试一下本地客户端百度_190903174905',121,1,5,1,0,1,0,'2019-09-03 17:49:46','执行结果失败','system','2019-09-03 17:49:07','system','2019-09-03 17:49:47'),(14,'测试一下本地客户端百度_190909134602',121,1,5,1,0,1,0,'2019-09-09 13:46:30','执行结果失败','system','2019-09-09 13:46:03','system','2019-09-09 13:46:30'),(15,'测试一下本地客户端百度_200107205201',121,1,4,1,0,0,1,'2020-01-07 20:52:01','连接客户端【127.0.0.1:8879】失败','system','2020-01-07 20:52:01','system','2020-01-07 20:52:01'),(16,'测试一下本地客户端百度_200107205211',121,1,4,1,0,0,1,'2020-01-07 20:52:12','连接客户端【127.0.0.1:8879】失败','system','2020-01-07 20:52:11','system','2020-01-07 20:52:11'),(17,'测试一下本地客户端百度_200107225316',121,1,4,1,0,0,1,'2020-01-07 22:53:16','连接客户端【127.0.0.1:8879】失败','system','2020-01-07 22:53:16','system','2020-01-07 22:53:16');

/*Table structure for table `t_test_plan_ui_new_log` */

DROP TABLE IF EXISTS `t_test_plan_ui_new_log`;

CREATE TABLE `t_test_plan_ui_new_log` (
  `id` bigint(11) NOT NULL AUTO_INCREMENT COMMENT 'id',
  `name` varchar(100) NOT NULL DEFAULT '' COMMENT '任务名称',
  `job_id` bigint(8) NOT NULL DEFAULT '0' COMMENT 'jobid',
  `project_id` bigint(11) NOT NULL DEFAULT '0' COMMENT '项目id',
  `status` int(2) NOT NULL DEFAULT '0' COMMENT '状态 0未执行 1执行中 2执行完成 3任务超时中断 4连接客户端失败, 5执行失败',
  `suite_total_count` int(8) DEFAULT '0' COMMENT '业务流总数',
  `suite_succ_count` int(8) NOT NULL DEFAULT '0' COMMENT '成功数',
  `suite_fail_count` int(8) DEFAULT '0' COMMENT '失败数',
  `end_time` datetime(3) DEFAULT NULL COMMENT '结束时间',
  `remark` varchar(50) DEFAULT '' COMMENT '备注',
  `create_by` varchar(50) DEFAULT 'system' COMMENT 'createBy',
  `create_time` timestamp(3) NULL DEFAULT CURRENT_TIMESTAMP(3) COMMENT 'create_time',
  PRIMARY KEY (`id`)
) ENGINE=InnoDB AUTO_INCREMENT=73 DEFAULT CHARSET=utf8mb4 COMMENT='ui自动化测试计划日志';

/*Data for the table `t_test_plan_ui_new_log` */

insert  into `t_test_plan_ui_new_log`(`id`,`name`,`job_id`,`project_id`,`status`,`suite_total_count`,`suite_succ_count`,`suite_fail_count`,`end_time`,`remark`,`create_by`,`create_time`) values (55,'第一个新任务',127,1,2,1,1,0,'2019-12-18 18:58:03.428','执行完毕','system','2019-12-18 18:57:53.129'),(56,'第一个新任务',127,1,2,1,1,0,'2019-12-18 20:35:39.935','执行完毕','system','2019-12-18 20:35:28.807'),(60,'第一个新任务',127,1,2,1,1,0,'2019-12-19 16:49:06.343','执行完毕','system','2019-12-19 16:48:51.678'),(72,'第一个新任务',127,1,2,1,1,0,'2020-03-06 09:30:11.102','执行完毕','system','2020-03-06 09:29:37.765');

/*Table structure for table `t_test_step_ui_log` */

DROP TABLE IF EXISTS `t_test_step_ui_log`;

CREATE TABLE `t_test_step_ui_log` (
  `id` bigint(8) NOT NULL AUTO_INCREMENT COMMENT '日志ID',
  `plan_id` bigint(11) NOT NULL COMMENT '计划id',
  `case_log_id` bigint(11) DEFAULT NULL,
  `step_id` bigint(8) NOT NULL COMMENT '用例执行ID',
  `step_name` varchar(50) NOT NULL COMMENT '任务ID',
  `case_id` bigint(8) NOT NULL,
  `log_detail` text NOT NULL COMMENT '日志明细',
  `status` int(2) DEFAULT '0' COMMENT '执行状态 0成功 1失败 2跳过',
  `end_time` datetime DEFAULT NULL COMMENT '结束时间',
  `end_flag` int(2) DEFAULT '0' COMMENT '日志用例步骤',
  `imgname` varchar(500) DEFAULT NULL COMMENT 'UI自动化自动截图地址',
  `create_by` varchar(50) DEFAULT 'system',
  `create_time` timestamp NULL DEFAULT CURRENT_TIMESTAMP COMMENT '创建时间',
  `update_by` varchar(50) DEFAULT 'system',
  `update_time` timestamp NULL DEFAULT CURRENT_TIMESTAMP ON UPDATE CURRENT_TIMESTAMP COMMENT '更新时间',
  PRIMARY KEY (`id`),
  KEY `task_case_id` (`step_id`),
  KEY `task_id` (`step_name`)
) ENGINE=InnoDB AUTO_INCREMENT=105 DEFAULT CHARSET=utf8 COMMENT='用例日志明细';

/*Data for the table `t_test_step_ui_log` */

insert  into `t_test_step_ui_log`(`id`,`plan_id`,`case_log_id`,`step_id`,`step_name`,`case_id`,`log_detail`,`status`,`end_time`,`end_flag`,`imgname`,`create_by`,`create_time`,`update_by`,`update_time`) values (56,8,10,471,'进入百度',5,'打开URL[https://www.baidu.com/]成功',0,'2019-09-03 14:47:11',0,'UI\\2019\\09\\03\\8\\6f5a7095fa1e4834b07085be2b58689b.png','system','2019-09-03 14:47:10','system','2019-09-03 14:47:12'),(57,8,10,472,'输入关键字',5,'向元素[id;;kw]输入数据[自动化测试]成功',0,'2019-09-03 14:47:12',0,'UI\\2019\\09\\03\\8\\c14f727d4f7d43fb8a02f5dcaea59408.png','system','2019-09-03 14:47:11','system','2019-09-03 14:47:12'),(58,8,10,473,'点击搜索按钮',5,'点击元素[id;;su]成功',0,'2019-09-03 14:47:13',0,'UI\\2019\\09\\03\\8\\34dae4cc25c34388b41e329ef34600c8.png','system','2019-09-03 14:47:12','system','2019-09-03 14:47:14'),(59,8,10,474,'等待3秒',5,'等待[3000]毫秒成功',0,'2019-09-03 14:47:17',0,'UI\\2019\\09\\03\\8\\e238716999bb49e49f38625aee7cf613.png','system','2019-09-03 14:47:13','system','2019-09-03 14:47:18'),(60,8,10,475,'输入关键字',5,'向元素[id;;kw]输入数据[测试一下]成功',0,'2019-09-03 14:47:18',0,'UI\\2019\\09\\03\\8\\a12993965de8428098edb5d6b4a97199.png','system','2019-09-03 14:47:17','system','2019-09-03 14:47:19'),(61,8,10,476,'点击搜索按钮',5,'点击元素[id;;su]成功',0,'2019-09-03 14:47:19',0,'UI\\2019\\09\\03\\8\\81dae2577ab94b9bb5fc768cabcf9864.png','system','2019-09-03 14:47:18','system','2019-09-03 14:47:20'),(62,8,10,477,'等待3秒',5,'等待[3000]毫秒成功',0,'2019-09-03 14:47:23',0,'UI\\2019\\09\\03\\8\\1161186f7d99434284ee2b010c5dad10.png','system','2019-09-03 14:47:19','system','2019-09-03 14:47:24'),(63,9,11,471,'进入百度',5,'打开URL[https://www.baidu.com/]成功',0,'2019-09-03 14:55:52',0,'UI\\2019\\09\\03\\9\\2048098df5d242a9ae9fdfcf787cc2cd.png','system','2019-09-03 14:55:51','system','2019-09-03 14:55:53'),(64,9,11,472,'输入关键字',5,'向元素[id;;kw]输入数据[自动化测试]成功',0,'2019-09-03 14:55:53',0,'UI\\2019\\09\\03\\9\\67613430e00c4c8d9f16feb8caa1fab7.png','system','2019-09-03 14:55:52','system','2019-09-03 14:55:54'),(65,9,11,473,'点击搜索按钮',5,'点击元素[id;;su]成功',0,'2019-09-03 14:55:55',0,'UI\\2019\\09\\03\\9\\a5e4159731c44521bdfb55ba5790aee3.png','system','2019-09-03 14:55:53','system','2019-09-03 14:55:56'),(66,9,11,474,'等待3秒',5,'等待[3000]毫秒成功',0,'2019-09-03 14:55:58',0,'UI\\2019\\09\\03\\9\\9cdd0f86efe74da2bbbe4f04e10013f5.png','system','2019-09-03 14:55:55','system','2019-09-03 14:55:59'),(67,9,11,475,'输入关键字',5,'向元素[id;;kw]输入数据[测试一下]成功',0,'2019-09-03 14:55:59',0,'UI\\2019\\09\\03\\9\\0ab055c1775648ea85d2958fff0327f3.png','system','2019-09-03 14:55:58','system','2019-09-03 14:56:00'),(68,9,11,476,'点击搜索按钮',5,'点击元素[id;;su]成功',0,'2019-09-03 14:56:01',0,'UI\\2019\\09\\03\\9\\6d7119cb394f474cbe15cdc8ad8bb13f.png','system','2019-09-03 14:55:59','system','2019-09-03 14:56:02'),(69,9,11,477,'等待3秒',5,'等待[3000]毫秒成功',0,'2019-09-03 14:56:04',0,'UI\\2019\\09\\03\\9\\72bc3a49b5004e7b83e452fcf218ad3c.png','system','2019-09-03 14:56:01','system','2019-09-03 14:56:05'),(70,10,12,471,'进入百度',5,'打开URL[https://www.baidu.com/]成功',0,'2019-09-03 17:46:03',0,'UI\\2019\\09\\03\\10\\8ca10f2139184d4d9115087d425da56c.png','system','2019-09-03 17:46:02','system','2019-09-03 17:46:04'),(71,10,12,472,'输入关键字',5,'向元素[id;;kw]输入数据[自动化测试]成功',0,'2019-09-03 17:46:04',0,'UI\\2019\\09\\03\\10\\496a608122614a4dbfd2c905b20cf73e.png','system','2019-09-03 17:46:03','system','2019-09-03 17:46:05'),(72,10,12,473,'点击搜索按钮',5,'点击元素[id;;su]成功',0,'2019-09-03 17:46:06',0,'UI\\2019\\09\\03\\10\\461518d84262482ebcb874ea2632976d.png','system','2019-09-03 17:46:04','system','2019-09-03 17:46:07'),(73,10,12,474,'等待3秒',5,'等待[3000]毫秒成功',0,'2019-09-03 17:46:09',0,'UI\\2019\\09\\03\\10\\6bac156c72ee444b926f47b93b400ed4.png','system','2019-09-03 17:46:06','system','2019-09-03 17:46:10'),(74,10,12,475,'输入关键字',5,'向元素[id;;kw]输入数据[测试一下]成功',0,'2019-09-03 17:46:10',0,'UI\\2019\\09\\03\\10\\85cff2f5e0bc44ebbcd29648145a5dc8.png','system','2019-09-03 17:46:09','system','2019-09-03 17:46:11'),(75,10,12,476,'点击搜索按钮',5,'点击元素[id;;su]成功',0,'2019-09-03 17:46:12',0,'UI\\2019\\09\\03\\10\\5fa933e64cdc4fd6bf65200de39ab42a.png','system','2019-09-03 17:46:10','system','2019-09-03 17:46:13'),(76,10,12,477,'等待3秒',5,'等待[3000]毫秒成功',0,'2019-09-03 17:46:15',0,'UI\\2019\\09\\03\\10\\065dba90d9a5491ea607c61201e34f5d.png','system','2019-09-03 17:46:12','system','2019-09-03 17:46:16'),(77,10,13,358,'打开网页',1,'打开URL[http://www.baidu.com]成功',0,'2019-09-03 17:46:16',0,'UI\\2019\\09\\03\\10\\6adca40cd6d34f339bc420bbcc96ad74.png','system','2019-09-03 17:46:15','system','2019-09-03 17:46:17'),(78,10,13,359,'输入账号',1,'执行关键字【input】异常:没有找到该元素',1,'2019-09-03 17:46:32',0,'UI\\2019\\09\\03\\10\\4c9e7177393a4462b214369aeacf3c1e.png','system','2019-09-03 17:46:16','system','2019-09-03 17:46:33'),(79,10,13,360,' 输入密码',1,'由于上一步失败，此步骤不执行',2,'2019-09-03 17:46:32',0,NULL,'system','2019-09-03 17:46:32','system','2019-09-03 17:46:33'),(80,11,14,471,'进入百度',5,'打开URL[https://www.baidu.com/]成功',0,'2019-09-03 17:49:12',0,'UI\\2019\\09\\03\\11\\0ac95bc600574eb0967d44a682b1e3c6.png','system','2019-09-03 17:49:11','system','2019-09-03 17:49:13'),(81,11,14,472,'输入关键字',5,'向元素[id;;kw]输入数据[自动化测试]成功',0,'2019-09-03 17:49:13',0,'UI\\2019\\09\\03\\11\\c6eca1c7560d4e1abda5084ed68b18a1.png','system','2019-09-03 17:49:12','system','2019-09-03 17:49:14'),(82,11,14,473,'点击搜索按钮',5,'点击元素[id;;su]成功',0,'2019-09-03 17:49:14',0,'UI\\2019\\09\\03\\11\\0aa36ae011424958be4e525a20814596.png','system','2019-09-03 17:49:13','system','2019-09-03 17:49:15'),(83,11,14,474,'等待3秒',5,'等待[3000]毫秒成功',0,'2019-09-03 17:49:18',0,'UI\\2019\\09\\03\\11\\9b0c632a9793411da47567a5686e6d98.png','system','2019-09-03 17:49:14','system','2019-09-03 17:49:19'),(84,11,14,475,'输入关键字',5,'向元素[id;;kw]输入数据[测试一下]成功',0,'2019-09-03 17:49:19',0,'UI\\2019\\09\\03\\11\\a15fcf4f265b4010a37d5cc6b77fce73.png','system','2019-09-03 17:49:18','system','2019-09-03 17:49:20'),(85,11,14,476,'点击搜索按钮',5,'点击元素[id;;su]成功',0,'2019-09-03 17:49:25',0,'UI\\2019\\09\\03\\11\\be025b5ee9814e419e007c77d765dd03.png','system','2019-09-03 17:49:19','system','2019-09-03 17:49:26'),(86,11,14,477,'等待3秒',5,'等待[3000]毫秒成功',0,'2019-09-03 17:49:29',0,'UI\\2019\\09\\03\\11\\f6987935256d46da9e3aa6c9009f5312.png','system','2019-09-03 17:49:26','system','2019-09-03 17:49:30'),(87,11,15,358,'打开网页',1,'打开URL[http://www.baidu.com]成功',0,'2019-09-03 17:49:30',0,'UI\\2019\\09\\03\\11\\34d3446daef644dab7ae62da1e8a912f.png','system','2019-09-03 17:49:29','system','2019-09-03 17:49:31'),(88,11,15,359,'输入账号',1,'执行关键字【input】异常:没有找到该元素',1,'2019-09-03 17:49:45',0,'UI\\2019\\09\\03\\11\\1aee8b07a0474102b4e3ce60e2fd18bb.png','system','2019-09-03 17:49:30','system','2019-09-03 17:49:46'),(89,11,15,360,' 输入密码',1,'由于上一步失败，此步骤不执行',2,'2019-09-03 17:49:45',0,NULL,'system','2019-09-03 17:49:45','system','2019-09-03 17:49:46'),(95,14,17,471,'进入百度',5,'打开URL[https://www.baidu.com/]成功',0,'2019-09-09 13:46:12',0,'UI\\2019\\09\\09\\14\\7d0038246cab44fa8f2e04d9f1ddaa5f.png','system','2019-09-09 13:46:10','system','2019-09-09 13:46:12'),(96,14,17,472,'输入关键字',5,'向元素[id;;kw]输入数据[自动化测试]成功',0,'2019-09-09 13:46:12',0,'UI\\2019\\09\\09\\14\\716b80a47f8646fea3925913e22fa5e9.png','system','2019-09-09 13:46:12','system','2019-09-09 13:46:13'),(97,14,17,473,'点击搜索按钮',5,'获取关键字【click】异常:未知异常:Serialized class org.openqa.selenium.chrome.ChromeDriver must implement java.io.Serializable',1,'2019-09-09 13:46:13',0,'UI\\2019\\09\\09\\14\\657c77ba959148e19722dfb73dd0abfa.png','system','2019-09-09 13:46:12','system','2019-09-09 13:46:13'),(98,14,17,474,'等待3秒',5,'由于上一步失败，此步骤不执行',2,'2019-09-09 13:46:13',0,NULL,'system','2019-09-09 13:46:13','system','2019-09-09 13:46:13'),(99,14,17,475,'输入关键字',5,'由于上一步失败，此步骤不执行',2,'2019-09-09 13:46:13',0,NULL,'system','2019-09-09 13:46:13','system','2019-09-09 13:46:13'),(100,14,17,476,'点击搜索按钮',5,'由于上一步失败，此步骤不执行',2,'2019-09-09 13:46:13',0,NULL,'system','2019-09-09 13:46:13','system','2019-09-09 13:46:13'),(101,14,17,477,'等待3秒',5,'由于上一步失败，此步骤不执行',2,'2019-09-09 13:46:13',0,NULL,'system','2019-09-09 13:46:13','system','2019-09-09 13:46:13'),(102,14,18,358,'打开网页',1,'打开URL[http://www.baidu.com]成功',0,'2019-09-09 13:46:14',0,'UI\\2019\\09\\09\\14\\275516f71fbe49d28250ca4d2258c2cc.png','system','2019-09-09 13:46:13','system','2019-09-09 13:46:14'),(103,14,18,359,'输入账号',1,'执行关键字【input】异常:没有找到该元素',1,'2019-09-09 13:46:29',0,'UI\\2019\\09\\09\\14\\7d658b8cfc914b60baa91ba66956b127.png','system','2019-09-09 13:46:14','system','2019-09-09 13:46:29'),(104,14,18,360,' 输入密码',1,'由于上一步失败，此步骤不执行',2,'2019-09-09 13:46:29',0,NULL,'system','2019-09-09 13:46:29','system','2019-09-09 13:46:29');

/*Table structure for table `t_test_step_ui_new_log` */

DROP TABLE IF EXISTS `t_test_step_ui_new_log`;

CREATE TABLE `t_test_step_ui_new_log` (
  `id` bigint(8) NOT NULL AUTO_INCREMENT COMMENT '日志ID',
  `plan_job_id` bigint(11) NOT NULL COMMENT '计划日志id',
  `case_log_id` bigint(11) NOT NULL,
  `step_id` bigint(8) NOT NULL COMMENT '用例执行ID',
  `step_name` varchar(50) NOT NULL COMMENT '任务ID',
  `case_id` bigint(8) NOT NULL,
  `case_name` varchar(50) DEFAULT NULL,
  `log_detail` text NOT NULL COMMENT '日志明细',
  `status` int(2) DEFAULT '0' COMMENT '执行状态 0成功 1失败 2跳过',
  `type` int(2) DEFAULT '1' COMMENT '1.用例步骤 2.业务流步骤',
  `end_time` datetime(3) DEFAULT NULL COMMENT '结束时间',
  `end_flag` int(2) DEFAULT '0' COMMENT '日志用例步骤',
  `imgname` varchar(500) DEFAULT NULL COMMENT 'UI自动化自动截图地址',
  `create_by` varchar(50) DEFAULT 'system',
  `create_time` timestamp(3) NOT NULL DEFAULT CURRENT_TIMESTAMP(3) COMMENT '创建时间',
  PRIMARY KEY (`id`),
  KEY `task_case_id` (`step_id`),
  KEY `task_id` (`step_name`)
) ENGINE=InnoDB AUTO_INCREMENT=399 DEFAULT CHARSET=utf8 COMMENT='用例日志明细';

/*Data for the table `t_test_step_ui_new_log` */

insert  into `t_test_step_ui_new_log`(`id`,`plan_job_id`,`case_log_id`,`step_id`,`step_name`,`case_id`,`case_name`,`log_detail`,`status`,`type`,`end_time`,`end_flag`,`imgname`,`create_by`,`create_time`) values (370,55,79,1,'打开百度页面',1,'百度关键字','打开URL[https://www.baidu.com/]成功',0,1,'2019-12-18 18:58:00.319',0,'UI\\report\\55\\b0f56aa46ca443d7a7c8329ff96aa3f9.png','system','2019-12-18 18:57:58.604'),(371,55,79,28,'输入关键字',1,'百度关键字','向元素[id;;kw]输入数据[测试一下]成功',0,1,'2019-12-18 18:58:00.969',0,'UI\\report\\55\\ed065603622d43f8b192b38d88111a17.png','system','2019-12-18 18:58:00.328'),(372,55,79,29,'点击搜索按钮',1,'百度关键字','点击元素[id;;su]成功',0,1,'2019-12-18 18:58:01.607',0,'UI\\report\\55\\52ebed2c66544edca4e865f2787e67d5.png','system','2019-12-18 18:58:00.978'),(373,55,79,35,'设置一个变量',1,'百度关键字','缓存成功,变量为：测试变量，数据为：测试变量搜索',0,1,'2019-12-18 18:58:02.474',0,'UI\\report\\55\\61f997b2437840399c84677ff807e810.png','system','2019-12-18 18:58:01.614'),(374,56,80,1,'打开百度页面',1,'百度关键字','打开URL[https://www.baidu.com/]成功',0,1,'2019-12-18 20:35:37.140',0,'UI/report/56/1776130fbe854ea1ae09b01f18ca56fc.png','system','2019-12-18 20:35:36.153'),(375,56,80,28,'输入关键字',1,'百度关键字','向元素[id;;kw]输入数据[测试一下]成功',0,1,'2019-12-18 20:35:37.875',0,'UI/report/56/97a272907b16496ba4241316a02f006f.png','system','2019-12-18 20:35:37.151'),(376,56,80,29,'点击搜索按钮',1,'百度关键字','点击元素[id;;su]成功',0,1,'2019-12-18 20:35:38.558',0,'UI/report/56/35b7cfdffa654ad2bcdb1b304cbf1c3e.png','system','2019-12-18 20:35:37.885'),(377,56,80,35,'设置一个变量',1,'百度关键字','缓存成功,变量为：测试变量，数据为：测试变量搜索',0,1,'2019-12-18 20:35:39.116',0,'UI/report/56/5be27a8d095047a4a71f5fff8664362e.png','system','2019-12-18 20:35:38.566'),(386,60,83,1,'打开百度页面',1,'百度关键字','打开URL[https://www.baidu.com/]成功',0,1,'2019-12-19 16:49:03.923',0,'UI/report/60/630dc1f998ba4e9d9258c1d02879da95.png','system','2019-12-19 16:48:59.941'),(387,60,83,28,'输入关键字',1,'百度关键字','向元素[id;;kw]输入数据[测试一下]成功',0,1,'2019-12-19 16:49:04.557',0,'UI/report/60/569840a97a884cd6b1c81148d990c004.png','system','2019-12-19 16:49:03.931'),(388,60,83,29,'点击搜索按钮',1,'百度关键字','点击元素[id;;su]成功',0,1,'2019-12-19 16:49:05.096',0,'UI/report/60/dd963f6b01814f94b2c16915a9faadb4.png','system','2019-12-19 16:49:04.567'),(389,60,83,35,'设置一个变量',1,'百度关键字','缓存成功,变量为：测试变量，数据为：测试变量搜索',0,1,'2019-12-19 16:49:05.474',0,'UI/report/60/b42cb9ace0134058bd6c8ee1051a0dfc.png','system','2019-12-19 16:49:05.105'),(393,72,85,57,'打开百度页面',22,'新建用例','打开URL[https://www.baidu.com]成功',0,1,'2020-03-06 09:29:52.465',0,'UI/report/72/c9a9e2c4395246808830ae05c1d805d6.png','system','2020-03-06 09:29:47.299'),(394,72,85,59,'输入关键字',22,'新建用例','向元素[id;;kw]输入数据[测试]成功',0,1,'2020-03-06 09:29:53.022',0,'UI/report/72/16b220ea814a492da04bac4b1696b242.png','system','2020-03-06 09:29:52.494'),(395,72,85,72,'点击搜索',22,'新建用例','点击元素[id;;su]成功',0,1,'2020-03-06 09:29:53.536',0,'UI/report/72/84a3df786c83409aaf96ff02a99ca1fc.png','system','2020-03-06 09:29:53.030'),(396,72,86,57,'打开百度页面',22,'新建用例','打开URL[https://www.baidu.com]成功',0,1,'2020-03-06 09:30:04.150',0,'UI/report/72/c97032fc3f0c43619bb7f99c1f3da74f.png','system','2020-03-06 09:30:02.160'),(397,72,86,59,'输入关键字',22,'新建用例','向元素[id;;kw]输入数据[测试]成功',0,1,'2020-03-06 09:30:09.296',0,'UI/report/72/e523bf7bffe644fb9ae5b9cf9603b9e1.png','system','2020-03-06 09:30:08.777'),(398,72,86,72,'点击搜索',22,'新建用例','点击元素[id;;su]成功',0,1,'2020-03-06 09:30:09.750',0,'UI/report/72/2ffe524e69094ab4b67e0f33bf6fdeba.png','system','2020-03-06 09:30:09.304');

/*Table structure for table `t_test_suite_ui_log` */

DROP TABLE IF EXISTS `t_test_suite_ui_log`;

CREATE TABLE `t_test_suite_ui_log` (
  `id` bigint(11) NOT NULL AUTO_INCREMENT COMMENT 'id',
  `plan_log_id` bigint(50) NOT NULL COMMENT '计划日志id',
  `suite_id` bigint(11) NOT NULL,
  `suite_name` varchar(150) NOT NULL DEFAULT '' COMMENT '业务名称',
  `project_id` bigint(11) NOT NULL DEFAULT '0' COMMENT '项目id',
  `status` int(11) NOT NULL DEFAULT '0' COMMENT '执行状态 0成功 1失败 2跳过',
  `case_total_count` int(8) NOT NULL DEFAULT '0' COMMENT '用例总数',
  `case_succ_count` int(8) DEFAULT '0' COMMENT '成功数',
  `case_fail_count` int(8) DEFAULT '0' COMMENT '失败数',
  `case_skip_count` int(8) DEFAULT '0' COMMENT '跳过数',
  `end_time` datetime(3) DEFAULT NULL COMMENT '结束时间',
  `remark` varchar(50) DEFAULT '' COMMENT '备注',
  `create_by` varchar(50) DEFAULT 'system' COMMENT 'createBy',
  `create_time` timestamp(3) NOT NULL DEFAULT CURRENT_TIMESTAMP(3) COMMENT 'createTime',
  PRIMARY KEY (`id`)
) ENGINE=InnoDB AUTO_INCREMENT=57 DEFAULT CHARSET=utf8mb4 COMMENT='ui自动化业务流日志';

/*Data for the table `t_test_suite_ui_log` */

insert  into `t_test_suite_ui_log`(`id`,`plan_log_id`,`suite_id`,`suite_name`,`project_id`,`status`,`case_total_count`,`case_succ_count`,`case_fail_count`,`case_skip_count`,`end_time`,`remark`,`create_by`,`create_time`) values (50,55,8,'随便建一个用例集',1,0,1,1,0,0,'2019-12-18 18:58:03.412','','system','2019-12-18 18:57:53.300'),(51,56,8,'随便建一个用例集',1,0,1,1,0,0,'2019-12-18 20:35:39.916','','system','2019-12-18 20:35:30.788'),(54,60,8,'随便建一个用例集',1,0,1,1,0,0,'2019-12-19 16:49:06.325','','system','2019-12-19 16:48:52.038'),(56,72,8,'随便建一个用例集',1,0,2,2,0,0,'2020-03-06 09:30:11.087','','system','2020-03-06 09:29:37.817');

/*Table structure for table `t_testbusiness_testcase_ui` */

DROP TABLE IF EXISTS `t_testbusiness_testcase_ui`;

CREATE TABLE `t_testbusiness_testcase_ui` (
  `id` bigint(11) NOT NULL AUTO_INCREMENT,
  `business_id` bigint(11) DEFAULT NULL,
  `case_id` bigint(11) DEFAULT NULL,
  `sort` int(11) NOT NULL DEFAULT '0',
  `create_by` varchar(64) DEFAULT NULL,
  `update_by` varchar(64) DEFAULT NULL,
  `create_time` datetime DEFAULT NULL,
  `update_time` datetime DEFAULT NULL,
  PRIMARY KEY (`id`)
) ENGINE=InnoDB AUTO_INCREMENT=294 DEFAULT CHARSET=utf8;

/*Data for the table `t_testbusiness_testcase_ui` */

insert  into `t_testbusiness_testcase_ui`(`id`,`business_id`,`case_id`,`sort`,`create_by`,`update_by`,`create_time`,`update_time`) values (37,3,1,0,'admin',NULL,'2019-04-24 07:34:15',NULL),(38,3,2,0,'admin',NULL,'2019-04-24 07:34:15',NULL),(39,3,3,0,'admin',NULL,'2019-04-24 07:34:15',NULL),(40,3,4,0,'admin',NULL,'2019-04-24 07:34:15',NULL),(46,5,1,0,'admin',NULL,'2019-05-10 23:13:15',NULL),(47,5,2,0,'admin',NULL,'2019-05-10 23:13:15',NULL),(49,9,6,0,'admin',NULL,'2019-05-29 09:59:00',NULL),(267,10,7,0,'admin','admin','2019-09-03 18:36:21','2019-09-03 18:36:21'),(268,11,8,0,'admin','admin','2019-09-03 19:23:04','2019-09-03 19:23:04'),(275,NULL,6,0,NULL,NULL,NULL,NULL),(276,NULL,1,0,NULL,NULL,NULL,NULL),(279,1,1,0,NULL,NULL,NULL,NULL),(280,1,5,0,NULL,NULL,NULL,NULL),(281,NULL,6,0,NULL,NULL,NULL,NULL),(282,NULL,1,0,NULL,NULL,NULL,NULL),(283,NULL,6,0,NULL,NULL,NULL,NULL),(284,NULL,1,0,NULL,NULL,NULL,NULL),(285,NULL,6,0,NULL,NULL,NULL,NULL),(286,NULL,1,0,NULL,NULL,NULL,NULL),(287,NULL,6,0,NULL,NULL,NULL,NULL),(288,NULL,1,0,NULL,NULL,NULL,NULL),(289,NULL,6,0,NULL,NULL,NULL,NULL),(290,NULL,1,0,NULL,NULL,NULL,NULL),(291,NULL,6,0,NULL,NULL,NULL,NULL),(292,NULL,1,0,NULL,NULL,NULL,NULL),(293,NULL,1,0,'admin',NULL,'2019-11-20 17:05:41',NULL);

/*Table structure for table `t_testbusiness_ui` */

DROP TABLE IF EXISTS `t_testbusiness_ui`;

CREATE TABLE `t_testbusiness_ui` (
  `id` bigint(11) NOT NULL AUTO_INCREMENT,
  `name` varchar(64) NOT NULL,
  `project_id` bigint(11) NOT NULL DEFAULT '-1',
  `close_browser` bigint(11) DEFAULT '1' COMMENT '执行完毕后是否关闭浏览器:1、关闭 0、不关闭',
  `timout_time` bigint(11) DEFAULT NULL COMMENT '超时时间，单位秒',
  `fail_continue` int(1) DEFAULT '0' COMMENT '失败了是否继续0：不继续，1：继续',
  `remark` text,
  `create_by` varchar(64) DEFAULT NULL,
  `update_by` varchar(64) DEFAULT NULL,
  `create_time` timestamp NULL DEFAULT CURRENT_TIMESTAMP,
  `update_time` timestamp NULL DEFAULT CURRENT_TIMESTAMP ON UPDATE CURRENT_TIMESTAMP,
  PRIMARY KEY (`id`)
) ENGINE=InnoDB AUTO_INCREMENT=10 DEFAULT CHARSET=utf8;

/*Data for the table `t_testbusiness_ui` */

insert  into `t_testbusiness_ui`(`id`,`name`,`project_id`,`close_browser`,`timout_time`,`fail_continue`,`remark`,`create_by`,`update_by`,`create_time`,`update_time`) values (1,'测试一下百度',1,NULL,121,0,'备注',NULL,'admin',NULL,NULL),(9,'测试Q',1,1,120,0,'测试Q','admin','admin','2019-05-20 17:54:49','2019-06-03 10:06:15');

/*Table structure for table `t_testcase_api` */

DROP TABLE IF EXISTS `t_testcase_api`;

CREATE TABLE `t_testcase_api` (
  `id` bigint(11) NOT NULL AUTO_INCREMENT,
  `name` varchar(64) NOT NULL,
  `env_id` bigint(12) DEFAULT NULL COMMENT '环境id',
  `before_excs` text COMMENT '前置执行器',
  `project_id` bigint(11) NOT NULL,
  `timout_time` bigint(11) DEFAULT NULL COMMENT '超时时间，单位分',
  `fail_continue` int(2) DEFAULT '0' COMMENT '失败了是否继续0：不继续，1：继续',
  `flags` varchar(128) DEFAULT '' COMMENT '标签',
  `params` text COMMENT '业务名参数',
  `case_vars` text COMMENT '用例内部参数',
  `case_type` int(2) DEFAULT '1' COMMENT '1,用例、2：业务',
  `remark` text COMMENT '备注',
  `create_by` varchar(64) DEFAULT 'system',
  `update_by` varchar(64) DEFAULT 'system',
  `create_time` timestamp NOT NULL DEFAULT CURRENT_TIMESTAMP,
  `update_time` timestamp NULL DEFAULT CURRENT_TIMESTAMP ON UPDATE CURRENT_TIMESTAMP,
  PRIMARY KEY (`id`),
  KEY `project_id` (`project_id`)
) ENGINE=InnoDB AUTO_INCREMENT=31 DEFAULT CHARSET=utf8;

/*Data for the table `t_testcase_api` */

insert  into `t_testcase_api`(`id`,`name`,`env_id`,`before_excs`,`project_id`,`timout_time`,`fail_continue`,`flags`,`params`,`case_vars`,`case_type`,`remark`,`create_by`,`update_by`,`create_time`,`update_time`) values (10,'公共登陆',NULL,NULL,1,2,0,'1','[{\"name\":\"账号\",\"description\":\"调用的第一个参数\"},{\"name\":\"密码\",\"description\":\"调用的第二个参数\"}]','[]',2,NULL,NULL,NULL,'2020-01-15 21:33:15','2020-03-13 20:09:17'),(30,'第一个用例1',1,'[]',1,1,0,'1','[]','[{\"description\":\"\",\"name\":\"正确的账号\",\"value\":\"admin\"},{\"description\":\"\",\"name\":\"正确的密码\",\"value\":\"admin1\"}]',1,'备注',NULL,NULL,'2020-03-02 14:10:15','2020-03-17 16:04:03');

/*Table structure for table `t_testcase_ui` */

DROP TABLE IF EXISTS `t_testcase_ui`;

CREATE TABLE `t_testcase_ui` (
  `id` bigint(11) NOT NULL AUTO_INCREMENT,
  `name` varchar(64) NOT NULL,
  `project_id` bigint(11) NOT NULL,
  `case_type` bigint(11) DEFAULT '1' COMMENT '1: UI 2: APP 3:接口',
  `remark` text COMMENT '备注',
  `create_by` varchar(64) DEFAULT NULL,
  `update_by` varchar(64) DEFAULT NULL,
  `create_time` timestamp NULL DEFAULT CURRENT_TIMESTAMP,
  `update_time` timestamp NULL DEFAULT CURRENT_TIMESTAMP ON UPDATE CURRENT_TIMESTAMP,
  PRIMARY KEY (`id`)
) ENGINE=InnoDB AUTO_INCREMENT=7 DEFAULT CHARSET=utf8;

/*Data for the table `t_testcase_ui` */

insert  into `t_testcase_ui`(`id`,`name`,`project_id`,`case_type`,`remark`,`create_by`,`update_by`,`create_time`,`update_time`) values (1,'登陆',1,NULL,'登陆1',NULL,'admin',NULL,NULL),(5,'百度一下',1,1,'百度','admin','admin','2019-05-20 17:48:11','2019-06-02 17:34:27'),(6,'登录',4,NULL,'2131',NULL,'admin',NULL,NULL);

/*Table structure for table `t_testcase_ui_new` */

DROP TABLE IF EXISTS `t_testcase_ui_new`;

CREATE TABLE `t_testcase_ui_new` (
  `id` bigint(11) NOT NULL AUTO_INCREMENT,
  `name` varchar(64) NOT NULL,
  `project_id` bigint(11) NOT NULL,
  `timout_time` bigint(11) DEFAULT NULL COMMENT '超时时间，单位分',
  `fail_continue` int(2) DEFAULT '0' COMMENT '失败了是否继续0：不继续，1：继续',
  `flags` varchar(128) DEFAULT '' COMMENT '标签',
  `params` text COMMENT '业务名参数',
  `case_vars` text COMMENT '用例内部参数',
  `case_type` bigint(11) DEFAULT '1' COMMENT '1,用例、2：业务',
  `remark` text COMMENT '备注',
  `create_by` varchar(64) DEFAULT 'system',
  `update_by` varchar(64) DEFAULT 'system',
  `create_time` timestamp NOT NULL DEFAULT CURRENT_TIMESTAMP,
  `update_time` timestamp NULL DEFAULT CURRENT_TIMESTAMP ON UPDATE CURRENT_TIMESTAMP,
  PRIMARY KEY (`id`)
) ENGINE=InnoDB AUTO_INCREMENT=28 DEFAULT CHARSET=utf8;

/*Data for the table `t_testcase_ui_new` */

insert  into `t_testcase_ui_new`(`id`,`name`,`project_id`,`timout_time`,`fail_continue`,`flags`,`params`,`case_vars`,`case_type`,`remark`,`create_by`,`update_by`,`create_time`,`update_time`) values (10,'公共登陆',1,2,0,'','[{\"name\":\"账号\",\"description\":\"调用的第一个参数\"},{\"name\":\"密码\",\"description\":\"调用的第二个参数\"}]','[{\"name\":\"账号\",\"value\":\"业务账号\",\"description\":\"\"},{\"name\":\"密码\",\"value\":\"业务密码\",\"description\":\"\"}]',2,NULL,NULL,NULL,'2020-01-15 21:33:15','2020-03-16 17:47:52'),(22,'新建用例',1,1,0,'','','[{\"name\":\"url\",\"value\":\"https://www.baidu.com\",\"description\":\"\"},{\"name\":\"第一个\",\"value\":\"abcd12#$\",\"description\":\"\"}]',1,NULL,NULL,NULL,'2020-03-02 15:59:47','2020-03-20 12:49:03'),(27,'测试el下拉',1,1,0,'','','[]',1,NULL,NULL,NULL,'2020-03-25 14:25:51','2020-03-25 14:31:45');

/*Table structure for table `t_testsuite_api` */

DROP TABLE IF EXISTS `t_testsuite_api`;

CREATE TABLE `t_testsuite_api` (
  `id` bigint(11) NOT NULL AUTO_INCREMENT,
  `name` varchar(64) NOT NULL,
  `project_id` bigint(11) NOT NULL DEFAULT '-1',
  `create_by` varchar(64) DEFAULT NULL,
  `update_by` varchar(64) DEFAULT NULL,
  `create_time` timestamp NOT NULL DEFAULT CURRENT_TIMESTAMP,
  `update_time` timestamp NULL DEFAULT CURRENT_TIMESTAMP ON UPDATE CURRENT_TIMESTAMP,
  PRIMARY KEY (`id`)
) ENGINE=InnoDB AUTO_INCREMENT=10 DEFAULT CHARSET=utf8;

/*Data for the table `t_testsuite_api` */

insert  into `t_testsuite_api`(`id`,`name`,`project_id`,`create_by`,`update_by`,`create_time`,`update_time`) values (9,'一个用例集',1,'admin','admin','2020-02-27 21:13:23','2020-02-27 21:13:23');

/*Table structure for table `t_testsuite_api_result` */

DROP TABLE IF EXISTS `t_testsuite_api_result`;

CREATE TABLE `t_testsuite_api_result` (
  `id` bigint(18) NOT NULL AUTO_INCREMENT,
  `plan_log_id` bigint(18) DEFAULT NULL COMMENT '日志id',
  `suite_id` bigint(18) DEFAULT NULL COMMENT '用例集id',
  `suite_name` varchar(64) DEFAULT NULL COMMENT '用例集名称',
  `status` int(2) DEFAULT NULL COMMENT '执行状态 0成功 1失败 2跳过',
  `case_total_count` int(8) DEFAULT '0' COMMENT '用例总数',
  `case_succ_count` int(8) DEFAULT '0' COMMENT '成功数',
  `case_fail_count` int(8) DEFAULT '0' COMMENT '失败数',
  `case_skip_count` int(8) DEFAULT '0' COMMENT '跳过数',
  `end_time` datetime(3) DEFAULT NULL COMMENT '结束时间',
  `remark` varchar(50) DEFAULT NULL COMMENT '备注',
  `create_time` timestamp(3) NOT NULL DEFAULT CURRENT_TIMESTAMP(3) COMMENT 'createTime',
  PRIMARY KEY (`id`),
  KEY `plan_log_id` (`plan_log_id`)
) ENGINE=InnoDB AUTO_INCREMENT=5 DEFAULT CHARSET=utf8;

/*Data for the table `t_testsuite_api_result` */

insert  into `t_testsuite_api_result`(`id`,`plan_log_id`,`suite_id`,`suite_name`,`status`,`case_total_count`,`case_succ_count`,`case_fail_count`,`case_skip_count`,`end_time`,`remark`,`create_time`) values (1,1,9,'一个用例集',1,1,0,1,0,'2020-03-03 17:48:44.871',NULL,'2020-03-03 17:48:43.074'),(2,1,9,'一个用例集',1,1,0,1,0,'2020-03-03 17:48:47.340',NULL,'2020-03-03 17:48:44.876'),(3,2,9,'一个用例集',1,1,0,1,0,'2020-03-11 11:31:12.205',NULL,'2020-03-11 11:31:10.834'),(4,2,9,'一个用例集',1,1,0,1,0,'2020-03-11 11:31:13.410',NULL,'2020-03-11 11:31:12.218');

/*Table structure for table `t_testsuite_ui` */

DROP TABLE IF EXISTS `t_testsuite_ui`;

CREATE TABLE `t_testsuite_ui` (
  `id` bigint(11) NOT NULL AUTO_INCREMENT,
  `name` varchar(64) NOT NULL,
  `project_id` bigint(11) NOT NULL DEFAULT '-1',
  `create_by` varchar(64) DEFAULT NULL,
  `update_by` varchar(64) DEFAULT NULL,
  `create_time` timestamp NOT NULL DEFAULT CURRENT_TIMESTAMP,
  `update_time` timestamp NULL DEFAULT CURRENT_TIMESTAMP ON UPDATE CURRENT_TIMESTAMP,
  PRIMARY KEY (`id`)
) ENGINE=InnoDB AUTO_INCREMENT=9 DEFAULT CHARSET=utf8;

/*Data for the table `t_testsuite_ui` */

insert  into `t_testsuite_ui`(`id`,`name`,`project_id`,`create_by`,`update_by`,`create_time`,`update_time`) values (8,'随便建一个用例集',1,'admin','admin','2019-11-27 15:06:43','2019-11-27 15:06:43');

/*Table structure for table `t_token` */

DROP TABLE IF EXISTS `t_token`;

CREATE TABLE `t_token` (
  `id` varchar(36) NOT NULL COMMENT 'token',
  `val` text NOT NULL COMMENT 'LoginUser的json串',
  `expireTime` datetime NOT NULL,
  `createTime` datetime NOT NULL,
  `updateTime` datetime NOT NULL,
  PRIMARY KEY (`id`)
) ENGINE=InnoDB DEFAULT CHARSET=utf8mb4;

/*Data for the table `t_token` */

insert  into `t_token`(`id`,`val`,`expireTime`,`createTime`,`updateTime`) values ('df7d6235-bcf4-4461-ab32-46bcb6c5b5e8','{\"accountNonExpired\":true,\"accountNonLocked\":true,\"authorities\":[],\"birthday\":899222400000,\"createTime\":1491808898000,\"credentialsNonExpired\":true,\"email\":\"1314@163.com\",\"enabled\":true,\"expireTime\":1557317557882,\"id\":1,\"loginTime\":1557310357882,\"nickname\":\"超级管理员\",\"password\":\"$2a$10$h/EuvQwXor9o4/BIXFZKP.VDVJuZCSLDvQBzdeh.mlgDVjMT7jJ6m\",\"permissions\":[{\"children\":[{\"children\":[{\"activeMenu\":\"/uiTest/testCase\",\"children\":[],\"component\":\"uiTest/UITestCase/list\",\"createTime\":1557310357772,\"icon\":\"\",\"id\":34,\"name\":\"用例列表\",\"parentId\":32,\"path\":\"list\",\"permission\":\"\",\"sort\":0,\"type\":3,\"updateTime\":1557310357772},{\"activeMenu\":\"/uiTest/testCase\",\"children\":[],\"component\":\"uiTest/UITestCase/TestStep\",\"createTime\":1557310357772,\"icon\":\"\",\"id\":33,\"name\":\"用例步骤\",\"parentId\":32,\"path\":\"step\",\"permission\":\"\",\"sort\":1,\"type\":3,\"updateTime\":1557310357772}],\"component\":\"uiTest/UITestCase/index\",\"createTime\":1557310357772,\"icon\":\"\",\"id\":32,\"name\":\"用例管理\",\"parentId\":27,\"path\":\"testCase\",\"permission\":\"\",\"redirect\":\"/uiTest/testCase/list\",\"sort\":0,\"type\":1,\"updateTime\":1557310357772},{\"activeMenu\":\"\",\"children\":[{\"activeMenu\":\"/uiTest/business\",\"children\":[],\"component\":\"uiTest/UIBusiness/list\",\"createTime\":1557310357772,\"icon\":\"\",\"id\":36,\"name\":\"业务流列表\",\"parentId\":35,\"path\":\"list\",\"permission\":\"\",\"redirect\":\"\",\"sort\":0,\"type\":3,\"updateTime\":1557310357772},{\"activeMenu\":\"/uiTest/business\",\"children\":[],\"component\":\"uiTest/UIBusiness/UIBusinessCase\",\"createTime\":1557310357773,\"icon\":\"\",\"id\":37,\"name\":\"业务流用例\",\"parentId\":35,\"path\":\"uiBusinessCase\",\"permission\":\"\",\"redirect\":\"\",\"sort\":1,\"type\":3,\"updateTime\":1557310357773}],\"component\":\"uiTest/UIBusiness/index\",\"createTime\":1557310357772,\"icon\":\"\",\"id\":35,\"name\":\"业务流管理\",\"parentId\":27,\"path\":\"business\",\"permission\":\"\",\"redirect\":\"/uiTest/business/list\",\"sort\":1,\"type\":1,\"updateTime\":1557310357772}],\"component\":\"Layout\",\"createTime\":1557310357772,\"icon\":\"ui60\",\"id\":27,\"name\":\"UI自动化\",\"parentId\":0,\"path\":\"/uiTest\",\"permission\":\"\",\"sort\":0,\"type\":4,\"updateTime\":1557310357772},{\"children\":[{\"children\":[{\"children\":[],\"component\":\"publicConfig/autoTestTask/autoTestTask\",\"createTime\":1557310357772,\"icon\":\"\",\"id\":38,\"name\":\"任务调度列表\",\"parentId\":26,\"path\":\"list\",\"permission\":\"\",\"sort\":0,\"type\":3,\"updateTime\":1557310357772}],\"component\":\"publicConfig/autoTestTask/index\",\"createTime\":1557310357772,\"icon\":\"\",\"id\":26,\"name\":\"任务调度\",\"parentId\":25,\"path\":\"autoTestTask\",\"permission\":\"\",\"redirect\":\"/publicConfig/autoTestTask/list\",\"sort\":0,\"type\":1,\"updateTime\":1557310357772},{\"activeMenu\":\"\",\"children\":[],\"component\":\"publicConfig/client/client\",\"createTime\":1557310357774,\"icon\":\"\",\"id\":39,\"name\":\"执行机管理\",\"parentId\":25,\"path\":\"client\",\"permission\":\"\",\"redirect\":\"\",\"sort\":1,\"type\":1,\"updateTime\":1557310357774}],\"component\":\"Layout\",\"createTime\":1557310357774,\"icon\":\"peoples\",\"id\":25,\"name\":\"公共配置\",\"parentId\":0,\"path\":\"/publicConfig\",\"permission\":\"\",\"sort\":4,\"type\":4,\"updateTime\":1557310357774},{\"children\":[{\"children\":[],\"component\":\"sysConfig/User\",\"createTime\":1557310357771,\"icon\":\"\",\"id\":6,\"name\":\"用户管理\",\"parentId\":5,\"path\":\"user\",\"permission\":\"\",\"sort\":0,\"type\":1,\"updateTime\":1557310357771},{\"children\":[],\"component\":\"sysConfig/Role/role\",\"createTime\":1557310357772,\"icon\":\"\",\"id\":7,\"name\":\"角色管理\",\"parentId\":5,\"path\":\"role\",\"permission\":\"\",\"sort\":1,\"type\":1,\"updateTime\":1557310357772},{\"children\":[],\"component\":\"sysConfig/Page\",\"createTime\":1557310357774,\"icon\":\"\",\"id\":8,\"name\":\"菜单管理\",\"parentId\":5,\"path\":\"page\",\"permission\":\"\",\"sort\":2,\"type\":1,\"updateTime\":1557310357774},{\"children\":[],\"component\":\"sysConfig/Project\",\"createTime\":1557310357774,\"icon\":\"\",\"id\":18,\"name\":\"项目管理\",\"parentId\":5,\"path\":\"project\",\"permission\":\"\",\"sort\":3,\"type\":1,\"updateTime\":1557310357774},{\"children\":[],\"component\":\"sysConfig/sysTask\",\"createTime\":1557310357774,\"icon\":\"\",\"id\":17,\"name\":\"定时任务\",\"parentId\":5,\"path\":\"task\",\"permission\":\"\",\"sort\":4,\"type\":1,\"updateTime\":1557310357774},{\"children\":[],\"component\":\"sysConfig/SysLog\",\"createTime\":1557310357774,\"icon\":\"\",\"id\":13,\"name\":\"系统日志\",\"parentId\":5,\"path\":\"log\",\"permission\":\"\",\"sort\":5,\"type\":1,\"updateTime\":1557310357774},{\"children\":[],\"component\":\"sysConfig/sysDict\",\"createTime\":1557310357774,\"icon\":\"\",\"id\":22,\"name\":\"数据字典\",\"parentId\":5,\"path\":\"dict\",\"permission\":\"\",\"sort\":6,\"type\":1,\"updateTime\":1557310357774}],\"component\":\"Layout\",\"createTime\":1557310357775,\"icon\":\"config\",\"id\":5,\"name\":\"系统设置\",\"parentId\":0,\"path\":\"/sysConfig\",\"permission\":\"\",\"sort\":20,\"type\":4,\"updateTime\":1557310357775}],\"phone\":\"\",\"sex\":0,\"status\":1,\"telephone\":\"\",\"token\":\"df7d6235-bcf4-4461-ab32-46bcb6c5b5e8\",\"updateTime\":1552577575000,\"username\":\"admin\"}','2019-05-08 20:12:38','2019-05-08 18:12:38','2019-05-08 18:12:38');

/*!40101 SET SQL_MODE=@OLD_SQL_MODE */;
/*!40014 SET FOREIGN_KEY_CHECKS=@OLD_FOREIGN_KEY_CHECKS */;
/*!40014 SET UNIQUE_CHECKS=@OLD_UNIQUE_CHECKS */;
/*!40111 SET SQL_NOTES=@OLD_SQL_NOTES */;
